geo,distance_to_water,elevation,flooded,forest_loss,landcover,rainfall
"{'type': 'Point', 'coordinates': [5.322518058408165, 10.667493998919317]}",150.0,312,0,1,40,11662.00595661685
"{'type': 'Point', 'coordinates': [7.927632382354777, 8.286958496002585]}",90.0,159,0,1,40,12515.079331327173
"{'type': 'Point', 'coordinates': [6.714906748793423, 12.059882689304576]}",84.8528137423857,466,0,0,40,10257.065069868007
"{'type': 'Point', 'coordinates': [6.220833342527686, 10.84715705574322]}",512.6402247190518,432,0,1,20,12344.863036361203
"{'type': 'Point', 'coordinates': [5.547096879438045, 12.104798453510552]}",212.13203435596427,293,0,0,40,8252.882860411042
"{'type': 'Point', 'coordinates': [7.43355897608904, 7.882716618148801]}",108.16653826391968,177,0,1,10,13637.440976371567
"{'type': 'Point', 'coordinates': [9.814094479005773, 10.128504828447605]}",182.48287590894657,566,0,0,40,10799.543868820198
"{'type': 'Point', 'coordinates': [5.726759936261949, 10.712409763125294]}",318.9043743820395,390,0,0,40,11770.632641970964
"{'type': 'Point', 'coordinates': [7.882716618148801, 8.242042731796609]}",123.69316876852982,115,0,0,40,12108.409542124251
"{'type': 'Point', 'coordinates': [9.454768365357964, 9.993757535829676]}",335.4101966249685,766,0,0,30,12485.88373244126
"{'type': 'Point', 'coordinates': [7.882716618148801, 8.646284609650394]}",152.97058540778355,237,0,1,40,13128.906935927102
"{'type': 'Point', 'coordinates': [11.251398933597006, 9.679347186387844]}",94.86832980505139,438,0,0,20,10616.43345901588
"{'type': 'Point', 'coordinates': [3.705550546993026, 11.341230462008959]}",152.97058540778355,202,0,0,40,11158.101872480198
"{'type': 'Point', 'coordinates': [3.615719018581074, 7.568306268706968]}",318.9043743820395,169,0,1,30,12871.91231857374
"{'type': 'Point', 'coordinates': [9.679347186387844, 7.792885089736849]}",201.24611797498108,149,0,0,40,12557.801956272815
"{'type': 'Point', 'coordinates': [5.7716757004679256, 8.152211203384658]}",60.0,353,0,1,10,13813.391804670131
"{'type': 'Point', 'coordinates': [5.816591464673902, 8.062379674972705]}",108.16653826391968,379,0,1,10,13930.981114488357
"{'type': 'Point', 'coordinates': [6.759822512999399, 12.194629981922503]}",94.86832980505139,452,0,0,40,10044.636606679738
"{'type': 'Point', 'coordinates': [4.109792424846811, 10.442915177889438]}",30.0,244,0,1,20,11507.376522005812
"{'type': 'Point', 'coordinates': [5.187770765790236, 7.343727447677088]}",420.0,414,0,1,10,14898.263499557972
"{'type': 'Point', 'coordinates': [3.8852136038169305, 10.84715705574322]}",247.38633753705963,273,0,0,20,11876.328715900918
"{'type': 'Point', 'coordinates': [5.277602294202189, 10.712409763125294]}",182.48287590894657,252,0,0,40,11704.22338628972
"{'type': 'Point', 'coordinates': [7.927632382354777, 5.3674338226141405]}",67.0820393249937,50,0,0,10,25232.968314126134
"{'type': 'Point', 'coordinates': [7.298811683471112, 9.275105308534059]}",30.0,507,0,1,40,14356.717775162959
"{'type': 'Point', 'coordinates': [6.894569805617327, 10.532746706301388]}",228.47319317591726,589,0,1,20,12510.181957992376
"{'type': 'Point', 'coordinates': [11.565809283038838, 7.8378008539428246]}",563.6488268416781,321,0,0,10,18316.555150456086
"{'type': 'Point', 'coordinates': [5.95133875729183, 7.927632382354777]}",234.30749027719963,415,0,1,10,13807.426881567138
"{'type': 'Point', 'coordinates': [3.4360559617571695, 8.511537317032467]}",134.1640786499874,347,0,1,20,11583.166415215288
"{'type': 'Point', 'coordinates': [7.972548146560753, 9.364936836946011]}",134.1640786499874,662,0,0,40,15507.851560241561
"{'type': 'Point', 'coordinates': [5.592012643644021, 10.353083649477485]}",152.97058540778355,326,0,1,40,12499.198851723831
"{'type': 'Point', 'coordinates': [6.5352436919695185, 8.062379674972705]}",108.16653826391968,138,0,1,20,12040.384804384743
"{'type': 'Point', 'coordinates': [10.487830942095414, 9.814094479005773]}",540.0,316,0,0,30,9583.989236795896
"{'type': 'Point', 'coordinates': [5.861507228879877, 6.6699909845874465]}",502.8916384272063,242,0,0,10,17317.064512876677
"{'type': 'Point', 'coordinates': [4.4691185384946195, 9.320021072740035]}",90.0,167,0,1,20,11609.015178329837
"{'type': 'Point', 'coordinates': [5.3674338226141405, 10.218336356859556]}",120.0,338,0,1,40,12064.520548728358
"{'type': 'Point', 'coordinates': [7.568306268706968, 12.91328220921812]}",67.0820393249937,536,0,0,40,7358.26438494892
"{'type': 'Point', 'coordinates': [6.355580635145614, 11.431061990420911]}",408.0441152620633,503,0,0,40,10452.398511882724
"{'type': 'Point', 'coordinates': [8.736116138062346, 5.412349586820117]}",371.0795063055894,165,0,0,10,28828.5106353648
"{'type': 'Point', 'coordinates': [7.253895919265136, 10.98190434836115]}",94.86832980505139,646,0,0,40,10792.893042871321
"{'type': 'Point', 'coordinates': [8.331874260208561, 8.421705788620514]}",42.42640687119285,148,0,0,40,13451.589639155784
"{'type': 'Point', 'coordinates': [7.882716618148801, 6.714906748793423]}",258.0697580112788,126,0,0,10,15560.608875568721
"{'type': 'Point', 'coordinates': [3.8852136038169305, 7.882716618148801]}",189.73665961010278,262,0,1,40,11616.762302860152
"{'type': 'Point', 'coordinates': [10.218336356859556, 9.140358015916132]}",300.0,237,0,0,30,10046.16217247257
"{'type': 'Point', 'coordinates': [6.8047382772053755, 7.972548146560753]}",30.0,42,1,1,10,12735.749629418831
"{'type': 'Point', 'coordinates': [5.232686529996212, 6.849654041411351]}",566.0388679233962,153,0,0,10,17991.119634555653
"{'type': 'Point', 'coordinates': [8.91577919488625, 9.050526487504179]}",212.13203435596427,755,0,1,10,13190.872980293294
"{'type': 'Point', 'coordinates': [4.154708189052787, 9.050526487504179]}",210.0,432,0,0,20,11095.974908571108
"{'type': 'Point', 'coordinates': [12.194629981922503, 9.005610723298203]}",258.0697580112788,300,0,0,40,11071.6433404231
"{'type': 'Point', 'coordinates': [8.91577919488625, 7.20898015505916]}",216.33307652783935,143,0,0,40,12734.550477100602
"{'type': 'Point', 'coordinates': [10.218336356859556, 10.308167885271509]}",247.38633753705963,457,0,0,40,9587.375384576964
"{'type': 'Point', 'coordinates': [9.49968412956394, 6.625075220381471]}",189.73665961010278,432,0,1,10,22825.296678711027
"{'type': 'Point', 'coordinates': [11.026820112567126, 11.251398933597006]}",384.1874542459709,467,0,0,40,8419.13665195553
"{'type': 'Point', 'coordinates': [6.086086049909758, 10.083589064241629]}",134.1640786499874,248,0,0,40,11408.915426176507
"{'type': 'Point', 'coordinates': [13.092945266042026, 10.84715705574322]}",577.0615218501403,451,0,0,30,10312.244794072936
"{'type': 'Point', 'coordinates': [3.4360559617571695, 8.69120037385637]}",60.0,406,0,0,20,11356.382157827658
"{'type': 'Point', 'coordinates': [5.681844172055973, 10.038673300035653]}",318.9043743820395,169,0,1,40,12816.971532380576
"{'type': 'Point', 'coordinates': [14.0810920785735, 12.194629981922503]}",371.0795063055894,290,0,0,30,7064.531774653296
"{'type': 'Point', 'coordinates': [12.059882689304576, 10.442915177889438]}",67.0820393249937,563,0,0,30,11888.688827335933
"{'type': 'Point', 'coordinates': [9.49968412956394, 7.20898015505916]}",90.0,192,0,0,40,16071.30153266294
"{'type': 'Point', 'coordinates': [6.894569805617327, 9.634431422181867]}",120.0,416,0,0,40,13661.657915411926
"{'type': 'Point', 'coordinates': [9.185273780122108, 7.747969325530873]}",108.16653826391968,173,0,1,40,12075.156544878677
"{'type': 'Point', 'coordinates': [4.963191944760356, 7.074232862441232]}",590.9314681077662,221,0,1,10,16633.663926659152
"{'type': 'Point', 'coordinates': [4.244539717464739, 11.116651640979079]}",42.42640687119285,237,0,1,40,10586.69711399906
"{'type': 'Point', 'coordinates': [9.993757535829676, 8.556453081238441]}",94.86832980505139,143,0,0,40,11102.808591143359
"{'type': 'Point', 'coordinates': [5.502181115232069, 10.442915177889438]}",94.86832980505139,355,0,0,40,12493.04156976156
"{'type': 'Point', 'coordinates': [5.547096879438045, 5.861507228879877]}",30.0,12,0,0,95,24557.352405443788
"{'type': 'Point', 'coordinates': [3.9301293680229064, 10.128504828447605]}",268.3281572999748,294,0,0,30,12170.738041507691
"{'type': 'Point', 'coordinates': [8.69120037385637, 11.20648316939103]}",108.16653826391968,582,0,0,20,10304.685184601658
"{'type': 'Point', 'coordinates': [11.251398933597006, 10.263252121065532]}",152.97058540778355,391,0,0,40,8985.826202297132
"{'type': 'Point', 'coordinates': [5.097939237378284, 7.8378008539428246]}",108.16653826391968,516,0,1,10,14969.000754453678
"{'type': 'Point', 'coordinates': [7.613222032912945, 4.6038658311125475]}",60.0,12,0,1,10,28603.600714650936
"{'type': 'Point', 'coordinates': [13.542102908101786, 10.667493998919317]}",391.15214431215895,656,0,1,40,10294.244779404584
"{'type': 'Point', 'coordinates': [5.097939237378284, 11.116651640979079]}",123.69316876852982,293,0,0,40,11247.181083069121
"{'type': 'Point', 'coordinates': [9.230189544328082, 10.712409763125294]}",456.9463863518345,608,0,1,20,13239.334349929286
"{'type': 'Point', 'coordinates': [9.9488417716237, 8.286958496002585]}",0.0,104,1,1,10,10424.059340341708
"{'type': 'Point', 'coordinates': [4.334371245876691, 11.296314697802982]}",60.0,156,0,0,40,10336.643724460831
"{'type': 'Point', 'coordinates': [7.298811683471112, 9.49968412956394]}",152.97058540778355,530,0,0,40,14727.515666948539
"{'type': 'Point', 'coordinates': [5.097939237378284, 11.925135396686647]}",174.92855684535903,286,0,1,20,8778.686648040793
"{'type': 'Point', 'coordinates': [10.218336356859556, 9.769178714799796]}",483.73546489791295,394,0,1,20,11041.235807796184
"{'type': 'Point', 'coordinates': [7.164064390853183, 11.386146226214935]}",30.0,701,0,0,40,10161.928568647294
"{'type': 'Point', 'coordinates': [6.265749106733662, 8.736116138062346]}",0.0,53,1,0,30,12048.286461941207
"{'type': 'Point', 'coordinates': [3.705550546993026, 6.984401334029279]}",240.0,112,0,1,10,14758.67129336344
"{'type': 'Point', 'coordinates': [5.726759936261949, 11.341230462008959]}",305.9411708155671,444,0,0,40,10810.49976944332
"{'type': 'Point', 'coordinates': [4.828444652142428, 9.993757535829676]}",123.69316876852982,271,0,0,40,11625.982966133328
"{'type': 'Point', 'coordinates': [13.991260550161547, 11.88021963248067]}",465.72524088780074,299,0,0,30,6596.392547071435
"{'type': 'Point', 'coordinates': [4.424202774288643, 7.927632382354777]}",90.0,395,0,1,10,14049.780292264244
"{'type': 'Point', 'coordinates': [7.074232862441232, 8.062379674972705]}",94.86832980505139,214,0,0,10,12131.668178328004
"{'type': 'Point', 'coordinates': [3.750466311199002, 8.331874260208561]}",60.0,320,0,0,10,13400.914736187038
"{'type': 'Point', 'coordinates': [5.142855001584261, 9.275105308534059]}",84.8528137423857,158,0,0,40,11080.599734190673
"{'type': 'Point', 'coordinates': [4.244539717464739, 6.490327927763542]}",42.42640687119285,15,0,1,10,18204.69758850502
"{'type': 'Point', 'coordinates': [4.783528887936452, 8.421705788620514]}",123.69316876852982,375,0,1,20,13668.720510283216
"{'type': 'Point', 'coordinates': [7.747969325530873, 4.783528887936452]}",108.16653826391968,40,0,1,10,25612.233670869842
"{'type': 'Point', 'coordinates': [10.622578234713341, 9.409852601151988]}",308.86890422961005,217,0,0,40,9807.7184067575
"{'type': 'Point', 'coordinates': [5.861507228879877, 6.5352436919695185]}",417.85164831552356,131,0,1,10,17990.989336252213
"{'type': 'Point', 'coordinates': [10.173420592653581, 10.038673300035653]}",318.9043743820395,572,0,1,20,10565.428136642673
"{'type': 'Point', 'coordinates': [8.46662155282649, 8.46662155282649]}",108.16653826391968,166,0,0,40,13755.460551444587
"{'type': 'Point', 'coordinates': [4.828444652142428, 6.939485569823304]}",469.5742752749559,218,0,1,10,17605.16841546446
"{'type': 'Point', 'coordinates': [9.49968412956394, 7.343727447677088]}",94.86832980505139,157,0,0,40,14963.523258423375
"{'type': 'Point', 'coordinates': [5.547096879438045, 5.7716757004679256]}",0.0,7,0,0,95,25943.75676059723
"{'type': 'Point', 'coordinates': [10.353083649477485, 6.939485569823304]}",210.0,863,0,0,10,25585.63429075587
"{'type': 'Point', 'coordinates': [7.298811683471112, 9.364936836946011]}",67.0820393249937,528,0,1,40,14362.211332273755
"{'type': 'Point', 'coordinates': [9.544599893769915, 8.870863430680274]}",0.0,199,0,0,40,12009.218460691773
"{'type': 'Point', 'coordinates': [9.230189544328082, 9.634431422181867]}",161.55494421403512,1002,0,0,20,11952.633888362732
"{'type': 'Point', 'coordinates': [12.059882689304576, 11.026820112567126]}",331.36083051561786,545,0,0,30,9363.319210269416
"{'type': 'Point', 'coordinates': [4.019960896434859, 10.442915177889438]}",67.0820393249937,263,0,1,20,11935.427444539264
"{'type': 'Point', 'coordinates': [6.759822512999399, 8.197126967590634]}",30.0,107,0,1,10,11950.984442166728
"{'type': 'Point', 'coordinates': [3.2114771407272893, 8.646284609650394]}",94.86832980505139,382,0,0,20,11907.947960303172
"{'type': 'Point', 'coordinates': [4.963191944760356, 12.059882689304576]}",60.0,238,0,1,40,8281.518858938778
"{'type': 'Point', 'coordinates': [12.509040331364336, 11.520893518832862]}",494.77267507411926,384,0,0,30,8611.42694200814
"{'type': 'Point', 'coordinates': [12.0149669250986, 9.993757535829676]}",150.0,206,0,0,40,9412.189169162419
"{'type': 'Point', 'coordinates': [8.286958496002585, 5.681844172055973]}",180.0,149,0,0,10,25488.901784632355
"{'type': 'Point', 'coordinates': [6.5352436919695185, 12.059882689304576]}",84.8528137423857,479,0,0,40,10066.422570015067
"{'type': 'Point', 'coordinates': [12.104798453510552, 8.152211203384658]}",469.5742752749559,497,0,0,40,13782.825604837954
"{'type': 'Point', 'coordinates': [3.256392904933265, 6.849654041411351]}",212.13203435596427,20,0,1,10,15523.381763028308
"{'type': 'Point', 'coordinates': [10.397999413683461, 8.601368845444417]}",42.42640687119285,110,0,0,40,10927.05937114167
"{'type': 'Point', 'coordinates': [5.547096879438045, 6.086086049909758]}",67.0820393249937,28,0,0,10,22407.18686727062
"{'type': 'Point', 'coordinates': [6.984401334029279, 12.553956095570312]}",240.0,429,0,0,40,8091.634986879254
"{'type': 'Point', 'coordinates': [5.861507228879877, 9.005610723298203]}",30.0,98,0,0,40,11534.723784740589
"{'type': 'Point', 'coordinates': [8.69120037385637, 10.577662470507365]}",192.09372712298546,799,0,0,40,13488.207978277467
"{'type': 'Point', 'coordinates': [7.074232862441232, 7.388643211883064]}",240.0,321,0,0,10,13268.284579507075
"{'type': 'Point', 'coordinates': [2.8521510270794805, 6.714906748793423]}",180.0,69,0,1,10,14088.848722172072
"{'type': 'Point', 'coordinates': [11.79038810406872, 10.128504828447605]}",192.09372712298546,221,0,0,20,9454.56187475333
"{'type': 'Point', 'coordinates': [11.475977754626888, 8.870863430680274]}",284.60498941515414,277,0,0,40,12235.236594744889
"{'type': 'Point', 'coordinates': [6.580159456175495, 10.802241291537246]}",318.9043743820395,487,0,0,20,12571.558476356935
"{'type': 'Point', 'coordinates': [9.9488417716237, 8.062379674972705]}",60.0,150,0,0,20,11285.232342358335
"{'type': 'Point', 'coordinates': [7.20898015505916, 9.050526487504179]}",120.0,337,0,1,40,13480.286087665989
"{'type': 'Point', 'coordinates': [5.187770765790236, 10.936988584155173]}",108.16653826391968,319,0,0,40,11584.959641442758
"{'type': 'Point', 'coordinates': [6.625075220381471, 9.903926007417724]}",42.42640687119285,248,0,0,40,11769.067556943883
"{'type': 'Point', 'coordinates': [6.625075220381471, 8.69120037385637]}",134.1640786499874,149,0,1,20,11869.465605117337
"{'type': 'Point', 'coordinates': [6.759822512999399, 5.681844172055973]}",30.0,22,0,1,10,23715.617083351128
"{'type': 'Point', 'coordinates': [7.478474740295016, 10.173420592653581]}",90.0,562,0,1,20,13102.719255618053
"{'type': 'Point', 'coordinates': [8.601368845444417, 8.062379674972705]}",189.73665961010278,152,0,0,20,12692.861340742324
"{'type': 'Point', 'coordinates': [5.816591464673902, 10.263252121065532]}",313.20919526731655,272,0,0,40,11912.187323011563
"{'type': 'Point', 'coordinates': [3.3462244333452174, 7.119148626647208]}",108.16653826391968,79,0,1,50,11894.898846952477
"{'type': 'Point', 'coordinates': [10.667493998919317, 8.511537317032467]}",120.0,188,0,0,40,12507.022681405815
"{'type': 'Point', 'coordinates': [3.570803254375098, 9.903926007417724]}",530.7541803886239,339,0,0,20,13332.159848735853
"{'type': 'Point', 'coordinates': [4.379287010082667, 7.747969325530873]}",150.0,293,0,1,10,13665.55573035346
"{'type': 'Point', 'coordinates': [7.119148626647208, 7.568306268706968]}",216.33307652783935,349,0,1,10,13505.903599314013
"{'type': 'Point', 'coordinates': [8.242042731796609, 6.17591757832171]}",67.0820393249937,53,0,0,40,19646.253906860948
"{'type': 'Point', 'coordinates': [8.601368845444417, 9.230189544328082]}",127.27922061357854,575,0,1,30,13257.603760429693
"{'type': 'Point', 'coordinates': [11.520893518832862, 11.071735876773102]}",240.0,321,0,0,40,7859.711167684807
"{'type': 'Point', 'coordinates': [8.556453081238441, 9.634431422181867]}",108.16653826391968,924,0,0,40,13771.835914728967
"{'type': 'Point', 'coordinates': [9.679347186387844, 8.017463910766729]}",90.0,148,0,0,20,10805.546869248665
"{'type': 'Point', 'coordinates': [3.5258874901691217, 8.870863430680274]}",169.7056274847714,415,0,0,20,12103.423667539671
"{'type': 'Point', 'coordinates': [4.424202774288643, 9.230189544328082]}",134.1640786499874,226,0,1,20,11011.435590080766
"{'type': 'Point', 'coordinates': [11.970051160892623, 8.511537317032467]}",510.8815909777921,507,0,0,40,13666.512286097019
"{'type': 'Point', 'coordinates': [7.253895919265136, 5.95133875729183]}",335.4101966249685,156,0,1,10,19221.723998364294
"{'type': 'Point', 'coordinates': [5.053023473172308, 5.861507228879877]}",30.0,6,0,1,95,23765.89673722908
"{'type': 'Point', 'coordinates': [10.892072819949197, 7.164064390853183]}",210.0,709,0,1,10,22832.493022704788
"{'type': 'Point', 'coordinates': [11.296314697802982, 10.712409763125294]}",150.0,450,0,1,40,8612.30545435392
"{'type': 'Point', 'coordinates': [9.544599893769915, 9.769178714799796]}",390.0,674,0,0,30,11770.09723771561
"{'type': 'Point', 'coordinates': [4.91827618055438, 9.993757535829676]}",182.48287590894657,276,0,0,40,11777.486169698976
"{'type': 'Point', 'coordinates': [3.3911401975511937, 7.613222032912945]}",234.30749027719963,152,0,1,20,12143.67402021034
"{'type': 'Point', 'coordinates': [3.615719018581074, 7.747969325530873]}",284.60498941515414,203,0,1,20,12458.270833514547
"{'type': 'Point', 'coordinates': [10.75732552733127, 9.454768365357964]}",300.0,536,0,1,20,10194.905819545587
"{'type': 'Point', 'coordinates': [9.050526487504179, 10.353083649477485]}",305.9411708155671,840,0,1,40,13453.97282542754
"{'type': 'Point', 'coordinates': [14.036176314367523, 11.79038810406872]}",483.73546489791295,300,0,0,30,7327.2546913715605
"{'type': 'Point', 'coordinates': [9.993757535829676, 7.343727447677088]}",150.0,260,0,0,20,18750.48512904544
"{'type': 'Point', 'coordinates': [5.097939237378284, 8.960694959092226]}",84.8528137423857,212,0,0,40,10926.983292133347
"{'type': 'Point', 'coordinates': [6.714906748793423, 8.556453081238441]}",150.0,197,0,1,10,12329.290025853164
"{'type': 'Point', 'coordinates': [7.972548146560753, 5.7716757004679256]}",0.0,18,0,1,10,20823.976654998405
"{'type': 'Point', 'coordinates': [5.053023473172308, 9.140358015916132]}",30.0,77,1,0,10,12018.588937077438
"{'type': 'Point', 'coordinates': [9.859010243211747, 11.161567405185055]}",67.0820393249937,494,0,0,40,9622.546975721116
"{'type': 'Point', 'coordinates': [10.802241291537246, 10.84715705574322]}",469.5742752749559,433,0,0,20,9644.395706411058
"{'type': 'Point', 'coordinates': [3.705550546993026, 7.164064390853183]}",305.9411708155671,112,0,1,10,13894.47235105119
"{'type': 'Point', 'coordinates': [8.646284609650394, 7.478474740295016]}",161.55494421403512,194,0,0,40,12242.7386001423
"{'type': 'Point', 'coordinates': [4.244539717464739, 8.152211203384658]}",30.0,338,0,0,50,12102.118799547567
"{'type': 'Point', 'coordinates': [4.963191944760356, 10.667493998919317]}",90.0,210,0,0,20,11755.825261196504
"{'type': 'Point', 'coordinates': [5.053023473172308, 5.95133875729183]}",30.0,4,0,1,10,23115.401272732764
"{'type': 'Point', 'coordinates': [5.996254521497805, 7.927632382354777]}",258.0697580112788,471,0,1,20,13807.426881567138
"{'type': 'Point', 'coordinates': [10.936988584155173, 11.745472339862744]}",182.48287590894657,416,0,0,40,7710.427926278852
"{'type': 'Point', 'coordinates': [10.802241291537246, 7.388643211883064]}",192.09372712298546,737,0,1,10,22765.589269482763
"{'type': 'Point', 'coordinates': [8.556453081238441, 8.242042731796609]}",134.1640786499874,202,0,1,40,13156.598700057326
"{'type': 'Point', 'coordinates': [11.745472339862744, 7.20898015505916]}",403.6087214122113,1064,0,0,30,19983.02364156453
"{'type': 'Point', 'coordinates': [10.577662470507365, 10.218336356859556]}",494.77267507411926,336,0,0,40,9228.34261868129
"{'type': 'Point', 'coordinates': [12.23954574612848, 8.601368845444417]}",342.05262752974136,412,0,0,40,12778.274020278783
"{'type': 'Point', 'coordinates': [5.95133875729183, 5.861507228879877]}",182.48287590894657,41,0,1,10,21430.76087928936
"{'type': 'Point', 'coordinates': [7.972548146560753, 9.409852601151988]}",123.69316876852982,763,0,1,40,15898.986170884285
"{'type': 'Point', 'coordinates': [6.041170285703782, 10.218336356859556]}",228.47319317591726,232,0,0,40,11826.073692614642
"{'type': 'Point', 'coordinates': [3.256392904933265, 8.107295439178682]}",313.20919526731655,230,0,1,10,12507.618031215981
"{'type': 'Point', 'coordinates': [5.3674338226141405, 10.308167885271509]}",60.0,368,0,0,40,12216.65958797558
"{'type': 'Point', 'coordinates': [8.511537317032467, 8.107295439178682]}",169.7056274847714,155,0,1,40,12773.083178863264
"{'type': 'Point', 'coordinates': [5.861507228879877, 7.164064390853183]}",468.61498055439927,185,0,1,10,14952.393189294264
"{'type': 'Point', 'coordinates': [13.49718714389581, 11.475977754626888]}",192.09372712298546,341,0,1,30,8760.713664457082
"{'type': 'Point', 'coordinates': [7.298811683471112, 6.580159456175495]}",268.3281572999748,278,0,1,10,16757.530450570397
"{'type': 'Point', 'coordinates': [9.49968412956394, 9.679347186387844]}",342.05262752974136,774,0,0,30,11763.636257696877
"{'type': 'Point', 'coordinates': [4.6038658311125475, 11.970051160892623]}",212.13203435596427,256,0,1,40,8222.46301262608
"{'type': 'Point', 'coordinates': [11.026820112567126, 8.242042731796609]}",152.97058540778355,222,0,1,40,14549.320907935724
"{'type': 'Point', 'coordinates': [4.693697359524499, 7.343727447677088]}",371.0795063055894,275,0,1,10,16295.397278826684
"{'type': 'Point', 'coordinates': [8.91577919488625, 8.197126967590634]}",218.40329667841553,200,0,1,40,12656.18091377471
"{'type': 'Point', 'coordinates': [5.681844172055973, 10.353083649477485]}",212.13203435596427,309,0,0,40,12303.822956449583
"{'type': 'Point', 'coordinates': [9.769178714799796, 8.825947666474299]}",152.97058540778355,181,0,0,40,11598.020345397264
"{'type': 'Point', 'coordinates': [4.693697359524499, 10.308167885271509]}",30.0,152,0,0,40,12874.960666217743
"{'type': 'Point', 'coordinates': [8.646284609650394, 6.355580635145614]}",169.7056274847714,67,0,1,10,20031.70706668828
"{'type': 'Point', 'coordinates': [7.074232862441232, 6.759822512999399]}",241.86773244895647,74,0,0,10,15519.672795472768
"{'type': 'Point', 'coordinates': [9.005610723298203, 10.802241291537246]}",361.2478373637689,825,0,1,20,13478.91365480689
"{'type': 'Point', 'coordinates': [9.72426295059382, 7.253895919265136]}",192.09372712298546,211,0,0,40,17982.750655994285
"{'type': 'Point', 'coordinates': [2.9419825554914327, 8.152211203384658]}",361.2478373637689,221,0,1,20,13196.134624416634
"{'type': 'Point', 'coordinates': [12.733619152394217, 9.49968412956394]}",108.16653826391968,246,0,0,20,9996.001914586705
"{'type': 'Point', 'coordinates': [11.386146226214935, 10.173420592653581]}",108.16653826391968,332,0,0,40,9050.09668392688
"{'type': 'Point', 'coordinates': [8.46662155282649, 6.445412163557567]}",180.0,38,0,0,40,19056.29477106937
"{'type': 'Point', 'coordinates': [11.116651640979079, 10.532746706301388]}",210.0,477,0,1,40,8996.246529867818
"{'type': 'Point', 'coordinates': [12.643787623982265, 11.251398933597006]}",492.0365840057018,411,0,0,30,9362.098532059
"{'type': 'Point', 'coordinates': [6.310664870939639, 6.5352436919695185]}",218.40329667841553,296,0,1,10,17357.32438164926
"{'type': 'Point', 'coordinates': [11.925135396686647, 9.679347186387844]}",30.0,219,0,0,30,8710.61365867552
"{'type': 'Point', 'coordinates': [4.154708189052787, 9.72426295059382]}",271.66155414412253,283,0,0,20,12509.137403787936
"{'type': 'Point', 'coordinates': [7.20898015505916, 5.3674338226141405]}",361.2478373637689,103,0,1,10,23043.928312189804
"{'type': 'Point', 'coordinates': [7.164064390853183, 8.91577919488625]}",201.24611797498108,223,0,1,40,13203.673118773513
"{'type': 'Point', 'coordinates': [7.388643211883064, 5.816591464673902]}",391.15214431215895,235,0,1,10,21684.95709699634
"{'type': 'Point', 'coordinates': [4.783528887936452, 12.104798453510552]}",123.69316876852982,279,0,0,20,8081.5298051250065
"{'type': 'Point', 'coordinates': [11.475977754626888, 11.610725047244815]}",543.3231082882451,436,0,0,40,8246.46338305104
"{'type': 'Point', 'coordinates': [4.289455481670715, 11.251398933597006]}",30.0,152,0,0,40,10740.931892374861
"{'type': 'Point', 'coordinates': [4.783528887936452, 8.646284609650394]}",169.7056274847714,327,0,1,20,13078.877268365577
"{'type': 'Point', 'coordinates': [10.532746706301388, 10.397999413683461]}",450.0,408,0,0,20,9691.970610270388
"{'type': 'Point', 'coordinates': [7.523390504500992, 5.95133875729183]}",305.9411708155671,64,0,0,40,18992.244237492443
"{'type': 'Point', 'coordinates': [7.8378008539428246, 8.46662155282649]}",67.0820393249937,441,0,0,10,13518.54707460997
"{'type': 'Point', 'coordinates': [9.903926007417724, 8.242042731796609]}",30.0,107,0,1,40,10693.453055288915
"{'type': 'Point', 'coordinates': [7.523390504500992, 10.577662470507365]}",0.0,628,0,1,40,11783.373942879829
"{'type': 'Point', 'coordinates': [9.230189544328082, 8.107295439178682]}",108.16653826391968,148,0,0,40,11562.504122367793
"{'type': 'Point', 'coordinates': [6.355580635145614, 9.634431422181867]}",150.0,259,0,1,40,11327.353118937364
"{'type': 'Point', 'coordinates': [4.064876660640834, 7.074232862441232]}",323.10988842807024,106,0,1,10,15864.143999039357
"{'type': 'Point', 'coordinates': [9.49968412956394, 8.197126967590634]}",67.0820393249937,142,0,1,20,10649.532621018847
"{'type': 'Point', 'coordinates': [9.050526487504179, 6.939485569823304]}",212.13203435596427,133,0,0,40,15040.042002330534
"{'type': 'Point', 'coordinates': [5.816591464673902, 4.91827618055438]}",67.0820393249937,20,0,1,10,29828.60647745378
"{'type': 'Point', 'coordinates': [9.814094479005773, 7.478474740295016]}",192.09372712298546,208,0,0,40,14721.930914641358
"{'type': 'Point', 'coordinates': [7.388643211883064, 6.625075220381471]}",234.30749027719963,438,0,1,10,16881.999064091593
"{'type': 'Point', 'coordinates': [13.94634478595557, 13.137861030248002]}",30.0,282,0,0,90,2998.496854172417
"{'type': 'Point', 'coordinates': [12.284461510334456, 11.835303868274694]}",636.3961030678928,368,0,0,40,7750.886331268469
"{'type': 'Point', 'coordinates': [12.958197973424097, 10.84715705574322]}",597.7457653551382,485,0,0,30,10139.736446126917
"{'type': 'Point', 'coordinates': [11.970051160892623, 9.230189544328082]}",189.73665961010278,248,0,0,20,9437.854273870298
"{'type': 'Point', 'coordinates': [12.0149669250986, 11.79038810406872]}",792.0227269466451,371,0,0,40,7820.286582663475
"{'type': 'Point', 'coordinates': [7.164064390853183, 9.9488417716237]}",108.16653826391968,463,0,1,20,14282.676191428967
"{'type': 'Point', 'coordinates': [13.182776794453977, 10.577662470507365]}",391.15214431215895,482,0,0,40,10413.046653070323
"{'type': 'Point', 'coordinates': [6.041170285703782, 11.341230462008959]}",513.5172830587107,493,0,0,40,10918.646291102878
"{'type': 'Point', 'coordinates': [6.6699909845874465, 4.828444652142428]}",30.0,11,0,1,10,25892.165053792298
"{'type': 'Point', 'coordinates': [5.097939237378284, 8.197126967590634]}",161.55494421403512,572,0,1,10,14472.389686235205
"{'type': 'Point', 'coordinates': [12.374293038746409, 9.454768365357964]}",60.0,162,0,1,40,9144.707384253517
"{'type': 'Point', 'coordinates': [13.49718714389581, 12.059882689304576]}",268.3281572999748,301,0,0,30,6886.149055675331
"{'type': 'Point', 'coordinates': [10.083589064241629, 9.320021072740035]}",241.86773244895647,339,0,0,40,9896.65108717652
"{'type': 'Point', 'coordinates': [4.154708189052787, 9.634431422181867]}",270.0,288,0,1,20,12618.490217791928
"{'type': 'Point', 'coordinates': [8.870863430680274, 8.601368845444417]}",67.0820393249937,168,0,0,40,13899.324007575979
"{'type': 'Point', 'coordinates': [11.655640811450791, 7.029317098235255]}",276.5863337187866,1293,0,1,10,19275.2158768652
"{'type': 'Point', 'coordinates': [10.442915177889438, 9.454768365357964]}",403.6087214122113,236,0,0,20,10192.285163843102
"{'type': 'Point', 'coordinates': [4.154708189052787, 8.152211203384658]}",30.0,322,0,0,20,12067.420470459161
"{'type': 'Point', 'coordinates': [12.149714217716529, 9.275105308534059]}",161.55494421403512,198,0,0,40,9596.982553269547
"{'type': 'Point', 'coordinates': [8.062379674972705, 7.343727447677088]}",342.05262752974136,181,0,0,20,12396.490751167294
"{'type': 'Point', 'coordinates': [10.84715705574322, 9.993757535829676]}",323.10988842807024,508,0,1,40,9978.87464560452
"{'type': 'Point', 'coordinates': [5.457265351026093, 6.490327927763542]}",330.0,100,0,1,10,19286.794297804125
"{'type': 'Point', 'coordinates': [8.197126967590634, 8.556453081238441]}",134.1640786499874,143,0,1,40,14071.681904742001
"{'type': 'Point', 'coordinates': [3.9750451322288827, 11.161567405185055]}",161.55494421403512,282,0,0,40,10987.656530385575
"{'type': 'Point', 'coordinates': [13.092945266042026, 10.353083649477485]}",324.4996147917591,527,0,0,40,10766.771382341536
"{'type': 'Point', 'coordinates': [6.041170285703782, 4.424202774288643]}",0.0,8,0,0,95,31741.64317329228
"{'type': 'Point', 'coordinates': [7.747969325530873, 7.927632382354777]}",30.0,93,0,1,20,12394.273863566319
"{'type': 'Point', 'coordinates': [13.766681729131667, 12.778534916600194]}",94.86832980505139,287,0,0,30,5099.34079996945
"{'type': 'Point', 'coordinates': [5.322518058408165, 9.993757535829676]}",270.0,292,0,0,40,11736.803298732255
"{'type': 'Point', 'coordinates': [12.598871859776288, 9.140358015916132]}",90.0,205,0,0,40,10097.31075683041
"{'type': 'Point', 'coordinates': [7.164064390853183, 8.825947666474299]}",234.30749027719963,379,0,1,10,13615.487632170301
"{'type': 'Point', 'coordinates': [4.064876660640834, 8.825947666474299]}",212.13203435596427,408,0,0,20,12313.12255969079
"{'type': 'Point', 'coordinates': [13.092945266042026, 9.72426295059382]}",268.3281572999748,494,0,0,20,10677.843267746783
"{'type': 'Point', 'coordinates': [5.3674338226141405, 11.610725047244815]}",134.1640786499874,370,0,0,40,9997.454590381678
"{'type': 'Point', 'coordinates': [6.759822512999399, 10.487830942095414]}",228.47319317591726,464,0,1,20,12927.172507341675
"{'type': 'Point', 'coordinates': [5.457265351026093, 11.296314697802982]}",150.0,359,0,0,40,11035.627884296158
"{'type': 'Point', 'coordinates': [6.580159456175495, 7.119148626647208]}",42.42640687119285,229,0,1,10,12939.838540208293
"{'type': 'Point', 'coordinates': [6.580159456175495, 6.17591757832171]}",108.16653826391968,161,0,1,10,16892.35109133972
"{'type': 'Point', 'coordinates': [3.2114771407272893, 6.490327927763542]}",30.0,7,0,1,10,14364.100123940952
"{'type': 'Point', 'coordinates': [3.7953820754049783, 10.487830942095414]}",210.0,308,0,1,20,12899.634584681342
"{'type': 'Point', 'coordinates': [5.906422993085854, 5.7716757004679256]}",174.92855684535903,14,0,1,10,22220.122506923974
"{'type': 'Point', 'coordinates': [5.142855001584261, 10.353083649477485]}",123.69316876852982,270,0,0,40,11782.542533225365
"{'type': 'Point', 'coordinates': [7.074232862441232, 11.296314697802982]}",67.0820393249937,685,0,0,40,10067.062808118251
"{'type': 'Point', 'coordinates': [3.9750451322288827, 8.017463910766729]}",150.0,298,0,0,40,12219.826866826974
"{'type': 'Point', 'coordinates': [3.4360559617571695, 7.7030535613248965]}",300.0,168,0,1,20,11924.94624164029
"{'type': 'Point', 'coordinates': [7.7030535613248965, 7.43355897608904]}",360.0,435,0,0,10,13393.467609217856
"{'type': 'Point', 'coordinates': [7.164064390853183, 7.478474740295016]}",283.0194339616981,392,0,0,10,13489.683161862864
"{'type': 'Point', 'coordinates': [11.20648316939103, 10.308167885271509]}",180.0,412,0,0,40,8838.863465886683
"{'type': 'Point', 'coordinates': [8.376790024414538, 7.164064390853183]}",379.47331922020555,98,0,1,40,12834.537463373505
"{'type': 'Point', 'coordinates': [5.996254521497805, 10.577662470507365]}",436.80659335683106,316,0,0,40,11465.651257564707
"{'type': 'Point', 'coordinates': [7.164064390853183, 5.6369284078499975]}",247.38633753705963,181,0,1,10,22662.88065934346
"{'type': 'Point', 'coordinates': [3.166561376521313, 8.69120037385637]}",120.0,354,0,1,20,11745.419356129903
"{'type': 'Point', 'coordinates': [3.480971725963146, 7.074232862441232]}",192.09372712298546,165,0,1,10,14021.960784091381
"{'type': 'Point', 'coordinates': [6.40049639935159, 6.625075220381471]}",150.0,198,0,1,10,16142.451053682715
"{'type': 'Point', 'coordinates': [3.2114771407272893, 7.119148626647208]}",90.0,86,0,1,10,12526.025185047103
"{'type': 'Point', 'coordinates': [11.835303868274694, 7.43355897608904]}",553.1726674375732,1007,0,0,10,21085.94052173337
"{'type': 'Point', 'coordinates': [9.140358015916132, 7.792885089736849]}",67.0820393249937,142,0,0,40,12175.8954226487
"{'type': 'Point', 'coordinates': [11.925135396686647, 8.331874260208561]}",547.4486277268397,1025,0,1,30,15484.484781816378
"{'type': 'Point', 'coordinates': [11.251398933597006, 9.095442251710155]}",134.1640786499874,159,0,0,40,10123.261137810518
"{'type': 'Point', 'coordinates': [3.3911401975511937, 9.320021072740035]}",349.85711369071805,370,0,0,20,11865.098430796832
"{'type': 'Point', 'coordinates': [6.265749106733662, 11.071735876773102]}",450.99889135118724,452,0,0,20,11983.313604240895
"{'type': 'Point', 'coordinates': [7.164064390853183, 9.544599893769915]}",189.73665961010278,517,0,0,40,14305.281823250574
"{'type': 'Point', 'coordinates': [3.750466311199002, 8.736116138062346]}",218.40329667841553,387,0,1,20,11798.525315757066
"{'type': 'Point', 'coordinates': [8.242042731796609, 9.454768365357964]}",192.09372712298546,633,0,1,30,15900.725165192236
"{'type': 'Point', 'coordinates': [12.823450680806168, 10.397999413683461]}",488.3646178829912,474,0,0,40,11709.753411897513
"{'type': 'Point', 'coordinates': [8.286958496002585, 10.083589064241629]}",108.16653826391968,728,0,0,40,13439.186086474758
"{'type': 'Point', 'coordinates': [7.43355897608904, 11.386146226214935]}",30.0,666,0,0,40,9977.493742241757
"{'type': 'Point', 'coordinates': [12.464124567158361, 11.565809283038838]}",517.880295048962,388,0,1,40,8172.5789575395875
"{'type': 'Point', 'coordinates': [13.092945266042026, 11.655640811450791]}",94.86832980505139,345,0,0,30,7052.518320700223
"{'type': 'Point', 'coordinates': [5.502181115232069, 11.835303868274694]}",276.5863337187866,360,0,0,40,9463.093728706364
"{'type': 'Point', 'coordinates': [5.322518058408165, 8.781031902268323]}",150.0,167,0,1,20,11936.660487416855
"{'type': 'Point', 'coordinates': [6.17591757832171, 9.095442251710155]}",218.40329667841553,108,0,0,40,11184.323312103397
"{'type': 'Point', 'coordinates': [5.95133875729183, 7.119148626647208]}",450.99889135118724,273,0,1,10,13601.565716730198
"{'type': 'Point', 'coordinates': [7.523390504500992, 8.017463910766729]}",0.0,106,1,1,10,13004.172464640955
"{'type': 'Point', 'coordinates': [3.615719018581074, 8.960694959092226]}",161.55494421403512,400,0,1,20,11614.88153954652
"{'type': 'Point', 'coordinates': [11.835303868274694, 9.050526487504179]}",241.86773244895647,501,0,0,40,11288.778745548036
"{'type': 'Point', 'coordinates': [3.7953820754049783, 12.194629981922503]}",212.13203435596427,250,0,0,40,8116.624075334397
"{'type': 'Point', 'coordinates': [8.736116138062346, 10.308167885271509]}",276.5863337187866,834,0,0,40,13322.318752954481
"{'type': 'Point', 'coordinates': [5.008107708966333, 9.634431422181867]}",174.92855684535903,198,0,1,40,12344.237752161745
"{'type': 'Point', 'coordinates': [9.275105308534059, 11.071735876773102]}",268.3281572999748,721,0,1,20,11557.271384574473
"{'type': 'Point', 'coordinates': [4.693697359524499, 7.20898015505916]}",458.91175622335066,255,0,0,10,16238.449922872707
"{'type': 'Point', 'coordinates': [2.986898319697409, 6.939485569823304]}",258.0697580112788,97,0,1,10,12924.469434241542
"{'type': 'Point', 'coordinates': [7.074232862441232, 6.310664870939639]}",123.69316876852982,50,0,1,30,17421.128956234083
"{'type': 'Point', 'coordinates': [11.655640811450791, 7.478474740295016]}",492.0365840057018,1201,0,0,10,22278.73553908989
"{'type': 'Point', 'coordinates': [6.759822512999399, 7.074232862441232]}",30.0,35,0,1,40,13178.109908659244
"{'type': 'Point', 'coordinates': [13.137861030248002, 11.161567405185055]}",364.96575181789314,363,0,0,30,9324.785445009245
"{'type': 'Point', 'coordinates': [5.232686529996212, 10.98190434836115]}",67.0820393249937,333,0,0,40,11397.465328318589
"{'type': 'Point', 'coordinates': [5.996254521497805, 9.634431422181867]}",0.0,90,1,0,40,11573.682111079455
"{'type': 'Point', 'coordinates': [11.386146226214935, 11.835303868274694]}",488.3646178829912,421,0,0,40,7633.799240059938
"{'type': 'Point', 'coordinates': [5.996254521497805, 5.861507228879877]}",212.13203435596427,39,0,1,30,21430.76087928936
"{'type': 'Point', 'coordinates': [6.8047382772053755, 9.49968412956394]}",108.16653826391968,294,0,0,40,13007.881295481358
"{'type': 'Point', 'coordinates': [7.343727447677088, 6.086086049909758]}",296.98484809834997,245,0,1,10,19870.052350999787
"{'type': 'Point', 'coordinates': [9.544599893769915, 7.343727447677088]}",123.69316876852982,157,0,0,40,14828.183847423701
"{'type': 'Point', 'coordinates': [6.265749106733662, 6.5352436919695185]}",247.38633753705963,293,0,1,10,17634.08747913665
"{'type': 'Point', 'coordinates': [10.936988584155173, 7.298811683471112]}",247.38633753705963,854,0,1,10,22311.70363652805
"{'type': 'Point', 'coordinates': [8.870863430680274, 6.8047382772053755]}",361.2478373637689,100,0,0,20,15727.630135177606
"{'type': 'Point', 'coordinates': [8.107295439178682, 7.253895919265136]}",394.58839313897715,152,0,1,20,12251.482091396814
"{'type': 'Point', 'coordinates': [11.341230462008959, 8.331874260208561]}",371.0795063055894,357,0,1,10,15382.573243643334
"{'type': 'Point', 'coordinates': [4.514034302700596, 6.625075220381471]}",189.73665961010278,29,0,1,10,18712.297987662256
"{'type': 'Point', 'coordinates': [12.104798453510552, 10.442915177889438]}",60.0,669,0,0,30,11793.866545595316
"{'type': 'Point', 'coordinates': [5.412349586820117, 12.733619152394217]}",150.0,296,0,1,30,7169.766408725639
"{'type': 'Point', 'coordinates': [11.026820112567126, 8.870863430680274]}",84.8528137423857,187,0,0,40,11397.498595034522
"{'type': 'Point', 'coordinates': [7.927632382354777, 10.75732552733127]}",123.69316876852982,656,0,0,40,11904.48720373353
"{'type': 'Point', 'coordinates': [7.747969325530873, 11.20648316939103]}",42.42640687119285,645,0,0,40,9442.716459670195
"{'type': 'Point', 'coordinates': [7.7030535613248965, 5.681844172055973]}",180.0,109,0,1,10,22400.509578247165
"{'type': 'Point', 'coordinates': [6.894569805617327, 10.892072819949197]}",152.97058540778355,607,0,0,20,11744.0702394424
"{'type': 'Point', 'coordinates': [7.747969325530873, 7.747969325530873]}",150.0,192,0,0,10,13419.834122834342
"{'type': 'Point', 'coordinates': [7.029317098235255, 7.7030535613248965]}",108.16653826391968,153,0,0,10,13774.372306057398
"{'type': 'Point', 'coordinates': [13.227692558659953, 10.75732552733127]}",484.6648326421053,471,0,0,30,9951.755052265811
"{'type': 'Point', 'coordinates': [3.5258874901691217, 7.343727447677088]}",189.73665961010278,126,0,1,10,12457.559033357364
"{'type': 'Point', 'coordinates': [9.409852601151988, 9.320021072740035]}",268.3281572999748,1221,0,0,40,11265.222530080908
"{'type': 'Point', 'coordinates': [9.859010243211747, 7.119148626647208]}",174.92855684535903,209,0,0,20,20728.228206188185
"{'type': 'Point', 'coordinates': [6.6699909845874465, 8.421705788620514]}",67.0820393249937,164,0,1,20,12071.19004866227
"{'type': 'Point', 'coordinates': [6.086086049909758, 4.963191944760356]}",0.0,18,0,0,10,28504.659666271065
"{'type': 'Point', 'coordinates': [4.963191944760356, 10.532746706301388]}",0.0,271,0,0,40,12050.07136019221
"{'type': 'Point', 'coordinates': [10.936988584155173, 9.230189544328082]}",108.16653826391968,175,0,0,40,9616.029741011647
"{'type': 'Point', 'coordinates': [7.478474740295016, 8.286958496002585]}",150.0,179,0,0,20,11922.158927197279
"{'type': 'Point', 'coordinates': [4.873360416348404, 9.095442251710155]}",30.0,113,0,0,40,10394.992031757953
"{'type': 'Point', 'coordinates': [4.154708189052787, 11.925135396686647]}",189.73665961010278,174,0,0,40,8423.282950122466
"{'type': 'Point', 'coordinates': [3.705550546993026, 11.565809283038838]}",30.0,177,0,0,40,10029.135492665117
"{'type': 'Point', 'coordinates': [6.6699909845874465, 10.308167885271509]}",174.92855684535903,383,0,1,20,12577.69357111149
"{'type': 'Point', 'coordinates': [7.882716618148801, 5.142855001584261]}",67.0820393249937,53,0,1,10,23834.402011079714
"{'type': 'Point', 'coordinates': [3.840297839610954, 7.972548146560753]}",123.69316876852982,261,0,0,40,11490.966689536144
"{'type': 'Point', 'coordinates': [6.445412163557567, 7.927632382354777]}",0.0,202,0,0,40,12675.177434719553
"{'type': 'Point', 'coordinates': [7.8378008539428246, 6.17591757832171]}",192.09372712298546,70,0,1,40,18817.83943225071
"{'type': 'Point', 'coordinates': [9.634431422181867, 9.409852601151988]}",201.24611797498108,647,0,1,20,10699.158646720141
"{'type': 'Point', 'coordinates': [5.861507228879877, 12.688703388188241]}",0.0,298,0,0,40,7233.846645593619
"{'type': 'Point', 'coordinates': [4.828444652142428, 10.936988584155173]}",67.0820393249937,200,0,0,20,10483.915901933155
"{'type': 'Point', 'coordinates': [6.445412163557567, 6.40049639935159]}",150.0,131,0,1,10,17301.173383056303
"{'type': 'Point', 'coordinates': [10.667493998919317, 9.679347186387844]}",429.5346318982906,403,0,0,20,9647.870019281283
"{'type': 'Point', 'coordinates': [5.726759936261949, 10.75732552733127]}",339.4112549695428,408,0,0,40,12053.732138466414
"{'type': 'Point', 'coordinates': [11.745472339862744, 7.388643211883064]}",488.3646178829912,1503,0,0,10,21663.97936192155
"{'type': 'Point', 'coordinates': [6.445412163557567, 12.374293038746409]}",90.0,408,0,0,40,8717.583061249381
"{'type': 'Point', 'coordinates': [5.726759936261949, 9.320021072740035]}",90.0,145,0,1,20,12102.403502723155
"{'type': 'Point', 'coordinates': [8.017463910766729, 8.556453081238441]}",108.16653826391968,288,0,1,20,13708.29465977357
"{'type': 'Point', 'coordinates': [8.825947666474299, 6.849654041411351]}",366.1966684720111,110,0,0,40,15777.585387703037
"{'type': 'Point', 'coordinates': [13.49718714389581, 13.676850200719715]}",108.16653826391968,278,0,0,90,2879.804512299122
"{'type': 'Point', 'coordinates': [10.308167885271509, 7.343727447677088]}",30.0,356,0,1,10,20913.388614588184
"{'type': 'Point', 'coordinates': [8.286958496002585, 8.601368845444417]}",150.0,149,0,1,40,14258.431731668614
"{'type': 'Point', 'coordinates': [13.137861030248002, 9.544599893769915]}",182.48287590894657,235,0,0,40,9893.18041557935
"{'type': 'Point', 'coordinates': [7.523390504500992, 8.960694959092226]}",60.0,477,0,1,20,14150.225545427073
"{'type': 'Point', 'coordinates': [12.598871859776288, 9.634431422181867]}",228.47319317591726,309,0,0,40,9796.316357163465
"{'type': 'Point', 'coordinates': [5.547096879438045, 9.589515657975891]}",228.47319317591726,177,0,0,20,12146.605888547807
"{'type': 'Point', 'coordinates': [8.331874260208561, 9.993757535829676]}",60.0,754,0,0,20,12745.81600993417
"{'type': 'Point', 'coordinates': [10.218336356859556, 10.353083649477485]}",241.86773244895647,476,0,0,40,9603.9889525885
"{'type': 'Point', 'coordinates': [10.083589064241629, 8.107295439178682]}",0.0,108,0,0,40,11757.26351794157
"{'type': 'Point', 'coordinates': [5.592012643644021, 9.409852601151988]}",180.0,182,0,1,40,11811.120899859729
"{'type': 'Point', 'coordinates': [5.187770765790236, 10.442915177889438]}",90.0,314,0,0,40,11665.588758960612
"{'type': 'Point', 'coordinates': [10.98190434836115, 11.296314697802982]}",342.05262752974136,396,0,0,40,8168.007983545298
"{'type': 'Point', 'coordinates': [7.298811683471112, 4.738613123730476]}",67.0820393249937,22,0,1,10,25047.206665183425
"{'type': 'Point', 'coordinates': [9.275105308534059, 10.397999413683461]}",390.0,754,0,0,30,13041.411753388216
"{'type': 'Point', 'coordinates': [9.005610723298203, 8.69120037385637]}",42.42640687119285,146,0,0,10,13565.318966056957
"{'type': 'Point', 'coordinates': [5.232686529996212, 10.353083649477485]}",67.0820393249937,289,0,0,40,11858.823161096923
"{'type': 'Point', 'coordinates': [2.897066791285457, 7.747969325530873]}",324.4996147917591,208,0,1,20,12515.921046003798
"{'type': 'Point', 'coordinates': [5.457265351026093, 7.792885089736849]}",216.33307652783935,539,0,1,10,15899.935897508141
"{'type': 'Point', 'coordinates': [3.7953820754049783, 11.341230462008959]}",134.1640786499874,225,0,1,20,11329.31134979664
"{'type': 'Point', 'coordinates': [5.996254521497805, 10.802241291537246]}",499.29950931279717,437,0,0,40,11472.614425825013
"{'type': 'Point', 'coordinates': [7.65813779711892, 10.577662470507365]}",67.0820393249937,637,0,1,20,12345.593052420403
"{'type': 'Point', 'coordinates': [9.903926007417724, 10.667493998919317]}",152.97058540778355,546,0,0,30,10512.764908122539
"{'type': 'Point', 'coordinates': [4.1996239532587625, 9.589515657975891]}",240.0,313,0,0,20,12399.73841500748
"{'type': 'Point', 'coordinates': [9.9488417716237, 7.972548146560753]}",60.0,146,0,0,40,11745.903297816514
"{'type': 'Point', 'coordinates': [8.91577919488625, 8.960694959092226]}",212.13203435596427,336,0,0,40,12217.246362078748
"{'type': 'Point', 'coordinates': [5.95133875729183, 11.655640811450791]}",474.3416490252569,406,0,0,20,9959.320289419633
"{'type': 'Point', 'coordinates': [11.296314697802982, 8.197126967590634]}",330.0,253,0,1,10,16032.59480969057
"{'type': 'Point', 'coordinates': [10.173420592653581, 7.20898015505916]}",67.0820393249937,225,0,1,30,20668.25585108518
"{'type': 'Point', 'coordinates': [6.894569805617327, 12.0149669250986]}",201.24611797498108,530,0,0,40,9405.562522424638
"{'type': 'Point', 'coordinates': [6.5352436919695185, 6.086086049909758]}",120.0,42,0,0,10,19218.689903459745
"{'type': 'Point', 'coordinates': [3.840297839610954, 11.026820112567126]}",218.40329667841553,237,0,0,20,12291.719409071471
"{'type': 'Point', 'coordinates': [10.98190434836115, 8.69120037385637]}",182.48287590894657,198,0,0,40,11878.525617256928
"{'type': 'Point', 'coordinates': [8.197126967590634, 10.038673300035653]}",152.97058540778355,738,0,1,20,13698.479757353767
"{'type': 'Point', 'coordinates': [13.137861030248002, 12.194629981922503]}",335.4101966249685,303,0,0,30,6908.866880447924
"{'type': 'Point', 'coordinates': [11.88021963248067, 10.353083649477485]}",192.09372712298546,282,0,0,40,10893.40198034981
"{'type': 'Point', 'coordinates': [5.726759936261949, 12.643787623982265]}",94.86832980505139,327,0,0,40,7412.572392868997
"{'type': 'Point', 'coordinates': [6.6699909845874465, 5.322518058408165]}",108.16653826391968,21,0,1,10,24058.287297934294
"{'type': 'Point', 'coordinates': [5.187770765790236, 6.445412163557567]}",323.10988842807024,62,0,1,10,20465.829014101997
"{'type': 'Point', 'coordinates': [6.490327927763542, 6.5352436919695185]}",108.16653826391968,135,0,1,10,17088.19216338778
"{'type': 'Point', 'coordinates': [7.927632382354777, 10.263252121065532]}",120.0,714,0,1,20,13486.629568612205
"{'type': 'Point', 'coordinates': [6.580159456175495, 10.218336356859556]}",123.69316876852982,285,0,0,20,12843.906332626531
"{'type': 'Point', 'coordinates': [9.185273780122108, 9.9488417716237]}",152.97058540778355,1337,0,0,20,12776.541604310409
"{'type': 'Point', 'coordinates': [7.343727447677088, 7.613222032912945]}",241.86773244895647,395,0,0,10,13557.193505939229
"{'type': 'Point', 'coordinates': [9.814094479005773, 8.870863430680274]}",180.0,193,0,0,40,11197.289865322018
"{'type': 'Point', 'coordinates': [12.553956095570312, 10.802241291537246]}",349.85711369071805,438,0,0,40,10188.85576823692
"{'type': 'Point', 'coordinates': [5.95133875729183, 8.69120037385637]}",30.0,130,0,1,20,11937.863109012455
"{'type': 'Point', 'coordinates': [6.759822512999399, 11.251398933597006]}",120.0,555,0,0,20,10994.750469662853
"{'type': 'Point', 'coordinates': [7.43355897608904, 6.6699909845874465]}",234.30749027719963,464,0,1,10,16703.523059835657
"{'type': 'Point', 'coordinates': [6.490327927763542, 8.601368845444417]}",30.0,119,0,0,10,11641.066127211307
"{'type': 'Point', 'coordinates': [7.792885089736849, 8.646284609650394]}",174.92855684535903,246,0,1,40,12627.495146435052
"{'type': 'Point', 'coordinates': [9.72426295059382, 7.43355897608904]}",256.3201123595259,180,0,0,40,15155.077480385571
"{'type': 'Point', 'coordinates': [4.244539717464739, 8.646284609650394]}",258.0697580112788,306,0,1,20,11900.938863265023
"{'type': 'Point', 'coordinates': [3.5258874901691217, 8.242042731796609]}",120.0,323,0,1,20,11727.735833462248
"{'type': 'Point', 'coordinates': [8.062379674972705, 10.712409763125294]}",210.0,679,0,0,40,12418.068180050468
"{'type': 'Point', 'coordinates': [13.407355615483858, 10.667493998919317]}",394.58839313897715,493,0,0,40,10050.646615674474
"{'type': 'Point', 'coordinates': [3.9750451322288827, 9.679347186387844]}",390.0,308,0,0,20,12481.255820797309
"{'type': 'Point', 'coordinates': [8.736116138062346, 6.445412163557567]}",254.5584412271571,117,0,1,10,19647.29696830525
"{'type': 'Point', 'coordinates': [5.726759936261949, 6.445412163557567]}",335.4101966249685,147,0,1,10,18279.4719289802
"{'type': 'Point', 'coordinates': [7.568306268706968, 6.894569805617327]}",335.4101966249685,287,0,1,10,14300.18571378545
"{'type': 'Point', 'coordinates': [12.778534916600194, 9.589515657975891]}",152.97058540778355,197,0,0,40,9466.222740069385
"{'type': 'Point', 'coordinates': [10.84715705574322, 8.781031902268323]}",134.1640786499874,118,1,1,40,11575.06585698359
"{'type': 'Point', 'coordinates': [6.086086049909758, 10.487830942095414]}",394.58839313897715,320,0,1,20,12550.897489281837
"{'type': 'Point', 'coordinates': [9.454768365357964, 8.197126967590634]}",84.8528137423857,118,0,0,20,10649.532621018847
"{'type': 'Point', 'coordinates': [9.544599893769915, 9.9488417716237]}",366.1966684720111,615,0,0,30,11973.102168209745
"{'type': 'Point', 'coordinates': [4.828444652142428, 9.230189544328082]}",30.0,152,0,1,20,12110.894029805839
"{'type': 'Point', 'coordinates': [4.558950066906571, 9.814094479005773]}",30.0,154,0,0,40,12571.492523706009
"{'type': 'Point', 'coordinates': [9.364936836946011, 7.253895919265136]}",0.0,118,0,0,40,14600.63059954677
"{'type': 'Point', 'coordinates': [5.3674338226141405, 9.409852601151988]}",234.30749027719963,192,0,0,40,12088.274250215203
"{'type': 'Point', 'coordinates': [13.092945266042026, 11.026820112567126]}",458.91175622335066,397,0,0,30,9788.009191342555
"{'type': 'Point', 'coordinates': [5.008107708966333, 9.230189544328082]}",0.0,150,0,0,40,11834.385649579617
"{'type': 'Point', 'coordinates': [5.502181115232069, 6.220833342527686]}",150.0,36,0,1,10,21874.789081837982
"{'type': 'Point', 'coordinates': [9.409852601151988, 7.972548146560753]}",30.0,135,0,1,20,11287.39844740806
"{'type': 'Point', 'coordinates': [13.227692558659953, 12.0149669250986]}",210.0,307,0,0,30,6852.216352735501
"{'type': 'Point', 'coordinates': [8.376790024414538, 10.442915177889438]}",212.13203435596427,724,0,1,20,12770.447984886356
"{'type': 'Point', 'coordinates': [5.906422993085854, 8.736116138062346]}",0.0,58,1,1,40,12076.817582102874
"{'type': 'Point', 'coordinates': [6.041170285703782, 7.882716618148801]}",216.33307652783935,513,0,1,10,14354.265957203505
"{'type': 'Point', 'coordinates': [6.041170285703782, 10.083589064241629]}",150.0,219,0,0,40,11441.268429078511
"{'type': 'Point', 'coordinates': [8.331874260208561, 9.140358015916132]}",308.86890422961005,484,0,1,20,15032.155891368931
"{'type': 'Point', 'coordinates': [8.736116138062346, 7.8378008539428246]}",30.0,92,0,1,40,11905.872262661578
"{'type': 'Point', 'coordinates': [8.46662155282649, 9.589515657975891]}",169.7056274847714,1112,0,1,30,13983.355890886822
"{'type': 'Point', 'coordinates': [8.46662155282649, 5.681844172055973]}",241.86773244895647,255,0,0,10,26740.901661083102
"{'type': 'Point', 'coordinates': [8.421705788620514, 9.9488417716237]}",30.0,765,0,0,40,12587.397730132692
"{'type': 'Point', 'coordinates': [10.75732552733127, 11.251398933597006]}",305.9411708155671,436,0,0,20,8192.023194291756
"{'type': 'Point', 'coordinates': [7.074232862441232, 6.490327927763542]}",123.69316876852982,50,0,1,30,16607.753078347596
"{'type': 'Point', 'coordinates': [8.781031902268323, 7.882716618148801]}",60.0,131,0,0,40,12165.655566527392
"{'type': 'Point', 'coordinates': [5.502181115232069, 9.140358015916132]}",94.86832980505139,230,0,1,20,11436.264191245573
"{'type': 'Point', 'coordinates': [11.386146226214935, 6.894569805617327]}",94.86832980505139,1504,0,0,30,19479.433788022194
"{'type': 'Point', 'coordinates': [6.580159456175495, 4.963191944760356]}",94.86832980505139,15,0,1,10,28349.081328511238
"{'type': 'Point', 'coordinates': [4.738613123730476, 10.308167885271509]}",60.0,170,0,0,40,11889.678976748455
"{'type': 'Point', 'coordinates': [10.892072819949197, 11.296314697802982]}",308.86890422961005,456,0,0,40,8268.595443141021
"{'type': 'Point', 'coordinates': [5.816591464673902, 9.769178714799796]}",134.1640786499874,159,0,0,40,12146.72148278865
"{'type': 'Point', 'coordinates': [12.329377274540432, 11.116651640979079]}",417.85164831552356,476,0,0,20,9134.892845444834
"{'type': 'Point', 'coordinates': [12.059882689304576, 10.038673300035653]}",180.0,221,0,0,40,9746.69772953981
"{'type': 'Point', 'coordinates': [5.412349586820117, 6.40049639935159]}",270.0,73,0,1,10,19911.17679065978
"{'type': 'Point', 'coordinates': [8.511537317032467, 10.712409763125294]}",42.42640687119285,712,0,1,40,12805.664256124874
"{'type': 'Point', 'coordinates': [8.376790024414538, 11.251398933597006]}",30.0,605,0,0,40,10148.329024015417
"{'type': 'Point', 'coordinates': [10.98190434836115, 6.714906748793423]}",123.69316876852982,822,0,1,10,20000.383910639248
"{'type': 'Point', 'coordinates': [12.509040331364336, 8.960694959092226]}",218.40329667841553,809,0,1,20,12465.839174116263
"{'type': 'Point', 'coordinates': [4.91827618055438, 8.511537317032467]}",212.13203435596427,308,0,1,20,13727.233946567709
"{'type': 'Point', 'coordinates': [5.6369284078499975, 5.592012643644021]}",0.0,9,0,1,95,26749.077691515588
"{'type': 'Point', 'coordinates': [7.43355897608904, 5.996254521497805]}",308.86890422961005,311,0,0,10,20344.574787826976
"{'type': 'Point', 'coordinates': [10.038673300035653, 7.65813779711892]}",0.0,142,0,0,40,14957.291659114202
"{'type': 'Point', 'coordinates': [11.431061990420911, 7.8378008539428246]}",483.73546489791295,263,0,1,10,18113.64111950891
"{'type': 'Point', 'coordinates': [8.646284609650394, 10.487830942095414]}",216.33307652783935,802,0,0,40,13975.273649953306
"{'type': 'Point', 'coordinates': [7.20898015505916, 10.353083649477485]}",0.0,575,0,1,30,12321.081692192885
"{'type': 'Point', 'coordinates': [7.927632382354777, 5.996254521497805]}",94.86832980505139,35,0,0,10,18107.89190292731
"{'type': 'Point', 'coordinates': [9.140358015916132, 8.062379674972705]}",90.0,113,0,0,40,11817.40865954203
"{'type': 'Point', 'coordinates': [4.783528887936452, 9.72426295059382]}",90.0,223,0,0,40,11955.165337074228
"{'type': 'Point', 'coordinates': [6.40049639935159, 4.963191944760356]}",42.42640687119285,21,0,0,10,28686.606745555997
"{'type': 'Point', 'coordinates': [12.23954574612848, 9.409852601151988]}",67.0820393249937,177,0,0,40,9219.100719663134
"{'type': 'Point', 'coordinates': [7.478474740295016, 9.9488417716237]}",30.0,578,0,1,20,14134.724438566833
"{'type': 'Point', 'coordinates': [5.008107708966333, 9.454768365357964]}",94.86832980505139,180,0,0,40,11735.102037106764
"{'type': 'Point', 'coordinates': [5.547096879438045, 5.232686529996212]}",0.0,8,0,0,95,30811.756158690463
"{'type': 'Point', 'coordinates': [8.825947666474299, 8.960694959092226]}",228.47319317591726,231,0,1,20,13326.305162847642
"{'type': 'Point', 'coordinates': [12.059882689304576, 9.320021072740035]}",161.55494421403512,243,0,1,40,9314.202893725153
"{'type': 'Point', 'coordinates': [6.131001814115734, 10.802241291537246]}",577.0615218501403,402,0,0,40,11945.603710626543
"{'type': 'Point', 'coordinates': [6.580159456175495, 7.792885089736849]}",120.0,158,0,1,20,12132.145364002325
"{'type': 'Point', 'coordinates': [7.119148626647208, 9.185273780122108]}",67.0820393249937,308,0,1,10,13630.838345660602
"{'type': 'Point', 'coordinates': [8.69120037385637, 9.9488417716237]}",108.16653826391968,971,0,0,30,12456.063890759411
"{'type': 'Point', 'coordinates': [7.882716618148801, 4.738613123730476]}",30.0,22,0,0,10,26633.44393171463
"{'type': 'Point', 'coordinates': [8.511537317032467, 7.523390504500992]}",123.69316876852982,122,0,0,20,12093.414667808725
"{'type': 'Point', 'coordinates': [5.7716757004679256, 8.46662155282649]}",180.0,227,0,1,10,12786.532595047154
"{'type': 'Point', 'coordinates': [12.0149669250986, 9.589515657975891]}",30.0,160,0,0,40,8829.312322436355
"{'type': 'Point', 'coordinates': [5.457265351026093, 11.700556575656767]}",216.33307652783935,365,0,0,40,9557.822269159533
"{'type': 'Point', 'coordinates': [8.511537317032467, 5.547096879438045]}",313.20919526731655,301,0,1,10,29098.797250363044
"{'type': 'Point', 'coordinates': [4.693697359524499, 8.601368845444417]}",108.16653826391968,346,0,0,20,13101.105788312547
"{'type': 'Point', 'coordinates': [6.310664870939639, 11.700556575656767]}",366.1966684720111,463,0,0,40,10043.083636950552
"{'type': 'Point', 'coordinates': [5.097939237378284, 8.062379674972705]}",84.8528137423857,582,0,1,10,14516.274602489677
"{'type': 'Point', 'coordinates': [11.116651640979079, 8.197126967590634]}",210.0,237,0,1,40,15602.02805355831
"{'type': 'Point', 'coordinates': [14.036176314367523, 11.520893518832862]}",494.77267507411926,307,0,0,30,8171.083457452252
"{'type': 'Point', 'coordinates': [4.6038658311125475, 8.46662155282649]}",0.0,326,0,0,50,12482.325823143698
"{'type': 'Point', 'coordinates': [5.457265351026093, 6.8047382772053755]}",540.0,131,0,1,10,17501.316198093817
"{'type': 'Point', 'coordinates': [3.66063478278705, 6.8047382772053755]}",120.0,22,0,1,10,15795.637967815375
"{'type': 'Point', 'coordinates': [3.3013086691392415, 7.927632382354777]}",335.4101966249685,258,0,1,10,12512.584801637524
"{'type': 'Point', 'coordinates': [4.109792424846811, 10.802241291537246]}",210.0,284,0,0,20,11535.755157983438
"{'type': 'Point', 'coordinates': [11.520893518832862, 10.308167885271509]}",30.0,249,0,0,40,9240.75774034021
"{'type': 'Point', 'coordinates': [11.745472339862744, 7.613222032912945]}",600.0,793,0,0,10,20258.39314489998
"{'type': 'Point', 'coordinates': [5.097939237378284, 6.759822512999399]}",466.6904755831213,88,0,1,10,18364.945089794695
"{'type': 'Point', 'coordinates': [9.544599893769915, 8.511537317032467]}",42.42640687119285,170,0,0,40,11536.561425551285
"{'type': 'Point', 'coordinates': [11.071735876773102, 11.071735876773102]}",384.1874542459709,302,0,0,40,8325.244624032304
"{'type': 'Point', 'coordinates': [7.568306268706968, 5.502181115232069]}",271.66155414412253,82,0,1,10,22136.764400951564
"{'type': 'Point', 'coordinates': [4.4691185384946195, 10.532746706301388]}",0.0,140,1,0,40,12317.470357366252
"{'type': 'Point', 'coordinates': [6.984401334029279, 8.286958496002585]}",189.73665961010278,207,0,0,10,11802.283315510693
"{'type': 'Point', 'coordinates': [7.388643211883064, 4.873360416348404]}",108.16653826391968,18,0,1,10,26170.749112471938
"{'type': 'Point', 'coordinates': [12.868366445012144, 10.128504828447605]}",421.07006542854594,496,0,0,40,11454.416182877736
"{'type': 'Point', 'coordinates': [9.364936836946011, 9.140358015916132]}",216.33307652783935,388,0,0,40,11129.835233286227
"{'type': 'Point', 'coordinates': [6.580159456175495, 9.364936836946011]}",94.86832980505139,253,0,1,40,11703.67496095171
"{'type': 'Point', 'coordinates': [4.244539717464739, 11.161567405185055]}",30.0,214,0,1,20,10290.557115058908
"{'type': 'Point', 'coordinates': [5.008107708966333, 7.298811683471112]}",465.72524088780074,304,0,1,10,16350.670142829418
"{'type': 'Point', 'coordinates': [14.126007842779476, 12.0149669250986]}",494.77267507411926,294,0,0,30,7087.668104211926
"{'type': 'Point', 'coordinates': [8.152211203384658, 8.421705788620514]}",94.86832980505139,95,0,0,40,13319.588338268088
"{'type': 'Point', 'coordinates': [7.343727447677088, 7.882716618148801]}",90.0,223,0,0,10,13769.665118452982
"{'type': 'Point', 'coordinates': [13.991260550161547, 12.823450680806168]}",30.0,283,1,0,90,4001.1205277161216
"{'type': 'Point', 'coordinates': [12.284461510334456, 9.185273780122108]}",127.27922061357854,248,0,1,20,9820.265272505465
"{'type': 'Point', 'coordinates': [6.6699909845874465, 4.693697359524499]}",42.42640687119285,7,0,0,10,23554.61152182333
"{'type': 'Point', 'coordinates': [7.882716618148801, 8.601368845444417]}",123.69316876852982,244,0,1,40,13128.906935927102
"{'type': 'Point', 'coordinates': [3.615719018581074, 6.984401334029279]}",241.86773244895647,108,0,1,10,14457.570876102429
"{'type': 'Point', 'coordinates': [7.747969325530873, 5.681844172055973]}",150.0,110,0,0,10,22400.509578247165
"{'type': 'Point', 'coordinates': [2.8072352628735047, 8.46662155282649]}",361.2478373637689,290,0,0,20,13118.238754106504
"{'type': 'Point', 'coordinates': [11.20648316939103, 7.119148626647208]}",150.0,1099,0,1,10,21006.186805977486
"{'type': 'Point', 'coordinates': [7.074232862441232, 12.374293038746409]}",270.0,458,0,0,20,8564.668790236163
"{'type': 'Point', 'coordinates': [7.792885089736849, 10.84715705574322]}",94.86832980505139,614,0,1,40,11666.39409024641
"{'type': 'Point', 'coordinates': [10.577662470507365, 11.161567405185055]}",364.96575181789314,481,0,0,40,8258.009597467608
"{'type': 'Point', 'coordinates': [4.064876660640834, 8.017463910766729]}",127.27922061357854,308,0,1,20,13088.818357628697
"{'type': 'Point', 'coordinates': [11.475977754626888, 7.8378008539428246]}",510.0,287,0,1,10,18015.910303878474
"{'type': 'Point', 'coordinates': [8.736116138062346, 9.275105308534059]}",60.0,1336,0,1,30,13597.534121195436
"{'type': 'Point', 'coordinates': [8.825947666474299, 7.343727447677088]}",192.09372712298546,147,0,1,40,12975.143080454087
"{'type': 'Point', 'coordinates': [11.386146226214935, 7.927632382354777]}",429.5346318982906,444,0,1,10,16761.244831426855
"{'type': 'Point', 'coordinates': [11.475977754626888, 7.882716618148801]}",496.58836071740546,361,0,1,10,17013.674358336415
"{'type': 'Point', 'coordinates': [11.026820112567126, 8.421705788620514]}",212.13203435596427,244,0,0,40,14307.995859021334
"{'type': 'Point', 'coordinates': [10.397999413683461, 9.095442251710155]}",247.38633753705963,215,0,0,30,10440.967096406133
"{'type': 'Point', 'coordinates': [9.903926007417724, 7.8378008539428246]}",90.0,162,0,0,20,13396.153125514755
"{'type': 'Point', 'coordinates': [9.185273780122108, 8.286958496002585]}",216.33307652783935,191,0,0,40,11689.337527744778
"{'type': 'Point', 'coordinates': [6.086086049909758, 4.783528887936452]}",0.0,15,0,0,10,30089.678725761478
"{'type': 'Point', 'coordinates': [12.598871859776288, 11.565809283038838]}",429.5346318982906,378,0,0,30,8397.765196288405
"{'type': 'Point', 'coordinates': [9.72426295059382, 10.84715705574322]}",192.09372712298546,538,0,0,40,11396.03036897468
"{'type': 'Point', 'coordinates': [8.69120037385637, 8.511537317032467]}",201.24611797498108,204,0,0,40,14051.390152273092
"{'type': 'Point', 'coordinates': [8.46662155282649, 8.91577919488625]}",349.85711369071805,405,0,1,40,16600.35263629329
"{'type': 'Point', 'coordinates': [9.409852601151988, 10.577662470507365]}",313.20919526731655,571,0,0,20,11764.833540189778
"{'type': 'Point', 'coordinates': [9.050526487504179, 9.72426295059382]}",67.0820393249937,1027,0,0,30,11852.535562068017
"{'type': 'Point', 'coordinates': [6.939485569823304, 6.894569805617327]}",152.97058540778355,32,0,0,10,14522.125661997852
"{'type': 'Point', 'coordinates': [8.646284609650394, 5.008107708966333]}",94.86832980505139,41,0,1,10,28658.805516444147
"{'type': 'Point', 'coordinates': [11.970051160892623, 8.601368845444417]}",517.880295048962,720,0,0,30,13673.052365105483
"{'type': 'Point', 'coordinates': [7.8378008539428246, 5.277602294202189]}",90.0,68,0,1,10,23572.20086332783
"{'type': 'Point', 'coordinates': [5.008107708966333, 10.892072819949197]}",180.0,254,0,0,40,11561.575442849338
"{'type': 'Point', 'coordinates': [9.320021072740035, 10.802241291537246]}",403.6087214122113,579,0,0,20,11964.96215913532
"{'type': 'Point', 'coordinates': [4.334371245876691, 10.98190434836115]}",120.0,219,0,0,40,10743.721863112285
"{'type': 'Point', 'coordinates': [7.119148626647208, 7.882716618148801]}",42.42640687119285,64,0,1,40,12252.06782311434
"{'type': 'Point', 'coordinates': [11.296314697802982, 10.397999413683461]}",120.0,317,0,1,40,8969.113353636076
"{'type': 'Point', 'coordinates': [11.745472339862744, 7.253895919265136]}",426.38011210655685,1278,0,0,30,19943.93592418125
"{'type': 'Point', 'coordinates': [3.9750451322288827, 8.197126967590634]}",120.0,355,0,0,40,12220.150224602432
"{'type': 'Point', 'coordinates': [4.648781595318524, 8.331874260208561]}",67.0820393249937,344,0,1,20,13367.953891167053
"{'type': 'Point', 'coordinates': [11.386146226214935, 9.544599893769915]}",108.16653826391968,346,0,0,40,9846.04662315938
"{'type': 'Point', 'coordinates': [5.008107708966333, 7.792885089736849]}",169.7056274847714,430,0,1,10,15059.231616453792
"{'type': 'Point', 'coordinates': [8.870863430680274, 10.98190434836115]}",296.98484809834997,658,0,0,40,12267.213721187494
"{'type': 'Point', 'coordinates': [10.892072819949197, 9.185273780122108]}",108.16653826391968,183,0,0,40,9876.148725197509
"{'type': 'Point', 'coordinates': [10.892072819949197, 9.9488417716237]}",284.60498941515414,576,0,0,40,9844.44497320382
"{'type': 'Point', 'coordinates': [7.65813779711892, 9.095442251710155]}",94.86832980505139,448,0,1,40,14148.05656874879
"{'type': 'Point', 'coordinates': [13.452271379689835, 10.487830942095414]}",271.66155414412253,898,0,0,30,11280.552605857303
"{'type': 'Point', 'coordinates': [10.532746706301388, 9.993757535829676]}",523.9274758971894,312,0,0,20,9374.277608839795
"{'type': 'Point', 'coordinates': [11.161567405185055, 7.65813779711892]}",432.6661530556787,536,0,0,10,20044.81773856009
"{'type': 'Point', 'coordinates': [9.275105308534059, 9.544599893769915]}",180.0,1075,0,0,40,11972.797632880152
"{'type': 'Point', 'coordinates': [4.244539717464739, 10.712409763125294]}",152.97058540778355,225,0,0,40,10335.288597674456
"{'type': 'Point', 'coordinates': [8.511537317032467, 10.487830942095414]}",182.48287590894657,761,0,0,40,13534.27935341373
"{'type': 'Point', 'coordinates': [4.109792424846811, 8.242042731796609]}",67.0820393249937,400,0,0,20,12071.47717199021
"{'type': 'Point', 'coordinates': [8.421705788620514, 10.75732552733127]}",0.0,689,0,1,40,12922.692319825757
"{'type': 'Point', 'coordinates': [11.251398933597006, 8.556453081238441]}",342.05262752974136,206,0,0,40,14264.404671846365
"{'type': 'Point', 'coordinates': [9.140358015916132, 8.601368845444417]}",123.69316876852982,141,0,0,40,12847.540781914133
"{'type': 'Point', 'coordinates': [13.362439851277882, 10.712409763125294]}",429.5346318982906,457,0,0,40,9720.636318414565
"{'type': 'Point', 'coordinates': [5.187770765790236, 8.197126967590634]}",150.0,455,0,1,10,13889.985913912638
"{'type': 'Point', 'coordinates': [5.187770765790236, 7.65813779711892]}",210.0,459,0,0,10,14444.334408870927
"{'type': 'Point', 'coordinates': [9.9488417716237, 7.613222032912945]}",67.0820393249937,176,0,0,40,14886.10447188969
"{'type': 'Point', 'coordinates': [13.631934436513738, 10.802241291537246]}",488.3646178829912,625,0,0,40,10031.269638088339
"{'type': 'Point', 'coordinates': [12.104798453510552, 10.173420592653581]}",240.0,255,0,0,40,10256.005479232641
"{'type': 'Point', 'coordinates': [11.431061990420911, 7.7030535613248965]}",534.1348144429458,405,0,0,10,20196.877919545426
"{'type': 'Point', 'coordinates': [11.88021963248067, 9.140358015916132]}",212.13203435596427,442,0,0,20,10866.298685837604
"{'type': 'Point', 'coordinates': [9.230189544328082, 10.218336356859556]}",276.5863337187866,822,0,0,20,13058.365307061817
"{'type': 'Point', 'coordinates': [5.457265351026093, 8.736116138062346]}",127.27922061357854,152,0,1,40,12131.080990206003
"{'type': 'Point', 'coordinates': [5.277602294202189, 7.568306268706968]}",276.5863337187866,434,0,1,10,14182.987953837786
"{'type': 'Point', 'coordinates': [5.232686529996212, 11.20648316939103]}",94.86832980505139,370,0,0,40,10969.277961390275
"{'type': 'Point', 'coordinates': [9.634431422181867, 8.376790024414538]}",108.16653826391968,146,0,0,40,10973.67038668946
"{'type': 'Point', 'coordinates': [7.074232862441232, 11.026820112567126]}",84.8528137423857,668,0,0,40,11040.668457925709
"{'type': 'Point', 'coordinates': [10.442915177889438, 11.071735876773102]}",330.0,499,0,1,40,9034.288317003171
"{'type': 'Point', 'coordinates': [4.379287010082667, 7.388643211883064]}",351.14099732158877,194,0,1,10,16118.237565472722
"{'type': 'Point', 'coordinates': [3.66063478278705, 9.49968412956394]}",323.10988842807024,361,0,0,20,11801.734848503507
"{'type': 'Point', 'coordinates': [6.984401334029279, 10.218336356859556]}",67.0820393249937,437,0,1,20,12339.784864134306
"{'type': 'Point', 'coordinates': [7.298811683471112, 8.107295439178682]}",60.0,64,0,0,40,11917.212557720824
"{'type': 'Point', 'coordinates': [6.355580635145614, 5.053023473172308]}",30.0,21,0,1,10,28213.60167875886
"{'type': 'Point', 'coordinates': [7.029317098235255, 11.026820112567126]}",67.0820393249937,664,0,0,40,11098.71752214533
"{'type': 'Point', 'coordinates': [8.197126967590634, 7.253895919265136]}",375.89892258425004,130,0,0,20,12173.286892527714
"{'type': 'Point', 'coordinates': [5.6369284078499975, 12.778534916600194]}",120.0,309,0,0,30,7071.483274209995
"{'type': 'Point', 'coordinates': [5.053023473172308, 9.005610723298203]}",84.8528137423857,196,0,0,40,10940.731165076075
"{'type': 'Point', 'coordinates': [9.185273780122108, 7.523390504500992]}",0.0,92,0,0,40,12465.085766036016
"{'type': 'Point', 'coordinates': [5.861507228879877, 4.514034302700596]}",30.0,6,0,0,95,31629.748404607177
"{'type': 'Point', 'coordinates': [4.873360416348404, 11.296314697802982]}",212.13203435596427,241,0,0,30,10830.437317092368
"{'type': 'Point', 'coordinates': [3.750466311199002, 7.8378008539428246]}",210.0,209,0,1,40,12024.663993750728
"{'type': 'Point', 'coordinates': [6.6699909845874465, 11.700556575656767]}",301.4962686336267,548,0,0,40,9929.974423137784
"{'type': 'Point', 'coordinates': [7.164064390853183, 9.275105308534059]}",42.42640687119285,447,0,0,40,14135.182224528155
"{'type': 'Point', 'coordinates': [9.859010243211747, 9.814094479005773]}",390.0,540,0,0,40,10833.798982497916
"{'type': 'Point', 'coordinates': [11.475977754626888, 7.119148626647208]}",234.30749027719963,931,0,0,10,20444.230462606996
"{'type': 'Point', 'coordinates': [13.766681729131667, 13.317524087071906]}",150.0,282,0,0,90,2884.399244542792
"{'type': 'Point', 'coordinates': [8.376790024414538, 10.397999413683461]}",241.86773244895647,828,0,1,20,13165.290390441194
"{'type': 'Point', 'coordinates': [7.65813779711892, 10.442915177889438]}",60.0,679,0,0,40,12340.446335348772
"{'type': 'Point', 'coordinates': [11.700556575656767, 7.7030535613248965]}",632.8506932918697,680,0,0,10,19680.09335399326
"{'type': 'Point', 'coordinates': [7.972548146560753, 5.681844172055973]}",0.0,21,0,0,10,22732.02241419442
"{'type': 'Point', 'coordinates': [8.242042731796609, 11.026820112567126]}",94.86832980505139,688,0,0,40,11591.464820631314
"{'type': 'Point', 'coordinates': [7.568306268706968, 5.861507228879877]}",270.0,62,0,0,40,19715.723627182946
"{'type': 'Point', 'coordinates': [11.116651640979079, 9.9488417716237]}",150.0,442,0,0,40,9808.916407172102
"{'type': 'Point', 'coordinates': [6.984401334029279, 9.185273780122108]}",152.97058540778355,268,0,0,40,13146.148665460862
"{'type': 'Point', 'coordinates': [8.242042731796609, 8.46662155282649]}",67.0820393249937,91,0,1,40,13597.74553035233
"{'type': 'Point', 'coordinates': [10.397999413683461, 8.376790024414538]}",90.0,151,0,0,40,12000.061068094603
"{'type': 'Point', 'coordinates': [11.386146226214935, 8.017463910766729]}",408.0441152620633,432,0,1,10,16983.462359611254
"{'type': 'Point', 'coordinates': [5.547096879438045, 6.984401334029279]}",660.6814663663572,157,0,1,30,15815.923922726884
"{'type': 'Point', 'coordinates': [5.906422993085854, 7.747969325530873]}",271.66155414412253,397,0,1,10,13884.580992586238
"{'type': 'Point', 'coordinates': [6.580159456175495, 4.648781595318524]}",30.0,6,0,0,95,26177.05108960718
"{'type': 'Point', 'coordinates': [8.376790024414538, 10.936988584155173]}",60.0,689,0,0,40,12072.959945988609
"{'type': 'Point', 'coordinates': [10.263252121065532, 12.374293038746409]}",94.86832980505139,355,0,0,40,6137.5976253104545
"{'type': 'Point', 'coordinates': [8.91577919488625, 8.107295439178682]}",161.55494421403512,151,0,0,20,12514.265260476212
"{'type': 'Point', 'coordinates': [9.095442251710155, 7.029317098235255]}",150.0,175,0,0,40,15343.66108725965
"{'type': 'Point', 'coordinates': [12.149714217716529, 8.646284609650394]}",408.0441152620633,404,0,0,40,13139.63219155906
"{'type': 'Point', 'coordinates': [7.388643211883064, 10.263252121065532]}",67.0820393249937,608,0,1,20,13187.871809190183
"{'type': 'Point', 'coordinates': [9.993757535829676, 8.46662155282649]}",90.0,104,0,0,20,11207.204091053174
"{'type': 'Point', 'coordinates': [11.610725047244815, 8.646284609650394]}",456.9463863518345,1118,0,1,10,14582.79597862125
"{'type': 'Point', 'coordinates': [13.901429021749594, 12.374293038746409]}",240.0,291,0,0,30,7105.9946131401475
"{'type': 'Point', 'coordinates': [7.298811683471112, 11.116651640979079]}",0.0,650,0,0,40,10375.33163760948
"{'type': 'Point', 'coordinates': [3.256392904933265, 9.320021072740035]}",424.26406871192853,397,0,0,20,11949.323044650311
"{'type': 'Point', 'coordinates': [11.20648316939103, 9.140358015916132]}",123.69316876852982,141,0,0,40,9519.13284839737
"{'type': 'Point', 'coordinates': [8.69120037385637, 7.927632382354777]}",90.0,111,0,0,20,12066.656620824127
"{'type': 'Point', 'coordinates': [7.029317098235255, 5.861507228879877]}",174.92855684535903,73,0,0,10,20602.21774616791
"{'type': 'Point', 'coordinates': [4.064876660640834, 10.532746706301388]}",42.42640687119285,258,0,0,20,11891.795149280433
"{'type': 'Point', 'coordinates': [12.464124567158361, 9.769178714799796]}",216.33307652783935,297,0,0,40,10087.16037144266
"{'type': 'Point', 'coordinates': [5.726759936261949, 8.960694959092226]}",60.0,101,0,1,10,11780.44607074997
"{'type': 'Point', 'coordinates': [7.074232862441232, 4.873360416348404]}",30.0,23,0,0,50,22764.318324241787
"{'type': 'Point', 'coordinates': [6.131001814115734, 11.970051160892623]}",335.4101966249685,382,0,0,20,9562.27604006178
"{'type': 'Point', 'coordinates': [3.5258874901691217, 9.454768365357964]}",342.05262752974136,364,0,1,20,12010.221025300456
"{'type': 'Point', 'coordinates': [13.003113737630073, 11.341230462008959]}",283.0194339616981,371,0,0,20,9221.650373317203
"{'type': 'Point', 'coordinates': [10.218336356859556, 10.75732552733127]}",276.5863337187866,494,0,0,40,9306.35905255724
"{'type': 'Point', 'coordinates': [9.364936836946011, 6.894569805617327]}",108.16653826391968,231,0,0,40,19167.41369476107
"{'type': 'Point', 'coordinates': [9.769178714799796, 7.029317098235255]}",94.86832980505139,526,0,1,10,22608.645275048148
"{'type': 'Point', 'coordinates': [9.005610723298203, 10.353083649477485]}",301.4962686336267,918,0,1,40,13451.634162815288
"{'type': 'Point', 'coordinates': [8.646284609650394, 6.310664870939639]}",150.0,105,0,0,10,21255.707848942548
"{'type': 'Point', 'coordinates': [8.601368845444417, 9.050526487504179]}",228.47319317591726,477,0,1,20,15006.86242476676
"{'type': 'Point', 'coordinates': [3.3013086691392415, 7.792885089736849]}",313.20919526731655,176,0,1,20,11925.03598810971
"{'type': 'Point', 'coordinates': [11.161567405185055, 6.759822512999399]}",60.0,1416,0,0,30,19321.112237046505
"{'type': 'Point', 'coordinates': [7.927632382354777, 7.8378008539428246]}",84.8528137423857,155,0,0,20,12402.517882269567
"{'type': 'Point', 'coordinates': [9.005610723298203, 10.667493998919317]}",364.96575181789314,784,0,1,40,13680.346060555734
"{'type': 'Point', 'coordinates': [8.91577919488625, 6.220833342527686]}",301.4962686336267,125,0,1,10,22846.850302148592
"{'type': 'Point', 'coordinates': [6.310664870939639, 10.397999413683461]}",318.9043743820395,351,0,0,40,12084.167820717113
"{'type': 'Point', 'coordinates': [11.565809283038838, 7.972548146560753]}",531.6013544000805,355,0,1,10,15739.178945129868
"{'type': 'Point', 'coordinates': [5.322518058408165, 7.478474740295016]}",342.05262752974136,352,0,1,10,14763.406417044742
"{'type': 'Point', 'coordinates': [5.322518058408165, 8.017463910766729]}",94.86832980505139,427,0,1,20,14618.730981973466
"{'type': 'Point', 'coordinates': [8.331874260208561, 11.161567405185055]}",0.0,614,0,0,40,10291.77280898043
"{'type': 'Point', 'coordinates': [9.050526487504179, 10.532746706301388]}",417.85164831552356,848,0,0,30,13709.654918508139
"{'type': 'Point', 'coordinates': [6.5352436919695185, 5.547096879438045]}",0.0,18,0,0,10,25635.782836468657
"{'type': 'Point', 'coordinates': [7.164064390853183, 4.963191944760356]}",108.16653826391968,32,0,1,10,23942.23964450322
"{'type': 'Point', 'coordinates': [7.164064390853183, 9.49968412956394]}",161.55494421403512,502,0,0,40,14648.97859226024
"{'type': 'Point', 'coordinates': [6.445412163557567, 5.6369284078499975]}",67.0820393249937,22,0,1,10,24230.23500414606
"{'type': 'Point', 'coordinates': [10.712409763125294, 9.275105308534059]}",201.24611797498108,187,0,0,40,10034.80493802592
"{'type': 'Point', 'coordinates': [8.781031902268323, 7.029317098235255]}",342.05262752974136,135,0,0,40,14423.53154209815
"{'type': 'Point', 'coordinates': [10.936988584155173, 10.218336356859556]}",361.2478373637689,598,0,0,40,9373.043435925996
"{'type': 'Point', 'coordinates': [11.475977754626888, 7.613222032912945]}",512.6402247190518,409,0,1,10,20099.77034237908
"{'type': 'Point', 'coordinates': [8.601368845444417, 9.634431422181867]}",84.8528137423857,934,0,0,40,13235.415868570766
"{'type': 'Point', 'coordinates': [11.386146226214935, 11.161567405185055]}",313.20919526731655,294,0,0,40,8022.987236323126
"{'type': 'Point', 'coordinates': [4.019960896434859, 11.251398933597006]}",108.16653826391968,244,0,1,40,10914.290746416358
"{'type': 'Point', 'coordinates': [9.230189544328082, 10.487830942095414]}",421.07006542854594,697,0,0,20,13380.422213512007
"{'type': 'Point', 'coordinates': [5.3674338226141405, 11.431061990420911]}",60.0,382,0,0,40,10491.352826919068
"{'type': 'Point', 'coordinates': [12.509040331364336, 10.442915177889438]}",276.5863337187866,392,0,0,30,10704.527597446908
"{'type': 'Point', 'coordinates': [6.355580635145614, 4.424202774288643]}",0.0,9,0,0,95,30174.58795166388
"{'type': 'Point', 'coordinates': [3.166561376521313, 7.927632382354777]}",390.0,228,0,1,20,12337.170599278863
"{'type': 'Point', 'coordinates': [2.8072352628735047, 6.490327927763542]}",30.0,17,0,1,10,14166.364305786323
"{'type': 'Point', 'coordinates': [8.152211203384658, 12.194629981922503]}",0.0,510,0,0,40,8827.475755737192
"{'type': 'Point', 'coordinates': [10.173420592653581, 12.509040331364336]}",30.0,356,0,0,40,6218.06834013091
"{'type': 'Point', 'coordinates': [10.84715705574322, 9.364936836946011]}",216.33307652783935,270,0,0,20,9784.022610357228
"{'type': 'Point', 'coordinates': [6.490327927763542, 7.972548146560753]}",42.42640687119285,235,0,1,10,13038.583313821138
"{'type': 'Point', 'coordinates': [5.861507228879877, 4.738613123730476]}",42.42640687119285,20,0,1,10,31899.641720192056
"{'type': 'Point', 'coordinates': [7.164064390853183, 8.781031902268323]}",254.5584412271571,268,0,0,10,13079.293419170648
"{'type': 'Point', 'coordinates': [7.972548146560753, 11.655640811450791]}",0.0,528,0,0,40,9787.288439515978
"{'type': 'Point', 'coordinates': [6.131001814115734, 6.220833342527686]}",366.1966684720111,162,0,0,30,17565.120057693915
"{'type': 'Point', 'coordinates': [7.747969325530873, 5.6369284078499975]}",152.97058540778355,78,0,1,10,22831.8433472501
"{'type': 'Point', 'coordinates': [12.868366445012144, 9.230189544328082]}",94.86832980505139,205,0,0,40,9963.907321894541
"{'type': 'Point', 'coordinates': [8.286958496002585, 9.9488417716237]}",94.86832980505139,784,0,1,20,13469.48344949305
"{'type': 'Point', 'coordinates': [7.792885089736849, 5.187770765790236]}",120.0,96,0,0,10,23902.820283139125
"{'type': 'Point', 'coordinates': [11.79038810406872, 7.927632382354777]}",684.1052550594827,461,0,1,20,16298.648288185283
"{'type': 'Point', 'coordinates': [10.892072819949197, 10.218336356859556]}",381.8376618407357,459,0,0,40,9374.029195804322
"{'type': 'Point', 'coordinates': [10.308167885271509, 7.20898015505916]}",30.0,323,0,0,20,20995.46540308973
"{'type': 'Point', 'coordinates': [6.6699909845874465, 8.376790024414538]}",60.0,157,0,1,10,11850.144289555405
"{'type': 'Point', 'coordinates': [8.646284609650394, 5.7716757004679256]}",268.3281572999748,266,0,1,10,26441.855549100204
"{'type': 'Point', 'coordinates': [11.071735876773102, 10.84715705574322]}",313.20919526731655,599,0,0,20,9181.155094458258
"{'type': 'Point', 'coordinates': [7.8378008539428246, 7.613222032912945]}",240.0,189,0,0,10,13233.447680658133
"{'type': 'Point', 'coordinates': [4.648781595318524, 8.062379674972705]}",108.16653826391968,388,0,1,10,14315.702864993142
"{'type': 'Point', 'coordinates': [12.419208802952385, 10.936988584155173]}",342.05262752974136,475,0,0,20,9917.942751319322
"{'type': 'Point', 'coordinates': [10.308167885271509, 9.005610723298203]}",210.0,169,0,0,20,10624.658544908547
"{'type': 'Point', 'coordinates': [8.781031902268323, 8.107295439178682]}",210.0,130,0,1,40,12966.536967205895
"{'type': 'Point', 'coordinates': [7.343727447677088, 12.329377274540432]}",90.0,477,0,0,40,8342.003016935152
"{'type': 'Point', 'coordinates': [8.825947666474299, 5.547096879438045]}",457.93012567421243,330,0,1,10,28753.561956577003
"{'type': 'Point', 'coordinates': [9.185273780122108, 8.152211203384658]}",150.0,139,0,0,40,11630.244355882018
"{'type': 'Point', 'coordinates': [4.648781595318524, 6.8047382772053755]}",335.4101966249685,129,0,1,10,18691.37716962397
"{'type': 'Point', 'coordinates': [5.502181115232069, 11.79038810406872]}",283.0194339616981,374,0,0,40,9842.088481014562
"{'type': 'Point', 'coordinates': [7.65813779711892, 5.7716757004679256]}",210.0,96,0,1,10,21264.925828263324
"{'type': 'Point', 'coordinates': [5.6369284078499975, 6.8047382772053755]}",547.4486277268397,65,0,0,10,17345.329936475493
"{'type': 'Point', 'coordinates': [10.75732552733127, 8.152211203384658]}",42.42640687119285,174,0,1,20,13961.698714204162
"{'type': 'Point', 'coordinates': [6.759822512999399, 9.769178714799796]}",67.0820393249937,422,0,0,20,12773.985784017257
"{'type': 'Point', 'coordinates': [6.849654041411351, 6.5352436919695185]}",67.0820393249937,25,0,0,30,16789.34438288212
"{'type': 'Point', 'coordinates': [9.409852601151988, 11.026820112567126]}",258.0697580112788,680,0,0,20,12194.368649815908
"{'type': 'Point', 'coordinates': [7.65813779711892, 4.963191944760356]}",150.0,49,0,0,10,24349.25264134258
"{'type': 'Point', 'coordinates': [5.008107708966333, 10.84715705574322]}",180.0,251,0,0,40,11691.048010654009
"{'type': 'Point', 'coordinates': [9.185273780122108, 9.409852601151988]}",134.1640786499874,1142,0,1,40,11655.438108653238
"{'type': 'Point', 'coordinates': [13.182776794453977, 10.397999413683461]}",296.98484809834997,530,0,0,40,10582.735381425959
"{'type': 'Point', 'coordinates': [9.993757535829676, 7.747969325530873]}",42.42640687119285,137,0,0,40,14334.452353901137
"{'type': 'Point', 'coordinates': [8.017463910766729, 11.341230462008959]}",169.7056274847714,673,0,0,40,9654.969421648624
"{'type': 'Point', 'coordinates': [4.109792424846811, 9.050526487504179]}",180.0,398,0,0,20,11182.059484979545
"{'type': 'Point', 'coordinates': [7.164064390853183, 7.927632382354777]}",0.0,46,1,1,20,11993.486062920652
"{'type': 'Point', 'coordinates': [13.182776794453977, 10.667493998919317]}",442.944691807002,483,0,0,40,9897.540872870846
"{'type': 'Point', 'coordinates': [10.128504828447605, 8.511537317032467]}",0.0,101,1,1,10,11065.005391051345
"{'type': 'Point', 'coordinates': [7.164064390853183, 5.7716757004679256]}",241.86773244895647,154,0,1,10,22308.114095005876
"{'type': 'Point', 'coordinates': [4.693697359524499, 6.265749106733662]}",42.42640687119285,11,0,1,10,21641.587984025107
"{'type': 'Point', 'coordinates': [5.457265351026093, 9.903926007417724]}",335.4101966249685,291,0,1,40,11923.093513814114
"{'type': 'Point', 'coordinates': [9.859010243211747, 9.589515657975891]}",305.9411708155671,632,0,0,20,10511.9827223811
"{'type': 'Point', 'coordinates': [8.062379674972705, 6.8047382772053755]}",381.8376618407357,73,0,0,20,15502.691827896799
"{'type': 'Point', 'coordinates': [11.431061990420911, 10.75732552733127]}",67.0820393249937,279,0,0,40,8542.991870288643
"{'type': 'Point', 'coordinates': [11.79038810406872, 9.814094479005773]}",123.69316876852982,785,0,0,30,9956.479326170549
"{'type': 'Point', 'coordinates': [10.667493998919317, 7.882716618148801]}",228.47319317591726,326,0,0,40,16229.610901201955
"{'type': 'Point', 'coordinates': [4.91827618055438, 9.544599893769915]}",94.86832980505139,189,0,0,40,11813.316960370403
"{'type': 'Point', 'coordinates': [11.161567405185055, 11.071735876773102]}",339.4112549695428,326,0,0,40,8174.956399233597
"{'type': 'Point', 'coordinates': [4.109792424846811, 8.511537317032467]}",218.40329667841553,355,0,1,20,12474.839651547518
"{'type': 'Point', 'coordinates': [9.49968412956394, 8.825947666474299]}",42.42640687119285,190,0,0,40,12280.170762891386
"{'type': 'Point', 'coordinates': [12.104798453510552, 10.308167885271509]}",150.0,528,0,0,20,10747.136773931994
"{'type': 'Point', 'coordinates': [8.601368845444417, 5.232686529996212]}",234.30749027719963,118,0,0,10,28455.86312744182
"{'type': 'Point', 'coordinates': [7.613222032912945, 5.457265351026093]}",247.38633753705963,84,0,1,10,22787.123501261514
"{'type': 'Point', 'coordinates': [9.544599893769915, 10.84715705574322]}",283.0194339616981,509,0,0,40,11510.59880554356
"{'type': 'Point', 'coordinates': [12.194629981922503, 10.083589064241629]}",228.47319317591726,698,0,0,20,10603.083048339613
"{'type': 'Point', 'coordinates': [2.897066791285457, 8.152211203384658]}",331.36083051561786,275,0,1,20,13380.062019273813
"{'type': 'Point', 'coordinates': [3.256392904933265, 8.286958496002585]}",276.5863337187866,288,0,1,20,12159.199233312536
"{'type': 'Point', 'coordinates': [7.119148626647208, 6.625075220381471]}",192.09372712298546,92,0,0,20,16155.78443680238
"{'type': 'Point', 'coordinates': [9.993757535829676, 8.69120037385637]}",150.0,157,0,0,40,11260.052589430252
"{'type': 'Point', 'coordinates': [11.431061990420911, 7.388643211883064]}",362.49137920783716,428,0,0,10,20528.72838719096
"{'type': 'Point', 'coordinates': [4.334371245876691, 10.712409763125294]}",108.16653826391968,189,0,0,40,10392.455151546132
"{'type': 'Point', 'coordinates': [8.556453081238441, 9.275105308534059]}",134.1640786499874,606,0,1,30,14202.662860553955
"{'type': 'Point', 'coordinates': [11.20648316939103, 7.927632382354777]}",324.4996147917591,254,0,1,40,16908.990115663764
"{'type': 'Point', 'coordinates': [4.244539717464739, 11.026820112567126]}",94.86832980505139,244,0,1,40,11039.776230186697
"{'type': 'Point', 'coordinates': [4.109792424846811, 9.230189544328082]}",216.33307652783935,300,0,0,20,10716.309200738699
"{'type': 'Point', 'coordinates': [12.059882689304576, 10.622578234713341]}",67.0820393249937,625,0,0,40,10781.917888190357
"{'type': 'Point', 'coordinates': [6.086086049909758, 10.532746706301388]}",424.26406871192853,330,0,0,20,12085.94403352897
"{'type': 'Point', 'coordinates': [8.152211203384658, 5.547096879438045]}",90.0,139,0,0,10,27164.2470664829
"{'type': 'Point', 'coordinates': [3.4360559617571695, 8.197126967590634]}",182.48287590894657,300,0,1,20,12131.292687687404
"{'type': 'Point', 'coordinates': [11.386146226214935, 11.655640811450791]}",480.93658625644196,405,0,0,40,7989.454165865567
"{'type': 'Point', 'coordinates': [6.849654041411351, 5.142855001584261]}",182.48287590894657,44,0,1,10,24878.144784912467
"{'type': 'Point', 'coordinates': [10.532746706301388, 12.284461510334456]}",258.0697580112788,359,0,0,30,5699.36269394191
"{'type': 'Point', 'coordinates': [12.958197973424097, 10.667493998919317]}",530.7541803886239,483,0,0,40,10150.100937526615
"{'type': 'Point', 'coordinates': [6.17591757832171, 7.164064390853183]}",305.9411708155671,152,0,1,20,13046.011430387836
"{'type': 'Point', 'coordinates': [6.939485569823304, 10.038673300035653]}",0.0,389,1,0,30,13885.645856102754
"{'type': 'Point', 'coordinates': [11.610725047244815, 8.107295439178682]}",543.3231082882451,377,0,1,10,16023.602263529743
"{'type': 'Point', 'coordinates': [11.655640811450791, 8.421705788620514]}",589.406481131655,522,0,1,10,15569.057913078286
"{'type': 'Point', 'coordinates': [4.019960896434859, 10.577662470507365]}",84.8528137423857,262,0,0,20,12170.27509806315
"{'type': 'Point', 'coordinates': [5.547096879438045, 9.634431422181867]}",241.86773244895647,175,0,1,40,12441.076877863205
"{'type': 'Point', 'coordinates': [3.9301293680229064, 10.532746706301388]}",123.69316876852982,286,0,0,20,12262.63562109544
"{'type': 'Point', 'coordinates': [10.083589064241629, 10.667493998919317]}",212.13203435596427,530,0,1,30,9976.402823895623
"{'type': 'Point', 'coordinates': [8.960694959092226, 8.421705788620514]}",150.0,141,0,0,20,13611.067199582205
"{'type': 'Point', 'coordinates': [8.601368845444417, 6.17591757832171]}",90.0,83,0,1,10,22169.75477706641
"{'type': 'Point', 'coordinates': [11.251398933597006, 8.960694959092226]}",161.55494421403512,197,0,0,40,10659.519041066846
"{'type': 'Point', 'coordinates': [11.88021963248067, 10.532746706301388]}",150.0,408,0,0,40,10916.0826622638
"{'type': 'Point', 'coordinates': [6.310664870939639, 7.20898015505916]}",228.47319317591726,295,0,1,20,13355.205470917252
"{'type': 'Point', 'coordinates': [10.083589064241629, 7.119148626647208]}",150.0,277,0,0,20,22311.769366586115
"{'type': 'Point', 'coordinates': [7.7030535613248965, 6.984401334029279]}",391.15214431215895,209,0,0,10,13853.154710937215
"{'type': 'Point', 'coordinates': [4.648781595318524, 9.230189544328082]}",30.0,161,0,1,20,11724.169161534957
"{'type': 'Point', 'coordinates': [7.65813779711892, 6.984401334029279]}",390.0,233,0,0,10,13765.942163153548
"{'type': 'Point', 'coordinates': [7.478474740295016, 11.745472339862744]}",67.0820393249937,617,0,0,40,9575.486576850624
"{'type': 'Point', 'coordinates': [6.220833342527686, 5.142855001584261]}",30.0,20,0,1,10,27136.722392724158
"{'type': 'Point', 'coordinates': [9.095442251710155, 8.331874260208561]}",228.47319317591726,212,0,0,40,12680.014383669288
"{'type': 'Point', 'coordinates': [4.4691185384946195, 7.20898015505916]}",453.9823785126467,204,0,1,10,16409.37104779482
"{'type': 'Point', 'coordinates': [8.242042731796609, 10.936988584155173]}",108.16653826391968,661,0,1,40,11428.964371012058
"{'type': 'Point', 'coordinates': [10.173420592653581, 9.185273780122108]}",271.66155414412253,255,0,1,20,9849.266562053584
"{'type': 'Point', 'coordinates': [13.542102908101786, 11.700556575656767]}",150.0,315,0,0,30,7386.992489680612
"{'type': 'Point', 'coordinates': [9.49968412956394, 7.882716618148801]}",94.86832980505139,159,0,0,20,11859.189369278458
"{'type': 'Point', 'coordinates': [7.613222032912945, 9.9488417716237]}",94.86832980505139,659,0,0,20,14587.832422147594
"{'type': 'Point', 'coordinates': [4.91827618055438, 7.523390504500992]}",339.4112549695428,455,0,1,10,16020.34584517697
"{'type': 'Point', 'coordinates': [11.341230462008959, 8.242042731796609]}",361.2478373637689,256,0,1,10,15441.339997976691
"{'type': 'Point', 'coordinates': [7.927632382354777, 5.7716757004679256]}",30.0,34,0,1,10,19998.81657121126
"{'type': 'Point', 'coordinates': [8.286958496002585, 10.84715705574322]}",60.0,672,0,1,40,12651.409249592441
"{'type': 'Point', 'coordinates': [8.376790024414538, 7.613222032912945]}",108.16653826391968,101,0,0,20,12306.862806233421
"{'type': 'Point', 'coordinates': [5.95133875729183, 9.095442251710155]}",90.0,173,0,1,40,11845.311515432531
"{'type': 'Point', 'coordinates': [6.086086049909758, 5.592012643644021]}",189.73665961010278,18,0,0,10,22980.231575607468
"{'type': 'Point', 'coordinates': [10.038673300035653, 8.781031902268323]}",161.55494421403512,153,0,0,40,11015.880690226113
"{'type': 'Point', 'coordinates': [13.901429021749594, 13.182776794453977]}",30.0,282,0,0,90,2981.5656701286766
"{'type': 'Point', 'coordinates': [10.532746706301388, 8.69120037385637]}",30.0,108,1,1,40,11097.08420230148
"{'type': 'Point', 'coordinates': [6.131001814115734, 9.634431422181867]}",0.0,128,0,0,40,11243.740693675762
"{'type': 'Point', 'coordinates': [12.688703388188241, 9.859010243211747]}",342.05262752974136,336,0,1,30,10409.70175461256
"{'type': 'Point', 'coordinates': [3.256392904933265, 8.242042731796609]}",300.0,285,0,0,20,11947.54878355937
"{'type': 'Point', 'coordinates': [8.511537317032467, 7.8378008539428246]}",30.0,101,0,0,40,12222.64400687335
"{'type': 'Point', 'coordinates': [6.759822512999399, 5.322518058408165]}",150.0,41,0,1,10,23898.468128098175
"{'type': 'Point', 'coordinates': [5.7716757004679256, 9.409852601151988]}",60.0,111,0,0,20,11996.296222990233
"{'type': 'Point', 'coordinates': [7.298811683471112, 5.906422993085854]}",351.14099732158877,136,0,1,10,19964.651750709396
"{'type': 'Point', 'coordinates': [9.095442251710155, 9.679347186387844]}",108.16653826391968,1060,0,0,30,11746.821584950103
"{'type': 'Point', 'coordinates': [4.963191944760356, 8.376790024414538]}",192.09372712298546,366,0,1,20,14321.904605936754
"{'type': 'Point', 'coordinates': [6.984401334029279, 8.736116138062346]}",361.2478373637689,184,0,1,40,12180.220496753196
"{'type': 'Point', 'coordinates': [6.086086049909758, 9.49968412956394]}",67.0820393249937,148,0,1,40,11123.350180539803
"{'type': 'Point', 'coordinates': [5.592012643644021, 10.802241291537246]}",276.5863337187866,385,0,0,20,12195.192571062868
"{'type': 'Point', 'coordinates': [14.036176314367523, 12.23954574612848]}",335.4101966249685,290,0,0,30,6906.520199432035
"{'type': 'Point', 'coordinates': [7.8378008539428246, 5.861507228879877]}",90.0,48,0,1,20,18775.806073396932
"{'type': 'Point', 'coordinates': [7.298811683471112, 8.331874260208561]}",189.73665961010278,141,0,1,20,11882.82453314219
"{'type': 'Point', 'coordinates': [5.277602294202189, 11.610725047244815]}",120.0,411,0,0,40,10118.758980567076
"{'type': 'Point', 'coordinates': [5.008107708966333, 6.984401334029279]}",550.7267925205746,190,0,1,10,17776.888947147876
"{'type': 'Point', 'coordinates': [7.119148626647208, 5.816591464673902]}",218.40329667841553,207,0,0,10,21631.948508279747
"{'type': 'Point', 'coordinates': [9.589515657975891, 9.589515657975891]}",323.10988842807024,714,0,0,30,11196.30410689801
"{'type': 'Point', 'coordinates': [5.592012643644021, 9.005610723298203]}",42.42640687119285,107,0,0,20,11099.805974523228
"{'type': 'Point', 'coordinates': [10.936988584155173, 9.050526487504179]}",30.0,122,1,0,40,9884.545039507548
"{'type': 'Point', 'coordinates': [9.993757535829676, 7.972548146560753]}",30.0,133,0,1,40,11920.737129485882
"{'type': 'Point', 'coordinates': [4.244539717464739, 9.230189544328082]}",247.38633753705963,341,0,0,20,11066.7414063746
"{'type': 'Point', 'coordinates': [6.894569805617327, 6.714906748793423]}",161.55494421403512,29,0,1,30,15589.889173352518
"{'type': 'Point', 'coordinates': [6.849654041411351, 7.8378008539428246]}",0.0,41,1,1,10,13541.02437330177
"{'type': 'Point', 'coordinates': [8.646284609650394, 8.376790024414538]}",182.48287590894657,200,0,1,40,13667.70747756568
"{'type': 'Point', 'coordinates': [9.275105308534059, 8.556453081238441]}",169.7056274847714,159,0,0,40,12680.651585324771
"{'type': 'Point', 'coordinates': [5.053023473172308, 7.119148626647208]}",577.0615218501403,290,0,1,10,16354.885934014805
"{'type': 'Point', 'coordinates': [9.769178714799796, 8.69120037385637]}",123.69316876852982,184,0,0,40,11475.471444349036
"{'type': 'Point', 'coordinates': [10.892072819949197, 10.173420592653581]}",361.2478373637689,419,0,1,20,9353.835735144094
"{'type': 'Point', 'coordinates': [4.334371245876691, 7.388643211883064]}",362.49137920783716,217,0,1,10,15892.087609665032
"{'type': 'Point', 'coordinates': [5.996254521497805, 8.376790024414538]}",240.0,244,0,1,10,12722.064140116354
"{'type': 'Point', 'coordinates': [5.412349586820117, 6.17591757832171]}",120.0,27,0,0,10,22146.745202980936
"{'type': 'Point', 'coordinates': [10.442915177889438, 9.634431422181867]}",499.29950931279717,264,0,1,30,10031.19537297648
"{'type': 'Point', 'coordinates': [7.568306268706968, 5.547096879438045]}",270.0,71,0,0,10,22136.764400951564
"{'type': 'Point', 'coordinates': [10.397999413683461, 10.397999413683461]}",360.0,365,0,0,40,9518.727802091777
"{'type': 'Point', 'coordinates': [10.622578234713341, 11.161567405185055]}",361.2478373637689,472,0,0,20,8184.369001334002
"{'type': 'Point', 'coordinates': [10.667493998919317, 7.8378008539428246]}",256.3201123595259,251,0,1,40,17387.42413886797
"{'type': 'Point', 'coordinates': [9.275105308534059, 6.355580635145614]}",416.7733196834941,357,0,0,10,23955.55296313181
"{'type': 'Point', 'coordinates': [6.8047382772053755, 10.84715705574322]}",201.24611797498108,604,0,1,20,12253.104050320835
"{'type': 'Point', 'coordinates': [9.050526487504179, 9.454768365357964]}",42.42640687119285,1218,0,0,40,12095.429689722074
"{'type': 'Point', 'coordinates': [4.693697359524499, 11.520893518832862]}",268.3281572999748,246,0,0,40,10212.119624738656
"{'type': 'Point', 'coordinates': [6.355580635145614, 10.936988584155173]}",408.0441152620633,476,0,0,20,12229.283092335567
"{'type': 'Point', 'coordinates': [12.464124567158361, 10.442915177889438]}",247.38633753705963,395,0,0,30,10766.381516001264
"{'type': 'Point', 'coordinates': [10.622578234713341, 10.263252121065532]}",517.880295048962,335,0,0,40,9497.752770859377
"{'type': 'Point', 'coordinates': [5.996254521497805, 9.454768365357964]}",60.0,134,0,1,40,10567.673829322655
"{'type': 'Point', 'coordinates': [8.960694959092226, 10.263252121065532]}",240.0,941,0,1,20,12980.32541131787
"{'type': 'Point', 'coordinates': [13.631934436513738, 11.026820112567126]}",496.58836071740546,436,0,0,20,9409.06143539196
"{'type': 'Point', 'coordinates': [7.164064390853183, 9.72426295059382]}",161.55494421403512,452,0,1,20,14626.370782141326
"{'type': 'Point', 'coordinates': [3.8852136038169305, 9.185273780122108]}",94.86832980505139,330,0,0,40,10895.560732940168
"{'type': 'Point', 'coordinates': [7.343727447677088, 12.553956095570312]}",127.27922061357854,548,0,0,40,8638.856040379773
"{'type': 'Point', 'coordinates': [4.828444652142428, 11.161567405185055]}",161.55494421403512,247,0,0,20,11015.97664189005
"{'type': 'Point', 'coordinates': [5.502181115232069, 7.613222032912945]}",318.9043743820395,411,0,1,10,15099.006136894459
"{'type': 'Point', 'coordinates': [7.253895919265136, 7.927632382354777]}",42.42640687119285,142,0,0,40,12329.612734810702
"{'type': 'Point', 'coordinates': [9.9488417716237, 11.071735876773102]}",0.0,516,0,0,40,9867.89295350694
"{'type': 'Point', 'coordinates': [3.750466311199002, 10.038673300035653]}",384.1874542459709,284,0,0,20,12745.947521377107
"{'type': 'Point', 'coordinates': [5.681844172055973, 7.074232862441232]}",593.9696961966999,205,0,1,10,14633.08714986965
"{'type': 'Point', 'coordinates': [12.823450680806168, 9.72426295059382]}",240.0,354,0,0,20,10226.075533288986
"{'type': 'Point', 'coordinates': [9.814094479005773, 9.72426295059382]}",391.15214431215895,558,0,0,20,11113.62706710548
"{'type': 'Point', 'coordinates': [8.062379674972705, 10.667493998919317]}",212.13203435596427,682,0,0,40,12759.956483604
"{'type': 'Point', 'coordinates': [6.759822512999399, 8.825947666474299]}",258.0697580112788,159,0,0,40,11926.124822799335
"{'type': 'Point', 'coordinates': [10.038673300035653, 10.397999413683461]}",120.0,516,0,0,30,9971.22556025831
"{'type': 'Point', 'coordinates': [11.341230462008959, 9.320021072740035]}",30.0,129,1,0,40,9044.404361940664
"{'type': 'Point', 'coordinates': [6.5352436919695185, 5.502181115232069]}",0.0,21,0,1,10,25635.782836468657
"{'type': 'Point', 'coordinates': [7.298811683471112, 9.993757535829676]}",120.0,513,0,1,10,13866.158243430518
"{'type': 'Point', 'coordinates': [7.882716618148801, 9.275105308534059]}",134.1640786499874,408,0,1,40,14745.108458560664
"{'type': 'Point', 'coordinates': [11.700556575656767, 9.095442251710155]}",182.48287590894657,423,0,0,20,10977.931075241659
"{'type': 'Point', 'coordinates': [7.43355897608904, 8.870863430680274]}",120.0,439,0,1,20,13252.747304879103
"{'type': 'Point', 'coordinates': [8.421705788620514, 8.781031902268323]}",284.60498941515414,619,0,1,10,16195.665787726211
"{'type': 'Point', 'coordinates': [12.598871859776288, 9.320021072740035]}",30.0,431,0,0,10,9982.500083993073
"{'type': 'Point', 'coordinates': [12.059882689304576, 10.532746706301388]}",30.0,565,0,0,40,11265.691857760834
"{'type': 'Point', 'coordinates': [12.284461510334456, 9.454768365357964]}",30.0,154,1,0,40,9054.901884999592
"{'type': 'Point', 'coordinates': [9.095442251710155, 7.298811683471112]}",84.8528137423857,149,0,0,40,13641.257957225624
"{'type': 'Point', 'coordinates': [8.152211203384658, 10.263252121065532]}",192.09372712298546,697,0,1,20,13364.471727482794
"{'type': 'Point', 'coordinates': [10.038673300035653, 6.984401334029279]}",218.40329667841553,598,0,1,10,24251.056122042122
"{'type': 'Point', 'coordinates': [9.679347186387844, 10.532746706301388]}",134.1640786499874,571,0,0,30,11575.27858653586
"{'type': 'Point', 'coordinates': [7.388643211883064, 4.693697359524499]}",67.0820393249937,18,0,0,30,25961.255446683615
"{'type': 'Point', 'coordinates': [3.9750451322288827, 7.972548146560753]}",169.7056274847714,301,0,1,40,11683.762564160133
"{'type': 'Point', 'coordinates': [8.062379674972705, 4.828444652142428]}",67.0820393249937,44,0,0,10,27311.333445623517
"{'type': 'Point', 'coordinates': [9.050526487504179, 6.220833342527686]}",391.15214431215895,356,0,0,10,23680.363647246268
"{'type': 'Point', 'coordinates': [8.601368845444417, 8.017463910766729]}",161.55494421403512,131,0,1,40,12598.90632115028
"{'type': 'Point', 'coordinates': [4.873360416348404, 9.005610723298203]}",84.8528137423857,153,0,0,40,10430.292773911882
"{'type': 'Point', 'coordinates': [9.679347186387844, 9.814094479005773]}",408.0441152620633,615,0,0,30,11327.988905536735
"{'type': 'Point', 'coordinates': [4.019960896434859, 8.601368845444417]}",295.4657340538831,428,0,1,20,12133.89723916736
"{'type': 'Point', 'coordinates': [5.097939237378284, 10.128504828447605]}",234.30749027719963,331,0,0,40,11992.686803654819
"{'type': 'Point', 'coordinates': [6.086086049909758, 8.421705788620514]}",210.0,196,0,1,10,13144.40102477169
"{'type': 'Point', 'coordinates': [10.397999413683461, 7.119148626647208]}",94.86832980505139,299,0,1,10,23356.282468646124
"{'type': 'Point', 'coordinates': [4.154708189052787, 12.059882689304576]}",174.92855684535903,208,0,0,40,8131.763183974045
"{'type': 'Point', 'coordinates': [10.75732552733127, 7.074232862441232]}",134.1640786499874,330,0,1,10,23585.215448172414
"{'type': 'Point', 'coordinates': [7.65813779711892, 9.679347186387844]}",30.0,573,0,1,20,15898.627612407363
"{'type': 'Point', 'coordinates': [6.17591757832171, 6.265749106733662]}",342.05262752974136,144,0,0,10,18153.306364283315
"{'type': 'Point', 'coordinates': [9.903926007417724, 10.263252121065532]}",94.86832980505139,554,0,0,40,10444.828509820916
"{'type': 'Point', 'coordinates': [5.95133875729183, 5.232686529996212]}",42.42640687119285,13,0,1,10,26484.92546659705
"{'type': 'Point', 'coordinates': [13.721765964925691, 13.362439851277882]}",192.09372712298546,282,0,1,90,3042.600381759133
"{'type': 'Point', 'coordinates': [8.107295439178682, 9.9488417716237]}",150.0,758,0,1,20,13513.67613081251
"{'type': 'Point', 'coordinates': [12.509040331364336, 9.679347186387844]}",192.09372712298546,298,0,0,40,9681.32021424701
"{'type': 'Point', 'coordinates': [4.334371245876691, 10.397999413683461]}",30.0,155,0,0,40,11368.800006377154
"{'type': 'Point', 'coordinates': [6.849654041411351, 9.769178714799796]}",30.0,390,0,0,40,12914.532575107587
"{'type': 'Point', 'coordinates': [5.547096879438045, 5.681844172055973]}",0.0,8,0,0,95,26857.953590753896
"{'type': 'Point', 'coordinates': [4.783528887936452, 9.544599893769915]}",94.86832980505139,236,0,0,40,11489.772916088557
"{'type': 'Point', 'coordinates': [11.520893518832862, 6.849654041411351]}",134.1640786499874,1531,0,0,30,18659.2409626596
"{'type': 'Point', 'coordinates': [10.173420592653581, 7.972548146560753]}",60.0,163,0,1,20,12542.279910872307
"{'type': 'Point', 'coordinates': [3.9301293680229064, 8.286958496002585]}",108.16653826391968,354,0,0,10,13372.165310822387
"{'type': 'Point', 'coordinates': [7.927632382354777, 10.622578234713341]}",134.1640786499874,663,0,1,40,12750.29882527408
"{'type': 'Point', 'coordinates': [7.253895919265136, 10.577662470507365]}",67.0820393249937,593,0,0,40,12120.598939635951
"{'type': 'Point', 'coordinates': [3.9301293680229064, 11.475977754626888]}",30.0,161,0,0,20,10102.673520033444
"{'type': 'Point', 'coordinates': [6.8047382772053755, 8.017463910766729]}",30.0,44,1,0,10,12756.523609360032
"{'type': 'Point', 'coordinates': [7.343727447677088, 6.984401334029279]}",420.0,316,0,0,10,13989.238830660033
"{'type': 'Point', 'coordinates': [3.0767298481093612, 7.298811683471112]}",67.0820393249937,167,0,1,20,11897.631365883499
"{'type': 'Point', 'coordinates': [4.289455481670715, 7.298811683471112]}",429.5346318982906,206,0,1,10,15931.669090656564
"{'type': 'Point', 'coordinates': [8.421705788620514, 7.343727447677088]}",256.3201123595259,138,0,0,20,12488.62417846355
"{'type': 'Point', 'coordinates': [10.802241291537246, 7.8378008539428246]}",240.0,227,0,0,20,17198.62163855919
"{'type': 'Point', 'coordinates': [5.412349586820117, 8.781031902268323]}",123.69316876852982,96,0,0,40,11995.276662453232
"{'type': 'Point', 'coordinates': [5.861507228879877, 9.814094479005773]}",127.27922061357854,142,0,1,40,11763.16901039632
"{'type': 'Point', 'coordinates': [6.40049639935159, 4.873360416348404]}",90.0,22,0,1,10,28243.14812824875
"{'type': 'Point', 'coordinates': [9.140358015916132, 8.646284609650394]}",120.0,173,0,0,40,12847.540781914133
"{'type': 'Point', 'coordinates': [4.4691185384946195, 11.251398933597006]}",60.0,165,0,0,40,9887.005025267523
"{'type': 'Point', 'coordinates': [5.726759936261949, 7.388643211883064]}",442.944691807002,307,0,1,10,14625.198426432245
"{'type': 'Point', 'coordinates': [13.49718714389581, 10.936988584155173]}",523.9274758971894,415,0,0,30,9586.782344433781
"{'type': 'Point', 'coordinates': [5.322518058408165, 6.086086049909758]}",67.0820393249937,23,0,1,10,23635.536551877856
"{'type': 'Point', 'coordinates': [5.3674338226141405, 8.107295439178682]}",150.0,344,0,1,20,14119.534129193707
"{'type': 'Point', 'coordinates': [10.263252121065532, 10.577662470507365]}",284.60498941515414,483,0,0,20,9744.741261589406
"{'type': 'Point', 'coordinates': [7.523390504500992, 9.185273780122108]}",30.0,744,0,1,20,14640.457712795318
"{'type': 'Point', 'coordinates': [11.520893518832862, 10.083589064241629]}",134.1640786499874,298,0,0,40,9781.012803725433
"{'type': 'Point', 'coordinates': [12.778534916600194, 9.634431422181867]}",182.48287590894657,204,0,0,40,9713.646248422705
"{'type': 'Point', 'coordinates': [6.984401334029279, 12.643787623982265]}",247.38633753705963,464,0,0,20,7879.818371473342
"{'type': 'Point', 'coordinates': [7.65813779711892, 8.825947666474299]}",174.92855684535903,276,0,0,40,13223.032265173115
"{'type': 'Point', 'coordinates': [12.23954574612848, 8.960694959092226]}",268.3281572999748,291,0,0,40,11428.214820293186
"{'type': 'Point', 'coordinates': [8.46662155282649, 6.759822512999399]}",390.0,103,0,0,20,15909.020983373894
"{'type': 'Point', 'coordinates': [5.142855001584261, 5.861507228879877]}",0.0,14,0,1,95,23794.44715958461
"{'type': 'Point', 'coordinates': [5.142855001584261, 11.835303868274694]}",218.40329667841553,345,0,0,20,9252.073841931426
"{'type': 'Point', 'coordinates': [5.592012643644021, 10.936988584155173]}",228.47319317591726,349,0,0,40,11899.597664618472
"{'type': 'Point', 'coordinates': [3.840297839610954, 9.634431422181867]}",390.0,317,0,0,20,12481.50232103269
"{'type': 'Point', 'coordinates': [6.17591757832171, 8.870863430680274]}",84.8528137423857,64,0,0,40,10861.110084187363
"{'type': 'Point', 'coordinates': [7.20898015505916, 6.759822512999399]}",296.98484809834997,252,0,1,10,15285.040916227968
"{'type': 'Point', 'coordinates': [5.232686529996212, 8.062379674972705]}",67.0820393249937,519,0,1,10,13832.949626148944
"{'type': 'Point', 'coordinates': [8.736116138062346, 10.712409763125294]}",182.48287590894657,966,0,1,20,14141.146538705798
"{'type': 'Point', 'coordinates': [8.152211203384658, 10.218336356859556]}",174.92855684535903,724,0,1,20,13120.512928254815
"{'type': 'Point', 'coordinates': [5.547096879438045, 9.409852601151988]}",210.0,202,0,1,20,11625.991674049874
"{'type': 'Point', 'coordinates': [4.558950066906571, 8.556453081238441]}",67.0820393249937,287,0,1,40,12766.211245241575
"{'type': 'Point', 'coordinates': [4.963191944760356, 11.565809283038838]}",212.13203435596427,272,0,0,40,10193.038433352816
"{'type': 'Point', 'coordinates': [6.714906748793423, 6.580159456175495]}",30.0,29,0,1,10,16714.466797053814
"{'type': 'Point', 'coordinates': [4.064876660640834, 11.835303868274694]}",120.0,255,0,0,40,8872.400537011485
"{'type': 'Point', 'coordinates': [4.963191944760356, 9.634431422181867]}",161.55494421403512,222,0,0,40,12685.299429207626
"{'type': 'Point', 'coordinates': [6.5352436919695185, 8.646284609650394]}",67.0820393249937,133,0,0,40,11411.68405228891
"{'type': 'Point', 'coordinates': [12.733619152394217, 9.454768365357964]}",84.8528137423857,280,0,0,40,9996.001914586705
"{'type': 'Point', 'coordinates': [12.688703388188241, 10.75732552733127]}",417.85164831552356,426,0,0,40,9926.797566464393
"{'type': 'Point', 'coordinates': [3.8852136038169305, 6.759822512999399]}",90.0,20,0,1,10,16866.320593775046
"{'type': 'Point', 'coordinates': [7.972548146560753, 9.859010243211747]}",150.0,719,0,0,40,13875.538003761727
"{'type': 'Point', 'coordinates': [8.017463910766729, 9.275105308534059]}",192.09372712298546,569,0,1,20,15160.45933527975
"{'type': 'Point', 'coordinates': [5.6369284078499975, 5.7716757004679256]}",42.42640687119285,13,0,0,10,25527.736204497516
"{'type': 'Point', 'coordinates': [4.4691185384946195, 9.49968412956394]}",60.0,201,0,0,20,12282.84935485055
"{'type': 'Point', 'coordinates': [7.343727447677088, 9.72426295059382]}",201.24611797498108,509,0,1,20,15652.96127670128
"{'type': 'Point', 'coordinates': [4.6038658311125475, 7.343727447677088]}",361.2478373637689,237,0,1,10,16378.178052667528
"{'type': 'Point', 'coordinates': [3.66063478278705, 8.556453081238441]}",212.13203435596427,352,0,1,20,11812.211175849188
"{'type': 'Point', 'coordinates': [10.442915177889438, 11.20648316939103]}",342.05262752974136,415,0,1,40,8075.271594200984
"{'type': 'Point', 'coordinates': [9.634431422181867, 11.610725047244815]}",169.7056274847714,402,0,0,40,8095.81604681916
"{'type': 'Point', 'coordinates': [7.074232862441232, 6.984401334029279]}",240.0,77,0,1,20,13069.134953613742
"{'type': 'Point', 'coordinates': [5.6369284078499975, 6.355580635145614]}",256.3201123595259,73,0,0,50,17822.790471938904
"{'type': 'Point', 'coordinates': [12.104798453510552, 10.532746706301388]}",0.0,666,0,0,40,11382.236343373446
"{'type': 'Point', 'coordinates': [6.041170285703782, 9.589515657975891]}",42.42640687119285,95,0,1,40,11523.795730448124
"{'type': 'Point', 'coordinates': [5.322518058408165, 5.502181115232069]}",30.0,9,0,1,95,10805.686279148242
"{'type': 'Point', 'coordinates': [13.362439851277882, 11.79038810406872]}",67.0820393249937,314,0,0,30,6951.7330580208345
"{'type': 'Point', 'coordinates': [4.693697359524499, 6.759822512999399]}",323.10988842807024,109,0,1,10,18961.021799732
"{'type': 'Point', 'coordinates': [7.029317098235255, 7.747969325530873]}",84.8528137423857,143,0,1,10,13774.372306057398
"{'type': 'Point', 'coordinates': [12.419208802952385, 9.589515657975891]}",108.16653826391968,291,0,0,20,9489.695914072494
"{'type': 'Point', 'coordinates': [11.161567405185055, 10.936988584155173]}",283.0194339616981,440,0,0,40,9027.493400443034
"{'type': 'Point', 'coordinates': [8.556453081238441, 9.320021072740035]}",123.69316876852982,631,0,1,30,13872.656339009889
"{'type': 'Point', 'coordinates': [3.3462244333452174, 6.984401334029279]}",189.73665961010278,34,0,1,10,13629.121039570426
"{'type': 'Point', 'coordinates': [10.532746706301388, 8.062379674972705]}",201.24611797498108,190,0,1,20,13720.513497365091
"{'type': 'Point', 'coordinates': [7.478474740295016, 6.8047382772053755]}",295.4657340538831,457,0,1,10,15342.019271067755
"{'type': 'Point', 'coordinates': [6.6699909845874465, 7.43355897608904]}",30.0,51,0,1,20,13762.326583190705
"{'type': 'Point', 'coordinates': [13.092945266042026, 11.745472339862744]}",94.86832980505139,339,0,0,40,6989.661298246474
"{'type': 'Point', 'coordinates': [4.064876660640834, 10.712409763125294]}",152.97058540778355,271,0,0,30,11187.637189892806
"{'type': 'Point', 'coordinates': [3.9301293680229064, 7.343727447677088]}",453.9823785126467,206,0,1,50,12724.47145859059
"{'type': 'Point', 'coordinates': [12.0149669250986, 10.75732552733127]}",161.55494421403512,614,0,0,40,10511.429669685767
"{'type': 'Point', 'coordinates': [9.454768365357964, 8.511537317032467]}",94.86832980505139,158,0,0,40,11323.397546318487
"{'type': 'Point', 'coordinates': [12.509040331364336, 13.092945266042026]}",0.0,310,0,0,90,4670.1076460042
"{'type': 'Point', 'coordinates': [3.9750451322288827, 11.700556575656767]}",108.16653826391968,236,0,0,40,8793.984697786465
"{'type': 'Point', 'coordinates': [10.487830942095414, 8.062379674972705]}",212.13203435596427,207,0,1,40,13836.205489401967
"{'type': 'Point', 'coordinates': [5.6369284078499975, 6.625075220381471]}",429.5346318982906,199,0,1,10,17626.57433167845
"{'type': 'Point', 'coordinates': [4.379287010082667, 9.49968412956394]}",120.0,245,0,1,20,12661.333749136971
"{'type': 'Point', 'coordinates': [7.65813779711892, 9.9488417716237]}",123.69316876852982,666,0,1,20,14298.157005361923
"{'type': 'Point', 'coordinates': [11.565809283038838, 11.296314697802982]}",391.15214431215895,310,0,0,30,8159.324014266093
"{'type': 'Point', 'coordinates': [4.334371245876691, 8.46662155282649]}",152.97058540778355,342,0,1,20,12682.279580934352
"{'type': 'Point', 'coordinates': [9.993757535829676, 7.882716618148801]}",30.0,141,0,1,20,13128.151728400819
"{'type': 'Point', 'coordinates': [9.769178714799796, 10.173420592653581]}",161.55494421403512,646,0,1,20,10864.465139070991
"{'type': 'Point', 'coordinates': [10.577662470507365, 12.598871859776288]}",182.48287590894657,350,1,0,40,5113.548336831735
"{'type': 'Point', 'coordinates': [8.062379674972705, 9.050526487504179]}",324.4996147917591,368,0,1,40,14639.071026459285
"{'type': 'Point', 'coordinates': [6.40049639935159, 11.20648316939103]}",361.2478373637689,484,0,0,30,11426.988895507951
"{'type': 'Point', 'coordinates': [10.98190434836115, 9.320021072740035]}",152.97058540778355,308,0,0,40,9162.449532090086
"{'type': 'Point', 'coordinates': [5.547096879438045, 10.487830942095414]}",134.1640786499874,399,0,1,20,12605.153467772985
"{'type': 'Point', 'coordinates': [9.769178714799796, 10.397999413683461]}",60.0,611,0,0,30,11366.380766395456
"{'type': 'Point', 'coordinates': [2.8521510270794805, 8.376790024414538]}",349.85711369071805,241,0,1,20,12999.754771351789
"{'type': 'Point', 'coordinates': [3.66063478278705, 7.388643211883064]}",284.60498941515414,205,0,1,10,13941.578264056705
"{'type': 'Point', 'coordinates': [3.705550546993026, 7.7030535613248965]}",301.4962686336267,214,0,0,30,12947.88762673413
"{'type': 'Point', 'coordinates': [3.3013086691392415, 7.119148626647208]}",94.86832980505139,40,0,1,50,11894.898846952477
"{'type': 'Point', 'coordinates': [11.251398933597006, 7.43355897608904]}",361.2478373637689,366,0,1,30,20984.873671336587
"{'type': 'Point', 'coordinates': [6.894569805617327, 8.91577919488625]}",276.5863337187866,134,0,0,40,12272.888909977299
"{'type': 'Point', 'coordinates': [7.20898015505916, 6.8047382772053755]}",318.9043743820395,250,0,0,10,15061.434604734182
"{'type': 'Point', 'coordinates': [9.095442251710155, 9.409852601151988]}",84.8528137423857,1233,0,0,40,12123.386020278325
"{'type': 'Point', 'coordinates': [7.298811683471112, 10.038673300035653]}",94.86832980505139,507,0,1,10,14784.060519808667
"{'type': 'Point', 'coordinates': [12.778534916600194, 10.083589064241629]}",480.0,536,0,0,40,11587.121574915058
"{'type': 'Point', 'coordinates': [6.759822512999399, 4.91827618055438]}",60.0,16,0,1,10,25647.08061337471
"{'type': 'Point', 'coordinates': [5.232686529996212, 8.242042731796609]}",182.48287590894657,367,0,1,20,13489.324577360177
"{'type': 'Point', 'coordinates': [9.9488417716237, 8.107295439178682]}",67.0820393249937,151,0,1,20,11087.236879813838
"{'type': 'Point', 'coordinates': [11.20648316939103, 10.712409763125294]}",192.09372712298546,572,0,1,20,8372.580565223889
"{'type': 'Point', 'coordinates': [12.23954574612848, 9.49968412956394]}",30.0,149,1,0,40,9128.192305260862
"{'type': 'Point', 'coordinates': [4.693697359524499, 9.005610723298203]}",67.0820393249937,252,0,1,20,11492.763195216714
"{'type': 'Point', 'coordinates': [4.379287010082667, 9.814094479005773]}",123.69316876852982,226,0,1,20,12425.335211491933
"{'type': 'Point', 'coordinates': [7.164064390853183, 11.251398933597006]}",42.42640687119285,705,0,0,40,9938.399213381752
"{'type': 'Point', 'coordinates': [7.029317098235255, 11.341230462008959]}",67.0820393249937,666,0,0,40,10314.268428720723
"{'type': 'Point', 'coordinates': [5.681844172055973, 10.218336356859556]}",241.86773244895647,243,0,0,40,12008.460032958545
"{'type': 'Point', 'coordinates': [8.242042731796609, 9.679347186387844]}",67.0820393249937,782,0,0,20,14361.46538872621
"{'type': 'Point', 'coordinates': [3.570803254375098, 8.017463910766729]}",150.0,348,0,1,20,12619.073767167021
"{'type': 'Point', 'coordinates': [9.769178714799796, 7.20898015505916]}",192.09372712298546,218,0,0,40,17794.330242123156
"{'type': 'Point', 'coordinates': [7.029317098235255, 10.263252121065532]}",108.16653826391968,479,0,1,20,12945.083957979172
"{'type': 'Point', 'coordinates': [6.5352436919695185, 9.364936836946011]}",108.16653826391968,218,0,1,40,11415.161180125744
"{'type': 'Point', 'coordinates': [5.232686529996212, 10.308167885271509]}",84.8528137423857,321,0,0,40,11948.89728047614
"{'type': 'Point', 'coordinates': [8.736116138062346, 8.017463910766729]}",150.0,110,0,1,20,12311.30942281292
"{'type': 'Point', 'coordinates': [4.334371245876691, 7.298811683471112]}",417.85164831552356,190,0,1,10,16012.659205975011
"{'type': 'Point', 'coordinates': [8.69120037385637, 9.814094479005773]}",30.0,1130,0,0,30,12820.498299450079
"{'type': 'Point', 'coordinates': [7.747969325530873, 7.43355897608904]}",360.0,361,0,1,10,13393.467609217856
"{'type': 'Point', 'coordinates': [7.478474740295016, 7.972548146560753]}",42.42640687119285,109,0,0,10,12559.636712076575
"{'type': 'Point', 'coordinates': [6.894569805617327, 8.107295439178682]}",90.0,253,0,1,10,12328.003370106775
"{'type': 'Point', 'coordinates': [7.298811683471112, 10.667493998919317]}",94.86832980505139,603,0,0,40,12167.86656923982
"{'type': 'Point', 'coordinates': [9.544599893769915, 10.622578234713341]}",241.86773244895647,541,0,0,30,11602.109694303042
"{'type': 'Point', 'coordinates': [8.91577919488625, 8.152211203384658]}",189.73665961010278,159,0,1,20,12656.18091377471
"{'type': 'Point', 'coordinates': [4.4691185384946195, 6.355580635145614]}",30.0,15,0,1,10,20018.50836380478
"{'type': 'Point', 'coordinates': [9.859010243211747, 10.263252121065532]}",90.0,593,0,0,40,10630.29262278961
"{'type': 'Point', 'coordinates': [5.816591464673902, 6.5352436919695185]}",408.0441152620633,147,0,0,10,18617.143269255757
"{'type': 'Point', 'coordinates': [10.667493998919317, 7.253895919265136]}",67.0820393249937,270,0,1,30,22309.375764800847
"{'type': 'Point', 'coordinates': [3.8852136038169305, 9.409852601151988]}",241.86773244895647,325,0,0,40,11418.93944327259
"{'type': 'Point', 'coordinates': [7.568306268706968, 11.116651640979079]}",60.0,701,0,0,40,10915.925112638914
"{'type': 'Point', 'coordinates': [3.615719018581074, 11.565809283038838]}",42.42640687119285,221,0,0,20,9598.27850403726
"{'type': 'Point', 'coordinates': [3.3462244333452174, 7.343727447677088]}",84.8528137423857,88,0,1,20,11717.655539604335
"{'type': 'Point', 'coordinates': [7.343727447677088, 10.75732552733127]}",108.16653826391968,618,0,0,40,11723.63466530107
"{'type': 'Point', 'coordinates': [4.289455481670715, 9.589515657975891]}",180.0,236,0,1,20,12381.409559323569
"{'type': 'Point', 'coordinates': [5.681844172055973, 6.625075220381471]}",436.80659335683106,198,0,1,10,17913.409608563874
"{'type': 'Point', 'coordinates': [7.972548146560753, 7.20898015505916]}",445.9820624195552,170,0,0,20,12376.471669764862
"{'type': 'Point', 'coordinates': [6.625075220381471, 7.927632382354777]}",90.0,343,0,1,10,12758.457400411367
"{'type': 'Point', 'coordinates': [4.019960896434859, 9.409852601151988]}",268.3281572999748,341,0,0,40,11646.307644393692
"{'type': 'Point', 'coordinates': [4.019960896434859, 7.792885089736849]}",268.3281572999748,294,0,1,30,13165.624225749052
"{'type': 'Point', 'coordinates': [10.263252121065532, 8.331874260208561]}",150.0,140,0,0,20,11583.76327839596
"{'type': 'Point', 'coordinates': [6.310664870939639, 9.364936836946011]}",216.33307652783935,151,0,1,40,11091.047432404008
"{'type': 'Point', 'coordinates': [6.6699909845874465, 4.91827618055438]}",67.0820393249937,13,0,1,10,26450.38504333049
"{'type': 'Point', 'coordinates': [11.655640811450791, 9.275105308534059]}",60.0,205,0,0,40,9168.97720501407
"{'type': 'Point', 'coordinates': [6.714906748793423, 6.625075220381471]}",30.0,28,0,0,40,16001.950830654241
"{'type': 'Point', 'coordinates': [5.277602294202189, 11.431061990420911]}",0.0,369,0,0,40,10704.613778070392
"{'type': 'Point', 'coordinates': [9.095442251710155, 11.20648316939103]}",276.5863337187866,538,0,0,30,10319.986057949876
"{'type': 'Point', 'coordinates': [12.509040331364336, 9.230189544328082]}",67.0820393249937,181,1,0,40,9205.136569426562
"{'type': 'Point', 'coordinates': [10.532746706301388, 10.936988584155173]}",400.24992192379,464,0,0,20,8774.852857801625
"{'type': 'Point', 'coordinates': [3.7953820754049783, 6.849654041411351]}",150.0,70,0,1,10,16371.00211389592
"{'type': 'Point', 'coordinates': [4.738613123730476, 11.655640811450791]}",362.49137920783716,221,0,0,20,9745.842825416996
"{'type': 'Point', 'coordinates': [12.23954574612848, 9.005610723298203]}",241.86773244895647,273,0,0,40,11244.35251548246
"{'type': 'Point', 'coordinates': [5.7716757004679256, 12.553956095570312]}",108.16653826391968,332,0,0,20,7670.150884674209
"{'type': 'Point', 'coordinates': [7.164064390853183, 9.409852601151988]}",108.16653826391968,501,0,1,40,14739.356157071636
"{'type': 'Point', 'coordinates': [12.958197973424097, 10.936988584155173]}",540.8326913195983,451,0,0,30,10020.310680049035
"{'type': 'Point', 'coordinates': [3.121645612315337, 8.781031902268323]}",161.55494421403512,332,0,0,20,11757.210043140887
"{'type': 'Point', 'coordinates': [4.4691185384946195, 11.116651640979079]}",30.0,160,0,1,40,10531.879117856133
"{'type': 'Point', 'coordinates': [7.747969325530873, 9.9488417716237]}",150.0,696,0,1,20,14107.745362523425
"{'type': 'Point', 'coordinates': [8.556453081238441, 11.116651640979079]}",120.0,593,0,0,40,11080.092058205977
"{'type': 'Point', 'coordinates': [6.6699909845874465, 10.263252121065532]}",150.0,360,0,0,20,12667.0840728767
"{'type': 'Point', 'coordinates': [8.331874260208561, 6.17591757832171]}",60.0,36,0,1,40,19813.427406995557
"{'type': 'Point', 'coordinates': [8.152211203384658, 5.502181115232069]}",84.8528137423857,122,0,0,10,27164.2470664829
"{'type': 'Point', 'coordinates': [5.187770765790236, 7.119148626647208]}",570.0,293,0,1,10,16455.72143938765
"{'type': 'Point', 'coordinates': [8.556453081238441, 7.7030535613248965]}",0.0,90,0,0,50,11818.63188614216
"{'type': 'Point', 'coordinates': [14.036176314367523, 11.925135396686647]}",502.8916384272063,297,0,0,30,6966.929103535353
"{'type': 'Point', 'coordinates': [4.064876660640834, 9.275105308534059]}",212.13203435596427,315,0,0,40,11076.969725553761
"{'type': 'Point', 'coordinates': [6.8047382772053755, 9.634431422181867]}",94.86832980505139,339,0,0,40,13468.144423729853
"{'type': 'Point', 'coordinates': [7.43355897608904, 10.577662470507365]}",0.0,623,0,0,40,11554.52550627252
"{'type': 'Point', 'coordinates': [4.4691185384946195, 9.409852601151988]}",84.8528137423857,226,0,1,20,11973.629814223283
"{'type': 'Point', 'coordinates': [4.154708189052787, 6.625075220381471]}",30.0,17,0,1,10,17732.98684340011
"{'type': 'Point', 'coordinates': [12.598871859776288, 8.601368845444417]}",127.27922061357854,1393,0,1,30,13902.336247985344
"{'type': 'Point', 'coordinates': [5.816591464673902, 6.939485569823304]}",540.8326913195983,168,0,0,10,16410.66849828721
"{'type': 'Point', 'coordinates': [7.792885089736849, 4.828444652142428]}",108.16653826391968,46,0,0,10,25203.676998676732
"{'type': 'Point', 'coordinates': [6.759822512999399, 5.008107708966333]}",120.0,20,0,0,10,25326.002805680037
"{'type': 'Point', 'coordinates': [9.814094479005773, 7.20898015505916]}",216.33307652783935,231,0,0,40,18471.996206957847
"{'type': 'Point', 'coordinates': [8.556453081238441, 5.816591464673902]}",216.33307652783935,193,0,1,10,25337.948562875972
"{'type': 'Point', 'coordinates': [6.490327927763542, 10.173420592653581]}",127.27922061357854,351,0,1,20,12792.516853530924
"{'type': 'Point', 'coordinates': [3.3013086691392415, 7.298811683471112]}",42.42640687119285,82,0,1,20,12227.859132996578
"{'type': 'Point', 'coordinates': [6.984401334029279, 8.152211203384658]}",152.97058540778355,199,0,1,10,12022.933579686258
"{'type': 'Point', 'coordinates': [5.232686529996212, 12.149714217716529]}",0.0,237,0,0,40,8190.469087301942
"{'type': 'Point', 'coordinates': [11.116651640979079, 10.487830942095414]}",212.13203435596427,529,0,0,40,9127.462650900405
"{'type': 'Point', 'coordinates': [11.835303868274694, 7.20898015505916]}",445.9820624195552,1256,0,1,30,20277.030549695097
"{'type': 'Point', 'coordinates': [12.509040331364336, 8.646284609650394]}",192.09372712298546,895,0,1,40,13590.868344098744
"{'type': 'Point', 'coordinates': [9.993757535829676, 8.825947666474299]}",201.24611797498108,171,0,0,40,11291.179046158446
"{'type': 'Point', 'coordinates': [11.026820112567126, 10.892072819949197]}",351.14099732158877,552,0,1,20,9215.53320423801
"{'type': 'Point', 'coordinates': [9.364936836946011, 10.667493998919317]}",362.49137920783716,603,0,0,20,12083.849672788347
"{'type': 'Point', 'coordinates': [6.17591757832171, 10.308167885271509]}",270.0,282,0,0,40,12069.31743354022
"{'type': 'Point', 'coordinates': [7.298811683471112, 12.149714217716529]}",169.7056274847714,530,0,0,40,8460.797246085865
"{'type': 'Point', 'coordinates': [6.8047382772053755, 7.119148626647208]}",60.0,66,0,1,10,12040.555909913033
"{'type': 'Point', 'coordinates': [12.329377274540432, 11.296314697802982]}",531.6013544000805,435,0,0,30,9141.111155481049
"{'type': 'Point', 'coordinates': [4.019960896434859, 11.161567405185055]}",134.1640786499874,243,0,0,40,11103.362013129816
"{'type': 'Point', 'coordinates': [6.8047382772053755, 8.107295439178682]}",30.0,113,0,1,10,11975.885613755621
"{'type': 'Point', 'coordinates': [12.598871859776288, 10.353083649477485]}",351.14099732158877,385,0,1,40,11127.42494747109
"{'type': 'Point', 'coordinates': [6.939485569823304, 7.65813779711892]}",120.0,281,0,1,10,14181.376461826265
"{'type': 'Point', 'coordinates': [7.298811683471112, 7.164064390853183]}",390.0,181,0,1,10,13120.450410827529
"{'type': 'Point', 'coordinates': [4.91827618055438, 6.625075220381471]}",318.9043743820395,26,0,1,10,19042.21319600381
"{'type': 'Point', 'coordinates': [3.9301293680229064, 7.253895919265136]}",421.07006542854594,180,0,1,10,14179.327044196427
"{'type': 'Point', 'coordinates': [5.412349586820117, 9.859010243211747]}",361.2478373637689,249,0,0,40,11979.056468139011
"{'type': 'Point', 'coordinates': [8.421705788620514, 5.412349586820117]}",240.0,158,0,1,10,29124.154193632305
"{'type': 'Point', 'coordinates': [11.79038810406872, 11.386146226214935]}",484.6648326421053,415,0,0,30,8288.42979931371
"{'type': 'Point', 'coordinates': [4.379287010082667, 9.634431422181867]}",120.0,221,0,0,40,12347.716016146529
"{'type': 'Point', 'coordinates': [9.364936836946011, 10.308167885271509]}",335.4101966249685,642,0,0,30,12281.07714820822
"{'type': 'Point', 'coordinates': [7.298811683471112, 8.556453081238441]}",335.4101966249685,410,0,1,10,12988.108872334857
"{'type': 'Point', 'coordinates': [8.825947666474299, 9.814094479005773]}",0.0,1211,0,0,30,12445.725113351718
"{'type': 'Point', 'coordinates': [5.7716757004679256, 6.355580635145614]}",284.60498941515414,92,0,0,10,19473.735836543143
"{'type': 'Point', 'coordinates': [11.700556575656767, 8.556453081238441]}",536.6563145999496,1046,0,0,10,14450.99932576445
"{'type': 'Point', 'coordinates': [7.65813779711892, 10.802241291537246]}",30.0,646,0,1,40,11894.064813670659
"{'type': 'Point', 'coordinates': [10.083589064241629, 7.20898015505916]}",123.69316876852982,236,0,0,20,19888.533671632176
"{'type': 'Point', 'coordinates': [9.185273780122108, 7.20898015505916]}",60.0,191,0,0,40,14172.9766234417
"{'type': 'Point', 'coordinates': [11.88021963248067, 9.589515657975891]}",42.42640687119285,158,0,0,40,8631.314525380032
"{'type': 'Point', 'coordinates': [4.828444652142428, 7.298811683471112]}",429.5346318982906,256,0,1,10,16210.141137756407
"{'type': 'Point', 'coordinates': [11.475977754626888, 8.152211203384658]}",450.99889135118724,594,0,0,10,15598.191374170225
"{'type': 'Point', 'coordinates': [7.298811683471112, 11.296314697802982]}",67.0820393249937,645,0,0,40,10088.123497568013
"{'type': 'Point', 'coordinates': [2.8521510270794805, 7.20898015505916]}",228.47319317591726,65,0,1,40,11132.381773882145
"{'type': 'Point', 'coordinates': [7.253895919265136, 8.69120037385637]}",268.3281572999748,321,0,1,20,13045.24878100652
"{'type': 'Point', 'coordinates': [12.553956095570312, 9.005610723298203]}",182.48287590894657,741,0,0,20,11500.183668890852
"{'type': 'Point', 'coordinates': [5.3674338226141405, 6.8047382772053755]}",540.0,106,0,0,10,18079.063508499414
"{'type': 'Point', 'coordinates': [9.903926007417724, 10.75732552733127]}",210.0,505,0,1,30,10530.74556344236
"{'type': 'Point', 'coordinates': [3.3911401975511937, 8.736116138062346]}",42.42640687119285,421,0,0,40,11311.156335097985
"{'type': 'Point', 'coordinates': [9.72426295059382, 7.747969325530873]}",212.13203435596427,147,0,0,40,12766.91925632815
"{'type': 'Point', 'coordinates': [7.7030535613248965, 8.017463910766729]}",0.0,61,1,0,20,12680.482484207365
"{'type': 'Point', 'coordinates': [9.095442251710155, 7.119148626647208]}",123.69316876852982,154,0,0,40,14183.034782485105
"{'type': 'Point', 'coordinates': [6.131001814115734, 5.906422993085854]}",300.0,45,0,1,30,21033.67737241462
"{'type': 'Point', 'coordinates': [12.464124567158361, 9.409852601151988]}",67.0820393249937,199,0,0,40,9330.890055499764
"{'type': 'Point', 'coordinates': [6.086086049909758, 5.726759936261949]}",234.30749027719963,23,0,1,10,21712.0105503574
"{'type': 'Point', 'coordinates': [5.726759936261949, 5.142855001584261]}",42.42640687119285,16,0,0,10,31604.613482308487
"{'type': 'Point', 'coordinates': [12.149714217716529, 8.870863430680274]}",349.85711369071805,360,0,0,40,12009.64736177674
"{'type': 'Point', 'coordinates': [10.128504828447605, 7.20898015505916]}",94.86832980505139,224,0,1,30,20371.125634331605
"{'type': 'Point', 'coordinates': [5.996254521497805, 11.116651640979079]}",480.93658625644196,499,0,0,40,10979.992767893145
"{'type': 'Point', 'coordinates': [11.116651640979079, 8.781031902268323]}",169.7056274847714,205,0,0,40,12451.354456433632
"{'type': 'Point', 'coordinates': [3.750466311199002, 7.972548146560753]}",120.0,226,0,1,20,11307.249717934508
"{'type': 'Point', 'coordinates': [5.7716757004679256, 11.386146226214935]}",331.36083051561786,467,0,0,40,10908.26466738524
"{'type': 'Point', 'coordinates': [2.897066791285457, 7.8378008539428246]}",375.89892258425004,212,0,0,20,12157.162118222492
"{'type': 'Point', 'coordinates': [6.041170285703782, 7.119148626647208]}",391.15214431215895,226,0,1,10,14026.120343292016
"{'type': 'Point', 'coordinates': [8.107295439178682, 7.343727447677088]}",335.4101966249685,170,0,0,20,12410.54481345092
"{'type': 'Point', 'coordinates': [5.996254521497805, 8.152211203384658]}",210.0,460,0,1,10,12881.406507370004
"{'type': 'Point', 'coordinates': [8.601368845444417, 9.903926007417724]}",108.16653826391968,943,0,0,30,12549.977834682653
"{'type': 'Point', 'coordinates': [3.121645612315337, 8.376790024414538]}",258.0697580112788,332,0,0,20,12338.258851827239
"{'type': 'Point', 'coordinates': [12.329377274540432, 9.320021072740035]}",42.42640687119285,202,0,0,40,9319.262859517265
"{'type': 'Point', 'coordinates': [9.409852601151988, 9.364936836946011]}",283.0194339616981,1197,0,1,40,11682.662949715472
"{'type': 'Point', 'coordinates': [8.197126967590634, 4.783528887936452]}",30.0,22,0,0,10,29717.00356167386
"{'type': 'Point', 'coordinates': [8.062379674972705, 10.308167885271509]}",174.92855684535903,673,0,1,20,13476.209414060038
"{'type': 'Point', 'coordinates': [11.251398933597006, 6.894569805617327]}",30.0,1541,0,0,30,20080.8169821999
"{'type': 'Point', 'coordinates': [2.9419825554914327, 8.017463910766729]}",364.96575181789314,219,0,1,20,12697.285180876876
"{'type': 'Point', 'coordinates': [4.424202774288643, 8.421705788620514]}",90.0,333,0,1,20,12135.124302724911
"{'type': 'Point', 'coordinates': [10.353083649477485, 9.859010243211747]}",488.3646178829912,468,0,0,20,9694.236684059433
"{'type': 'Point', 'coordinates': [7.972548146560753, 9.454768365357964]}",120.0,783,0,1,20,16069.906756561206
"{'type': 'Point', 'coordinates': [7.972548146560753, 4.6038658311125475]}",30.0,12,0,1,10,29225.931918099523
"{'type': 'Point', 'coordinates': [3.3462244333452174, 9.140358015916132]}",300.0,390,0,0,40,11714.023672521693
"{'type': 'Point', 'coordinates': [6.939485569823304, 5.412349586820117]}",228.47319317591726,56,0,0,10,22450.981902237225
"{'type': 'Point', 'coordinates': [11.161567405185055, 7.972548146560753]}",283.0194339616981,253,0,1,40,16324.526438032577
"{'type': 'Point', 'coordinates': [13.27260832286593, 12.284461510334456]}",390.0,298,0,0,30,6720.914626797284
"{'type': 'Point', 'coordinates': [7.747969325530873, 10.487830942095414]}",60.0,632,0,0,40,12215.806336995694
"{'type': 'Point', 'coordinates': [8.286958496002585, 5.726759936261949]}",174.92855684535903,137,0,1,10,24457.07645977391
"{'type': 'Point', 'coordinates': [9.275105308534059, 8.152211203384658]}",108.16653826391968,132,0,1,20,11472.542064279303
"{'type': 'Point', 'coordinates': [5.142855001584261, 7.43355897608904]}",361.2478373637689,421,0,1,10,15194.355787418783
"{'type': 'Point', 'coordinates': [11.251398933597006, 9.859010243211747]}",42.42640687119285,564,0,0,40,9907.030884157924
"{'type': 'Point', 'coordinates': [4.693697359524499, 11.026820112567126]}",42.42640687119285,144,0,0,40,10830.131411407103
"{'type': 'Point', 'coordinates': [7.523390504500992, 7.792885089736849]}",150.0,169,0,0,10,13901.378066982874
"{'type': 'Point', 'coordinates': [12.91328220921812, 10.936988584155173]}",551.5432893255071,459,0,0,30,10001.54027927813
"{'type': 'Point', 'coordinates': [4.783528887936452, 8.781031902268323]}",210.0,235,0,1,20,12775.635780915714
"{'type': 'Point', 'coordinates': [7.20898015505916, 4.738613123730476]}",30.0,14,0,1,30,25887.11232411489
"{'type': 'Point', 'coordinates': [7.43355897608904, 10.892072819949197]}",108.16653826391968,647,0,0,20,11197.987127505374
"{'type': 'Point', 'coordinates': [10.173420592653581, 8.421705788620514]}",67.0820393249937,101,1,1,40,11509.236762001974
"{'type': 'Point', 'coordinates': [3.480971725963146, 9.409852601151988]}",339.4112549695428,385,0,0,20,11813.115529902523
"{'type': 'Point', 'coordinates': [14.036176314367523, 11.970051160892623]}",512.6402247190518,296,0,0,30,6906.98125705032
"{'type': 'Point', 'coordinates': [12.059882689304576, 8.960694959092226]}",339.4112549695428,322,0,0,40,11287.911010435459
"{'type': 'Point', 'coordinates': [12.23954574612848, 10.75732552733127]}",174.92855684535903,561,0,1,40,10151.265871879352
"{'type': 'Point', 'coordinates': [7.613222032912945, 7.972548146560753]}",30.0,132,0,1,10,12571.714158881721
"{'type': 'Point', 'coordinates': [10.487830942095414, 6.939485569823304]}",161.55494421403512,712,0,1,10,25069.622070996935
"{'type': 'Point', 'coordinates': [12.643787623982265, 9.634431422181867]}",216.33307652783935,248,0,0,40,9839.154525714539
"{'type': 'Point', 'coordinates': [8.91577919488625, 8.062379674972705]}",134.1640786499874,152,0,0,20,12354.351904939133
"{'type': 'Point', 'coordinates': [8.46662155282649, 6.355580635145614]}",120.0,42,0,0,10,19550.176575459773
"{'type': 'Point', 'coordinates': [6.041170285703782, 6.265749106733662]}",339.4112549695428,138,0,0,10,18422.410160802392
"{'type': 'Point', 'coordinates': [11.071735876773102, 7.568306268706968]}",408.0441152620633,754,0,0,10,21023.608910627074
"{'type': 'Point', 'coordinates': [11.745472339862744, 7.927632382354777]}",655.2098900352466,439,0,1,20,15964.838287266097
"{'type': 'Point', 'coordinates': [5.996254521497805, 8.242042731796609]}",218.40329667841553,285,0,1,20,12652.447370517013
"{'type': 'Point', 'coordinates': [8.062379674972705, 11.026820112567126]}",174.92855684535903,693,0,0,40,11390.677172463853
"{'type': 'Point', 'coordinates': [3.480971725963146, 8.91577919488625]}",174.92855684535903,406,0,0,20,11883.958180202697
"{'type': 'Point', 'coordinates': [7.343727447677088, 5.097939237378284]}",241.86773244895647,57,0,0,10,22956.452527069487
"{'type': 'Point', 'coordinates': [7.388643211883064, 8.286958496002585]}",150.0,110,0,1,20,11885.462745736979
"{'type': 'Point', 'coordinates': [10.667493998919317, 12.688703388188241]}",240.0,347,0,1,40,4883.594107997053
"{'type': 'Point', 'coordinates': [4.154708189052787, 9.275105308534059]}",258.0697580112788,284,0,0,20,10920.426780531518
"{'type': 'Point', 'coordinates': [5.816591464673902, 4.873360416348404]}",42.42640687119285,17,0,1,10,30277.67420983279
"{'type': 'Point', 'coordinates': [8.152211203384658, 11.565809283038838]}",108.16653826391968,561,0,1,20,9309.09897564465
"{'type': 'Point', 'coordinates': [8.017463910766729, 5.097939237378284]}",42.42640687119285,28,0,1,10,26601.343028523028
"{'type': 'Point', 'coordinates': [3.121645612315337, 8.960694959092226]}",234.30749027719963,387,0,0,20,12239.349891589954
"{'type': 'Point', 'coordinates': [3.705550546993026, 8.646284609650394]}",241.86773244895647,339,0,1,20,11305.629915074745
"{'type': 'Point', 'coordinates': [4.963191944760356, 8.91577919488625]}",161.55494421403512,215,0,0,40,11169.645286007737
"{'type': 'Point', 'coordinates': [12.598871859776288, 10.577662470507365]}",331.36083051561786,431,0,0,30,10639.434288222168
"{'type': 'Point', 'coordinates': [4.424202774288643, 8.736116138062346]}",216.33307652783935,325,0,1,20,11932.914270661971
"{'type': 'Point', 'coordinates': [10.487830942095414, 8.601368845444417]}",60.0,109,1,0,40,11135.388154171134
"{'type': 'Point', 'coordinates': [8.197126967590634, 8.69120037385637]}",218.40329667841553,214,0,1,10,14425.35774150526
"{'type': 'Point', 'coordinates': [6.265749106733662, 6.984401334029279]}",247.38633753705963,76,0,1,20,13379.335952434223
"{'type': 'Point', 'coordinates': [13.04802950183605, 10.353083649477485]}",349.85711369071805,520,0,0,40,10864.08065069621
"{'type': 'Point', 'coordinates': [10.892072819949197, 9.769178714799796]}",271.66155414412253,387,0,0,40,9830.435257174395
"{'type': 'Point', 'coordinates': [4.334371245876691, 8.781031902268323]}",276.5863337187866,313,0,1,20,12343.846507814575
"{'type': 'Point', 'coordinates': [4.828444652142428, 10.083589064241629]}",123.69316876852982,215,0,0,40,12241.599597350985
"{'type': 'Point', 'coordinates': [4.558950066906571, 8.376790024414538]}",0.0,311,0,1,20,12577.018913913045
"{'type': 'Point', 'coordinates': [9.634431422181867, 8.736116138062346]}",108.16653826391968,177,0,0,40,11767.986002374666
"{'type': 'Point', 'coordinates': [6.40049639935159, 9.72426295059382]}",94.86832980505139,313,0,0,40,11509.616863138674
"{'type': 'Point', 'coordinates': [6.041170285703782, 10.442915177889438]}",371.0795063055894,281,0,0,40,12291.59907295776
"{'type': 'Point', 'coordinates': [11.835303868274694, 10.397999413683461]}",192.09372712298546,276,0,0,40,10491.428638421597
"{'type': 'Point', 'coordinates': [5.502181115232069, 5.6369284078499975]}",0.0,6,0,0,95,27612.070575494436
"{'type': 'Point', 'coordinates': [10.083589064241629, 11.161567405185055]}",108.16653826391968,474,0,0,40,9637.656416411275
"{'type': 'Point', 'coordinates': [7.568306268706968, 10.577662470507365]}",30.0,630,0,1,40,11960.650311997008
"{'type': 'Point', 'coordinates': [3.840297839610954, 9.859010243211747]}",445.9820624195552,279,0,1,30,12844.786888674687
"{'type': 'Point', 'coordinates': [6.5352436919695185, 4.514034302700596]}",0.0,8,0,0,95,27578.175206378102
"{'type': 'Point', 'coordinates': [5.95133875729183, 7.253895919265136]}",384.1874542459709,255,0,1,10,14973.205500782002
"{'type': 'Point', 'coordinates': [11.565809283038838, 9.544599893769915]}",67.0820393249937,292,0,0,20,9019.0771576946
"{'type': 'Point', 'coordinates': [5.412349586820117, 6.041170285703782]}",30.0,21,0,1,10,24070.689505070448
"{'type': 'Point', 'coordinates': [8.870863430680274, 6.894569805617327]}",324.4996147917591,127,0,0,40,15075.766065385918
"{'type': 'Point', 'coordinates': [9.140358015916132, 11.565809283038838]}",94.86832980505139,453,0,0,40,9348.689408191647
"{'type': 'Point', 'coordinates': [3.7953820754049783, 11.970051160892623]}",108.16653826391968,239,0,0,40,8213.06979444528
"{'type': 'Point', 'coordinates': [3.8852136038169305, 7.029317098235255]}",270.0,99,0,1,10,15813.835315190256
"{'type': 'Point', 'coordinates': [3.121645612315337, 6.984401334029279]}",189.73665961010278,45,0,1,20,12946.155730400453
"{'type': 'Point', 'coordinates': [5.412349586820117, 9.589515657975891]}",313.20919526731655,225,0,1,40,12195.711978484354
"{'type': 'Point', 'coordinates': [9.454768365357964, 9.095442251710155]}",161.55494421403512,623,0,0,10,12003.260783944905
"{'type': 'Point', 'coordinates': [6.265749106733662, 10.308167885271509]}",270.0,305,0,0,40,12026.879179992417
"{'type': 'Point', 'coordinates': [10.487830942095414, 8.331874260208561]}",42.42640687119285,144,0,0,40,12633.123933720495
"{'type': 'Point', 'coordinates': [6.131001814115734, 8.556453081238441]}",120.0,100,0,1,20,11778.330052076592
"{'type': 'Point', 'coordinates': [8.376790024414538, 7.20898015505916]}",351.14099732158877,120,0,0,40,12553.554468886163
"{'type': 'Point', 'coordinates': [5.142855001584261, 9.364936836946011]}",127.27922061357854,183,0,0,40,11646.850731242695
"{'type': 'Point', 'coordinates': [9.275105308534059, 10.442915177889438]}",390.0,693,0,1,20,13078.481603418724
"{'type': 'Point', 'coordinates': [5.053023473172308, 8.331874260208561]}",228.47319317591726,477,0,1,20,14295.098095593297
"{'type': 'Point', 'coordinates': [7.882716618148801, 5.95133875729183]}",84.8528137423857,38,0,1,30,18264.361705549294
"{'type': 'Point', 'coordinates': [8.152211203384658, 10.128504828447605]}",152.97058540778355,756,0,1,20,13266.570007575809
"{'type': 'Point', 'coordinates': [5.861507228879877, 6.310664870939639]}",283.0194339616981,84,0,0,10,17852.97417587787
"{'type': 'Point', 'coordinates': [8.91577919488625, 10.128504828447605]}",150.0,936,0,0,40,12819.545327416732
"{'type': 'Point', 'coordinates': [3.2114771407272893, 7.65813779711892]}",212.13203435596427,129,0,0,20,11365.501323776924
"{'type': 'Point', 'coordinates': [3.480971725963146, 7.568306268706968]}",254.5584412271571,194,0,1,20,11993.948401903239
"{'type': 'Point', 'coordinates': [5.502181115232069, 7.164064390853183]}",579.396237474839,275,0,1,10,14175.99364220351
"{'type': 'Point', 'coordinates': [10.802241291537246, 10.397999413683461]}",429.5346318982906,365,0,0,40,9259.548105832146
"{'type': 'Point', 'coordinates': [8.556453081238441, 11.161567405185055]}",90.0,592,0,0,40,10600.124058625894
"{'type': 'Point', 'coordinates': [14.17092360698545, 11.341230462008959]}",558.0322571321483,317,0,0,30,8374.37997497912
"{'type': 'Point', 'coordinates': [6.220833342527686, 7.343727447677088]}",247.38633753705963,379,0,0,10,14753.679019546293
"{'type': 'Point', 'coordinates': [13.766681729131667, 13.49718714389581]}",241.86773244895647,279,0,1,90,3040.866168240565
"{'type': 'Point', 'coordinates': [13.003113737630073, 11.026820112567126]}",474.3416490252569,405,0,0,20,10001.118901978138
"{'type': 'Point', 'coordinates': [6.8047382772053755, 12.284461510334456]}",150.0,444,0,0,40,9161.552088678724
"{'type': 'Point', 'coordinates': [3.750466311199002, 12.059882689304576]}",174.92855684535903,236,0,1,40,8534.419790022259
"{'type': 'Point', 'coordinates': [3.166561376521313, 9.185273780122108]}",351.14099732158877,426,0,0,20,11643.088059923171
"{'type': 'Point', 'coordinates': [4.783528887936452, 8.331874260208561]}",94.86832980505139,381,0,0,20,13588.350275982128
"{'type': 'Point', 'coordinates': [12.688703388188241, 9.050526487504179]}",161.55494421403512,186,0,0,40,10442.994646340841
"{'type': 'Point', 'coordinates': [7.43355897608904, 8.421705788620514]}",240.0,194,0,1,40,11896.537601724436
"{'type': 'Point', 'coordinates': [12.149714217716529, 9.544599893769915]}",0.0,150,1,0,40,9031.741047754262
"{'type': 'Point', 'coordinates': [6.625075220381471, 10.308167885271509]}",180.0,352,0,1,20,12773.585994918196
"{'type': 'Point', 'coordinates': [7.298811683471112, 5.861507228879877]}",342.05262752974136,131,0,1,10,20955.29017531837
"{'type': 'Point', 'coordinates': [6.849654041411351, 8.646284609650394]}",254.5584412271571,140,0,1,40,11683.370973375957
"{'type': 'Point', 'coordinates': [4.4691185384946195, 6.40049639935159]}",42.42640687119285,13,1,1,10,19452.457378784195
"{'type': 'Point', 'coordinates': [6.131001814115734, 10.98190434836115]}",547.4486277268397,444,0,0,40,11552.39061435786
"{'type': 'Point', 'coordinates': [4.558950066906571, 11.161567405185055]}",30.0,150,0,0,40,10344.434093537257
"{'type': 'Point', 'coordinates': [4.693697359524499, 6.580159456175495]}",216.33307652783935,51,0,0,10,19017.771324969828
"{'type': 'Point', 'coordinates': [6.17591757832171, 6.041170285703782]}",323.10988842807024,143,0,0,20,20486.50934171118
"{'type': 'Point', 'coordinates': [7.972548146560753, 4.648781595318524]}",30.0,25,0,1,50,29225.931918099523
"{'type': 'Point', 'coordinates': [6.17591757832171, 7.298811683471112]}",284.60498941515414,323,0,1,10,14747.860167988401
"{'type': 'Point', 'coordinates': [2.8072352628735047, 6.894569805617327]}",300.0,58,0,1,10,12701.319834043017
"{'type': 'Point', 'coordinates': [10.173420592653581, 7.298811683471112]}",42.42640687119285,199,0,0,20,21557.263106724364
"{'type': 'Point', 'coordinates': [5.95133875729183, 6.5352436919695185]}",442.944691807002,162,0,1,10,17882.76300034672
"{'type': 'Point', 'coordinates': [12.284461510334456, 10.98190434836115]}",323.10988842807024,494,0,0,20,9475.233575434155
"{'type': 'Point', 'coordinates': [13.003113737630073, 10.712409763125294]}",534.1348144429458,517,0,0,30,10080.452279448042
"{'type': 'Point', 'coordinates': [5.861507228879877, 8.601368845444417]}",90.0,121,0,1,20,12075.948976569609
"{'type': 'Point', 'coordinates': [4.019960896434859, 9.72426295059382]}",361.2478373637689,305,0,0,20,12960.314692810993
"{'type': 'Point', 'coordinates': [4.963191944760356, 7.343727447677088]}",445.9820624195552,332,0,0,10,15929.19594631344
"{'type': 'Point', 'coordinates': [3.750466311199002, 10.397999413683461]}",247.38633753705963,305,0,0,20,12925.999199565387
"{'type': 'Point', 'coordinates': [14.036176314367523, 12.868366445012144]}",30.0,282,1,0,90,3633.27633881094
"{'type': 'Point', 'coordinates': [8.601368845444417, 11.161567405185055]}",94.86832980505139,580,0,0,40,10531.981198722264
"{'type': 'Point', 'coordinates': [5.906422993085854, 6.40049639935159]}",349.85711369071805,121,0,0,10,17781.29707524553
"{'type': 'Point', 'coordinates': [8.107295439178682, 4.693697359524499]}",108.16653826391968,35,0,1,10,28939.661486686207
"{'type': 'Point', 'coordinates': [5.95133875729183, 10.802241291537246]}",474.3416490252569,444,0,0,40,11472.614425825013
"{'type': 'Point', 'coordinates': [11.475977754626888, 9.9488417716237]}",94.86832980505139,294,0,0,40,9315.691497798078
"{'type': 'Point', 'coordinates': [11.565809283038838, 10.128504828447605]}",134.1640786499874,285,0,0,40,9552.943408838008
"{'type': 'Point', 'coordinates': [3.66063478278705, 6.849654041411351]}",150.0,56,0,1,50,15795.637967815375
"{'type': 'Point', 'coordinates': [5.95133875729183, 7.792885089736849]}",247.38633753705963,464,0,1,10,13961.905167201996
"{'type': 'Point', 'coordinates': [8.376790024414538, 9.320021072740035]}",241.86773244895647,495,0,1,30,14313.013475792017
"{'type': 'Point', 'coordinates': [7.972548146560753, 10.98190434836115]}",150.0,670,0,0,40,10303.793491755438
"{'type': 'Point', 'coordinates': [7.164064390853183, 10.75732552733127]}",201.24611797498108,613,0,0,20,11866.86084376485
"{'type': 'Point', 'coordinates': [13.137861030248002, 11.610725047244815]}",84.8528137423857,340,0,0,30,7240.562805262354
"{'type': 'Point', 'coordinates': [13.94634478595557, 11.296314697802982]}",499.29950931279717,338,0,0,30,8970.239774017526
"{'type': 'Point', 'coordinates': [6.849654041411351, 8.46662155282649]}",189.73665961010278,143,0,0,10,11786.640415992046
"{'type': 'Point', 'coordinates': [5.592012643644021, 8.376790024414538]}",120.0,222,0,1,20,13680.532706637074
"{'type': 'Point', 'coordinates': [3.7953820754049783, 11.20648316939103]}",216.33307652783935,197,0,1,40,11386.350745526443
"{'type': 'Point', 'coordinates': [10.532746706301388, 9.49968412956394]}",391.15214431215895,205,0,0,20,9753.214783380477
"{'type': 'Point', 'coordinates': [11.970051160892623, 8.017463910766729]}",591.6924876994806,630,0,0,10,14750.70565093975
"{'type': 'Point', 'coordinates': [6.8047382772053755, 6.894569805617327]}",67.0820393249937,33,0,0,40,14252.357867423445
"{'type': 'Point', 'coordinates': [12.104798453510552, 10.083589064241629]}",212.13203435596427,277,0,0,40,10097.770958726644
"{'type': 'Point', 'coordinates': [8.960694959092226, 10.712409763125294]}",331.36083051561786,793,0,0,40,13749.976256676353
"{'type': 'Point', 'coordinates': [4.064876660640834, 7.119148626647208]}",351.14099732158877,126,0,1,10,15645.32307284791
"{'type': 'Point', 'coordinates': [11.520893518832862, 9.230189544328082]}",108.16653826391968,173,0,0,40,9151.491144503249
"{'type': 'Point', 'coordinates': [4.558950066906571, 9.72426295059382]}",30.0,172,0,0,20,12719.73336204196
"{'type': 'Point', 'coordinates': [8.556453081238441, 6.490327927763542]}",218.40329667841553,47,0,0,20,18194.595853607636
"{'type': 'Point', 'coordinates': [4.334371245876691, 8.376790024414538]}",150.0,358,0,1,20,12637.95784943242
"{'type': 'Point', 'coordinates': [3.0767298481093612, 8.46662155282649]}",234.30749027719963,300,0,0,10,12198.872382363837
"{'type': 'Point', 'coordinates': [12.419208802952385, 11.835303868274694]}",547.4486277268397,370,0,0,40,7725.462759647164
"{'type': 'Point', 'coordinates': [3.4360559617571695, 9.050526487504179]}",247.38633753705963,395,0,0,40,11732.679960137066
"{'type': 'Point', 'coordinates': [4.873360416348404, 12.778534916600194]}",67.0820393249937,281,0,0,30,6669.230968985591
"{'type': 'Point', 'coordinates': [7.65813779711892, 5.412349586820117]}",228.47319317591726,81,0,0,10,24057.66772907276
"{'type': 'Point', 'coordinates': [5.95133875729183, 5.906422993085854]}",180.0,50,0,1,10,20955.721108339727
"{'type': 'Point', 'coordinates': [7.792885089736849, 5.6369284078499975]}",123.69316876852982,89,0,0,10,22303.183529990925
"{'type': 'Point', 'coordinates': [10.038673300035653, 8.91577919488625]}",212.13203435596427,172,0,0,40,10627.459881052113
"{'type': 'Point', 'coordinates': [7.792885089736849, 7.164064390853183]}",517.880295048962,224,0,0,10,13245.285694278777
"{'type': 'Point', 'coordinates': [11.20648316939103, 8.331874260208561]}",284.60498941515414,584,0,1,10,15747.685430955584
"{'type': 'Point', 'coordinates': [7.43355897608904, 7.298811683471112]}",456.9463863518345,279,0,1,10,13459.457313598366
"{'type': 'Point', 'coordinates': [9.454768365357964, 10.263252121065532]}",284.60498941515414,697,0,0,30,11921.997409225703
"{'type': 'Point', 'coordinates': [5.322518058408165, 6.939485569823304]}",630.7138812488591,174,0,1,10,17307.46865491569
"{'type': 'Point', 'coordinates': [7.972548146560753, 8.107295439178682]}",94.86832980505139,102,0,1,40,12123.07719036676
"{'type': 'Point', 'coordinates': [10.442915177889438, 7.65813779711892]}",182.48287590894657,360,0,0,40,16618.75718803655
"{'type': 'Point', 'coordinates': [7.119148626647208, 8.960694959092226]}",189.73665961010278,209,0,0,40,13107.760844973756
"{'type': 'Point', 'coordinates': [5.95133875729183, 10.442915177889438]}",390.0,274,0,0,40,11564.124388942728
"{'type': 'Point', 'coordinates': [10.84715705574322, 7.523390504500992]}",276.5863337187866,657,0,1,10,21071.639794930263
"{'type': 'Point', 'coordinates': [7.7030535613248965, 9.859010243211747]}",90.0,764,0,1,20,14568.68505277437
"{'type': 'Point', 'coordinates': [8.646284609650394, 5.3674338226141405]}",318.9043743820395,133,0,1,10,29025.113111246377
"{'type': 'Point', 'coordinates': [9.185273780122108, 7.882716618148801]}",30.0,86,0,1,20,11734.838396334788
"{'type': 'Point', 'coordinates': [4.963191944760356, 7.927632382354777]}",152.97058540778355,532,0,1,10,15108.202853609895
"{'type': 'Point', 'coordinates': [10.263252121065532, 12.553956095570312]}",42.42640687119285,354,0,0,40,5730.78394160871
"{'type': 'Point', 'coordinates': [6.131001814115734, 12.91328220921812]}",182.48287590894657,322,0,0,30,6501.447603146434
"{'type': 'Point', 'coordinates': [5.816591464673902, 8.152211203384658]}",90.0,286,0,1,20,13540.67375772067
"{'type': 'Point', 'coordinates': [5.457265351026093, 7.747969325530873]}",234.30749027719963,546,0,1,10,15504.572064117883
"{'type': 'Point', 'coordinates': [6.580159456175495, 6.8047382772053755]}",30.0,35,0,1,10,14839.866140736267
"{'type': 'Point', 'coordinates': [8.556453081238441, 11.970051160892623]}",108.16653826391968,485,0,0,50,9325.207890022119
"{'type': 'Point', 'coordinates': [10.397999413683461, 10.487830942095414]}",361.2478373637689,398,0,0,40,9412.117156351185
"{'type': 'Point', 'coordinates': [8.107295439178682, 5.592012643644021]}",60.0,117,0,1,10,25484.143860556185
"{'type': 'Point', 'coordinates': [7.253895919265136, 9.320021072740035]}",30.0,507,0,0,40,14254.224253170949
"{'type': 'Point', 'coordinates': [3.66063478278705, 6.984401334029279]}",240.0,136,0,1,10,14420.448337964248
"{'type': 'Point', 'coordinates': [11.79038810406872, 9.005610723298203]}",256.3201123595259,479,0,0,40,12156.9086244366
"{'type': 'Point', 'coordinates': [6.714906748793423, 11.79038810406872]}",247.38633753705963,580,0,0,40,9536.211672194957
"{'type': 'Point', 'coordinates': [11.565809283038838, 8.601368845444417]}",468.61498055439927,392,0,1,10,14300.931841917056
"{'type': 'Point', 'coordinates': [10.892072819949197, 7.747969325530873]}",305.9411708155671,375,0,1,30,18869.09193690552
"{'type': 'Point', 'coordinates': [9.814094479005773, 7.8378008539428246]}",150.0,168,0,0,40,12900.39117993213
"{'type': 'Point', 'coordinates': [5.187770765790236, 12.553956095570312]}",30.0,301,0,0,30,7309.189683871413
"{'type': 'Point', 'coordinates': [9.409852601151988, 6.445412163557567]}",323.10988842807024,654,0,1,10,24058.425776432217
"{'type': 'Point', 'coordinates': [6.849654041411351, 12.464124567158361]}",161.55494421403512,462,0,0,40,8207.578844572494
"{'type': 'Point', 'coordinates': [8.286958496002585, 7.972548146560753]}",94.86832980505139,120,0,1,40,11880.607710574139
"{'type': 'Point', 'coordinates': [8.107295439178682, 10.038673300035653]}",123.69316876852982,795,0,1,20,13964.810103604304
"{'type': 'Point', 'coordinates': [6.849654041411351, 5.502181115232069]}",152.97058540778355,62,0,1,10,23512.60889762634
"{'type': 'Point', 'coordinates': [12.868366445012144, 9.634431422181867]}",182.48287590894657,237,0,0,40,9870.757616473129
"{'type': 'Point', 'coordinates': [4.1996239532587625, 8.242042731796609]}",30.0,345,0,0,40,11562.554692117144
"{'type': 'Point', 'coordinates': [13.542102908101786, 13.587018672307762]}",152.97058540778355,279,0,1,90,2965.6705366597607
"{'type': 'Point', 'coordinates': [8.421705788620514, 4.783528887936452]}",30.0,12,0,1,95,32546.73178564885
"{'type': 'Point', 'coordinates': [4.873360416348404, 7.568306268706968]}",296.98484809834997,352,0,1,10,16099.547016221011
"{'type': 'Point', 'coordinates': [4.558950066906571, 11.79038810406872]}",295.4657340538831,226,0,0,20,9336.14712974821
"{'type': 'Point', 'coordinates': [7.164064390853183, 10.532746706301388]}",84.8528137423857,643,0,1,20,12402.303438733943
"{'type': 'Point', 'coordinates': [4.019960896434859, 9.364936836946011]}",241.86773244895647,329,0,0,20,11359.85499201114
"{'type': 'Point', 'coordinates': [4.738613123730476, 9.095442251710155]}",0.0,141,1,0,20,11668.831638531614
"{'type': 'Point', 'coordinates': [5.097939237378284, 10.936988584155173]}",150.0,279,0,1,40,11606.356133008054
"{'type': 'Point', 'coordinates': [7.253895919265136, 7.613222032912945]}",218.40329667841553,410,0,0,10,13670.850031454713
"{'type': 'Point', 'coordinates': [4.289455481670715, 7.65813779711892]}",234.30749027719963,268,0,1,10,14229.001232668204
"{'type': 'Point', 'coordinates': [5.95133875729183, 7.43355897608904]}",300.0,348,0,1,10,13199.228878800757
"{'type': 'Point', 'coordinates': [7.613222032912945, 12.329377274540432]}",30.0,507,0,0,40,8618.779770357027
"{'type': 'Point', 'coordinates': [4.379287010082667, 10.622578234713341]}",60.0,189,0,0,40,10566.82146288093
"{'type': 'Point', 'coordinates': [8.556453081238441, 10.038673300035653]}",67.0820393249937,802,0,1,40,12944.497124786165
"{'type': 'Point', 'coordinates': [12.553956095570312, 9.140358015916132]}",94.86832980505139,225,0,0,40,10097.31075683041
"{'type': 'Point', 'coordinates': [7.388643211883064, 4.783528887936452]}",90.0,30,0,1,30,26294.439766746014
"{'type': 'Point', 'coordinates': [9.634431422181867, 7.119148626647208]}",84.8528137423857,183,0,1,40,18914.75363237178
"{'type': 'Point', 'coordinates': [8.91577919488625, 6.714906748793423]}",384.1874542459709,130,0,0,10,16525.87739912835
"{'type': 'Point', 'coordinates': [3.4360559617571695, 8.556453081238441]}",108.16653826391968,445,0,1,20,11777.98168475914
"{'type': 'Point', 'coordinates': [4.4691185384946195, 7.298811683471112]}",394.58839313897715,220,0,0,10,16635.493575770408
"{'type': 'Point', 'coordinates': [11.475977754626888, 8.197126967590634]}",450.0,301,0,0,10,15598.191374170225
"{'type': 'Point', 'coordinates': [13.04802950183605, 10.442915177889438]}",384.1874542459709,482,0,0,40,10714.175883686514
"{'type': 'Point', 'coordinates': [6.759822512999399, 5.95133875729183]}",30.0,24,0,1,10,19794.30544076237
"{'type': 'Point', 'coordinates': [10.218336356859556, 10.218336356859556]}",268.3281572999748,524,0,0,40,9574.561286167012
"{'type': 'Point', 'coordinates': [6.265749106733662, 6.40049639935159]}",270.0,195,0,1,10,17779.224306464777
"{'type': 'Point', 'coordinates': [2.897066791285457, 8.960694959092226]}",349.85711369071805,332,0,0,20,12365.878918806091
"{'type': 'Point', 'coordinates': [10.712409763125294, 9.320021072740035]}",228.47319317591726,200,0,0,40,9973.573635636858
"{'type': 'Point', 'coordinates': [8.331874260208561, 10.802241291537246]}",30.0,686,0,0,40,12707.894056717865
"{'type': 'Point', 'coordinates': [6.939485569823304, 8.062379674972705]}",108.16653826391968,337,0,1,10,11993.639870968473
"{'type': 'Point', 'coordinates': [6.5352436919695185, 8.69120037385637]}",84.8528137423857,164,0,0,40,11286.661165490048
"{'type': 'Point', 'coordinates': [10.353083649477485, 10.84715705574322]}",308.86890422961005,495,0,0,40,9352.192891496896
"{'type': 'Point', 'coordinates': [7.747969325530873, 10.263252121065532]}",30.0,729,0,1,20,13424.517531750607
"{'type': 'Point', 'coordinates': [13.587018672307762, 10.667493998919317]}",394.58839313897715,940,0,1,30,10906.633630682962
"{'type': 'Point', 'coordinates': [7.298811683471112, 10.84715705574322]}",161.55494421403512,603,0,0,30,11739.557928581256
"{'type': 'Point', 'coordinates': [7.43355897608904, 10.75732552733127]}",90.0,661,0,0,30,11563.165684729189
"{'type': 'Point', 'coordinates': [4.963191944760356, 11.026820112567126]}",174.92855684535903,254,0,1,20,11893.096628667465
"{'type': 'Point', 'coordinates': [4.783528887936452, 11.925135396686647]}",192.09372712298546,320,0,0,20,8723.304307726845
"{'type': 'Point', 'coordinates': [11.296314697802982, 7.972548146560753]}",362.49137920783716,394,0,0,10,16219.797868057536
"{'type': 'Point', 'coordinates': [12.553956095570312, 10.712409763125294]}",323.10988842807024,494,0,0,30,10268.562980996041
"{'type': 'Point', 'coordinates': [11.925135396686647, 9.185273780122108]}",201.24611797498108,315,0,0,40,10085.675584222972
"{'type': 'Point', 'coordinates': [6.40049639935159, 9.859010243211747]}",30.0,208,0,0,40,12283.522267766875
"{'type': 'Point', 'coordinates': [4.334371245876691, 9.679347186387844]}",150.0,248,0,1,40,12537.973412580788
"{'type': 'Point', 'coordinates': [4.963191944760356, 9.679347186387844]}",189.73665961010278,214,0,0,40,12759.810433659048
"{'type': 'Point', 'coordinates': [4.019960896434859, 6.849654041411351]}",174.92855684535903,61,0,1,10,17069.702005066123
"{'type': 'Point', 'coordinates': [9.454768365357964, 8.017463910766729]}",0.0,113,1,1,20,11310.358133968737
"{'type': 'Point', 'coordinates': [9.9488417716237, 10.442915177889438]}",60.0,550,0,0,30,10696.473953460209
"{'type': 'Point', 'coordinates': [5.053023473172308, 9.230189544328082]}",30.0,136,0,0,40,11762.296045083556
"{'type': 'Point', 'coordinates': [4.963191944760356, 9.589515657975891]}",134.1640786499874,195,0,0,40,12397.620235242135
"{'type': 'Point', 'coordinates': [7.523390504500992, 7.568306268706968]}",295.4657340538831,375,0,0,10,13656.426550463542
"{'type': 'Point', 'coordinates': [5.726759936261949, 10.667493998919317]}",300.0,380,0,0,40,11655.290896846458
"{'type': 'Point', 'coordinates': [12.91328220921812, 10.218336356859556]}",400.24992192379,578,0,0,40,11978.227693863926
"{'type': 'Point', 'coordinates': [8.331874260208561, 6.445412163557567]}",189.73665961010278,63,0,0,40,18656.437566193083
"{'type': 'Point', 'coordinates': [3.031814083903385, 7.253895919265136]}",108.16653826391968,110,0,1,20,11858.710701550415
"{'type': 'Point', 'coordinates': [12.553956095570312, 10.397999413683461]}",313.20919526731655,356,0,0,40,11127.42494747109
"{'type': 'Point', 'coordinates': [6.8047382772053755, 11.116651640979079]}",90.0,576,0,1,20,10806.75607572496
"{'type': 'Point', 'coordinates': [9.634431422181867, 8.69120037385637]}",90.0,161,0,0,40,11650.828770109365
"{'type': 'Point', 'coordinates': [10.84715705574322, 10.263252121065532]}",421.07006542854594,427,0,0,40,9577.33772949455
"{'type': 'Point', 'coordinates': [9.544599893769915, 10.487830942095414]}",212.13203435596427,592,0,0,30,12004.32442324073
"{'type': 'Point', 'coordinates': [7.523390504500992, 6.984401334029279]}",400.24992192379,454,0,1,10,14105.271355555495
"{'type': 'Point', 'coordinates': [11.026820112567126, 7.8378008539428246]}",283.0194339616981,239,0,0,40,17527.294598020217
"{'type': 'Point', 'coordinates': [5.322518058408165, 9.005610723298203]}",0.0,70,1,1,30,11993.331957097027
"{'type': 'Point', 'coordinates': [11.475977754626888, 11.79038810406872]}",543.3231082882451,406,0,0,40,8036.050965287663
"{'type': 'Point', 'coordinates': [13.766681729131667, 11.925135396686647]}",335.4101966249685,300,0,0,30,6724.532595465305
"{'type': 'Point', 'coordinates': [6.041170285703782, 8.781031902268323]}",30.0,59,1,1,30,12233.517810909456
"{'type': 'Point', 'coordinates': [3.2114771407272893, 9.320021072740035]}",429.5346318982906,373,0,0,20,11463.715083091007
"{'type': 'Point', 'coordinates': [10.622578234713341, 10.308167885271509]}",513.5172830587107,334,0,0,40,9292.610259666419
"{'type': 'Point', 'coordinates': [3.3462244333452174, 8.511537317032467]}",120.0,319,0,1,20,11660.14438791942
"{'type': 'Point', 'coordinates': [5.547096879438045, 10.263252121065532]}",150.0,270,0,0,40,12559.511450137354
"{'type': 'Point', 'coordinates': [6.220833342527686, 10.128504828447605]}",150.0,275,0,0,40,11560.791230209405
"{'type': 'Point', 'coordinates': [10.532746706301388, 9.454768365357964]}",366.1966684720111,217,0,0,30,9753.214783380477
"{'type': 'Point', 'coordinates': [11.026820112567126, 9.634431422181867]}",216.33307652783935,321,0,0,40,9959.786068840032
"{'type': 'Point', 'coordinates': [8.331874260208561, 9.769178714799796]}",30.0,868,0,0,40,14384.332082755216
"{'type': 'Point', 'coordinates': [10.263252121065532, 8.511537317032467]}",60.0,115,0,0,40,11184.648339906706
"{'type': 'Point', 'coordinates': [10.98190434836115, 9.005610723298203]}",30.0,122,1,0,40,10074.97456657044
"{'type': 'Point', 'coordinates': [14.260755135397403, 12.329377274540432]}",301.4962686336267,289,0,0,30,6910.86664387966
"{'type': 'Point', 'coordinates': [10.128504828447605, 7.074232862441232]}",150.0,234,0,1,20,23288.312220302294
"{'type': 'Point', 'coordinates': [3.8852136038169305, 12.464124567158361]}",301.4962686336267,235,0,0,40,7483.240451656503
"{'type': 'Point', 'coordinates': [11.071735876773102, 6.714906748793423]}",67.0820393249937,1021,0,1,30,19141.541729002212
"{'type': 'Point', 'coordinates': [11.296314697802982, 10.892072819949197]}",192.09372712298546,393,0,0,20,8449.21923702533
"{'type': 'Point', 'coordinates': [9.859010243211747, 8.242042731796609]}",30.0,94,1,1,10,10510.458113242568
"{'type': 'Point', 'coordinates': [7.568306268706968, 10.98190434836115]}",108.16653826391968,648,0,1,40,10691.408451670024
"{'type': 'Point', 'coordinates': [5.6369284078499975, 12.194629981922503]}",270.0,313,0,0,20,8495.069280243664
"{'type': 'Point', 'coordinates': [9.993757535829676, 9.814094479005773]}",400.24992192379,623,0,1,30,11065.798235793394
"{'type': 'Point', 'coordinates': [7.882716618148801, 11.655640811450791]}",60.0,533,0,0,40,9774.406970656128
"{'type': 'Point', 'coordinates': [12.104798453510552, 8.331874260208561]}",429.5346318982906,522,0,0,40,13749.747081126587
"{'type': 'Point', 'coordinates': [6.310664870939639, 5.142855001584261]}",0.0,20,0,0,10,27660.41831678152
"{'type': 'Point', 'coordinates': [5.142855001584261, 10.487830942095414]}",123.69316876852982,345,0,1,40,11900.644553961614
"{'type': 'Point', 'coordinates': [4.738613123730476, 8.017463910766729]}",120.0,468,0,1,10,14980.329884412058
"{'type': 'Point', 'coordinates': [5.3674338226141405, 7.298811683471112]}",465.72524088780074,323,0,1,10,15267.09829454124
"{'type': 'Point', 'coordinates': [4.693697359524499, 7.523390504500992]}",256.3201123595259,358,0,1,10,15953.010106779286
"{'type': 'Point', 'coordinates': [6.714906748793423, 11.925135396686647]}",161.55494421403512,543,0,0,40,9735.055964375877
"{'type': 'Point', 'coordinates': [9.050526487504179, 10.802241291537246]}",391.15214431215895,764,0,1,20,13234.368321422953
"{'type': 'Point', 'coordinates': [5.547096879438045, 9.364936836946011]}",210.0,185,0,0,20,11659.13390196312
"{'type': 'Point', 'coordinates': [6.086086049909758, 7.568306268706968]}",174.92855684535903,357,0,1,10,13629.860104765277
"{'type': 'Point', 'coordinates': [4.154708189052787, 8.242042731796609]}",42.42640687119285,383,0,0,20,11562.554692117144
"{'type': 'Point', 'coordinates': [6.490327927763542, 11.610725047244815]}",371.0795063055894,537,0,0,40,10443.721055575903
"{'type': 'Point', 'coordinates': [6.086086049909758, 6.220833342527686]}",342.05262752974136,152,0,1,30,17857.838261949364
"{'type': 'Point', 'coordinates': [8.781031902268323, 5.187770765790236]}",241.86773244895647,159,0,0,10,29843.171408057213
"{'type': 'Point', 'coordinates': [6.17591757832171, 9.140358015916132]}",240.0,96,1,0,40,11335.658768939189
"{'type': 'Point', 'coordinates': [6.8047382772053755, 6.220833342527686]}",0.0,48,0,1,10,16813.371139746392
"{'type': 'Point', 'coordinates': [3.4360559617571695, 7.43355897608904]}",169.7056274847714,108,0,0,20,11713.699200581497
"{'type': 'Point', 'coordinates': [5.502181115232069, 9.634431422181867]}",268.3281572999748,198,0,1,20,12441.076877863205
"{'type': 'Point', 'coordinates': [7.523390504500992, 11.475977754626888]}",67.0820393249937,661,0,0,40,9906.677445930138
"{'type': 'Point', 'coordinates': [6.310664870939639, 10.75732552733127]}",483.73546489791295,445,0,1,20,12604.97290811847
"{'type': 'Point', 'coordinates': [12.958197973424097, 9.49968412956394]}",94.86832980505139,220,0,1,30,9739.34046246903
"{'type': 'Point', 'coordinates': [7.8378008539428246, 8.870863430680274]}",241.86773244895647,339,0,0,40,13462.417329749816
"{'type': 'Point', 'coordinates': [8.870863430680274, 6.40049639935159]}",308.86890422961005,146,0,0,10,20415.498241771507
"{'type': 'Point', 'coordinates': [4.91827618055438, 5.95133875729183]}",0.0,0,0,1,95,20466.362102303654
"{'type': 'Point', 'coordinates': [3.705550546993026, 9.005610723298203]}",94.86832980505139,386,0,1,20,11789.14100454656
"{'type': 'Point', 'coordinates': [8.646284609650394, 9.409852601151988]}",60.0,818,0,0,30,12985.58154939082
"{'type': 'Point', 'coordinates': [14.126007842779476, 11.610725047244815]}",543.3231082882451,304,0,0,30,7975.754742836791
"{'type': 'Point', 'coordinates': [5.142855001584261, 9.050526487504179]}",30.0,70,1,1,30,11856.369542361455
"{'type': 'Point', 'coordinates': [7.074232862441232, 8.197126967590634]}",150.0,236,0,0,10,12179.724994897268
"{'type': 'Point', 'coordinates': [10.128504828447605, 10.84715705574322]}",192.09372712298546,476,0,1,40,9617.095711816306
"{'type': 'Point', 'coordinates': [11.655640811450791, 7.253895919265136]}",384.1874542459709,656,0,0,10,19412.45676508546
"{'type': 'Point', 'coordinates': [12.733619152394217, 10.173420592653581]}",483.73546489791295,594,0,0,40,11906.314832062912
"{'type': 'Point', 'coordinates': [12.553956095570312, 11.20648316939103]}",540.8326913195983,432,0,1,30,9225.264128587289
"{'type': 'Point', 'coordinates': [7.164064390853183, 6.5352436919695185]}",189.73665961010278,61,0,0,10,17047.12635077536
"{'type': 'Point', 'coordinates': [5.3674338226141405, 7.972548146560753]}",120.0,459,0,1,30,14436.705401270097
"{'type': 'Point', 'coordinates': [7.747969325530873, 8.421705788620514]}",120.0,183,0,1,20,12817.102461734401
"{'type': 'Point', 'coordinates': [6.984401334029279, 10.532746706301388]}",174.92855684535903,608,0,1,20,12339.00883312471
"{'type': 'Point', 'coordinates': [3.166561376521313, 8.197126967590634]}",351.14099732158877,372,0,1,20,12634.045496818413
"{'type': 'Point', 'coordinates': [11.700556575656767, 9.814094479005773]}",84.8528137423857,610,0,1,40,9983.599249523046
"{'type': 'Point', 'coordinates': [6.220833342527686, 6.714906748793423]}",270.0,390,0,1,10,16526.13141795015
"{'type': 'Point', 'coordinates': [9.903926007417724, 8.017463910766729]}",94.86832980505139,171,0,0,20,11832.5393655964
"{'type': 'Point', 'coordinates': [7.478474740295016, 12.149714217716529]}",120.0,555,0,0,40,8395.802706072893
"{'type': 'Point', 'coordinates': [7.119148626647208, 10.083589064241629]}",67.0820393249937,436,0,1,20,13771.708641860068
"{'type': 'Point', 'coordinates': [4.558950066906571, 9.005610723298203]}",134.1640786499874,249,0,1,20,11456.881623981491
"{'type': 'Point', 'coordinates': [8.601368845444417, 7.792885089736849]}",30.0,104,0,0,40,12100.160048202575
"{'type': 'Point', 'coordinates': [12.598871859776288, 8.825947666474299]}",256.3201123595259,399,0,0,40,12852.393740824933
"{'type': 'Point', 'coordinates': [8.960694959092226, 6.220833342527686]}",331.36083051561786,129,0,1,10,22924.530715478875
"{'type': 'Point', 'coordinates': [7.7030535613248965, 5.816591464673902]}",182.48287590894657,61,0,1,10,20829.18678902206
"{'type': 'Point', 'coordinates': [3.3911401975511937, 8.107295439178682]}",228.47319317591726,300,0,1,20,12412.835872380449
"{'type': 'Point', 'coordinates': [5.6369284078499975, 4.91827618055438]}",30.0,6,0,0,10,31216.920998265035
"{'type': 'Point', 'coordinates': [5.906422993085854, 8.781031902268323]}",0.0,59,1,0,40,12198.599718857506
"{'type': 'Point', 'coordinates': [9.859010243211747, 10.712409763125294]}",180.0,513,0,0,30,10694.620819390864
"{'type': 'Point', 'coordinates': [9.454768365357964, 6.939485569823304]}",60.0,186,0,1,20,20422.659641801845
"{'type': 'Point', 'coordinates': [6.041170285703782, 10.128504828447605]}",174.92855684535903,221,0,0,40,11280.159408170963
"{'type': 'Point', 'coordinates': [9.634431422181867, 9.185273780122108]}",94.86832980505139,1109,0,1,20,11083.370782060374
"{'type': 'Point', 'coordinates': [5.3674338226141405, 9.993757535829676]}",270.0,313,0,0,40,11612.627787022959
"{'type': 'Point', 'coordinates': [8.286958496002585, 9.859010243211747]}",60.0,831,0,1,20,13851.083345199286
"{'type': 'Point', 'coordinates': [6.17591757832171, 6.355580635145614]}",331.36083051561786,149,0,1,10,18268.354422858916
"{'type': 'Point', 'coordinates': [5.681844172055973, 12.598871859776288]}",134.1640786499874,318,0,0,40,7568.298981408057
"{'type': 'Point', 'coordinates': [4.693697359524499, 8.91577919488625]}",123.69316876852982,243,0,1,20,11619.224534358786
"{'type': 'Point', 'coordinates': [5.187770765790236, 5.7716757004679256]}",30.0,10,0,1,95,14063.605276931077
"{'type': 'Point', 'coordinates': [13.587018672307762, 12.419208802952385]}",296.98484809834997,293,0,0,30,6787.110120660416
"{'type': 'Point', 'coordinates': [7.298811683471112, 11.88021963248067]}",182.48287590894657,544,0,0,40,8757.410142287445
"{'type': 'Point', 'coordinates': [6.220833342527686, 10.083589064241629]}",120.0,233,0,0,40,11771.553743147699
"{'type': 'Point', 'coordinates': [11.20648316939103, 6.714906748793423]}",30.0,1459,0,1,30,18564.579502577697
"{'type': 'Point', 'coordinates': [12.329377274540432, 11.071735876773102]}",390.0,487,0,0,30,9396.45668011312
"{'type': 'Point', 'coordinates': [3.2114771407272893, 8.242042731796609]}",313.20919526731655,400,0,0,10,11788.46300086629
"{'type': 'Point', 'coordinates': [12.598871859776288, 9.589515657975891]}",210.0,303,0,0,40,9524.656146651076
"{'type': 'Point', 'coordinates': [4.873360416348404, 9.230189544328082]}",30.0,140,0,0,40,12258.101839957519
"{'type': 'Point', 'coordinates': [12.419208802952385, 10.577662470507365]}",212.13203435596427,486,0,0,30,10670.042139029378
"{'type': 'Point', 'coordinates': [6.6699909845874465, 8.331874260208561]}",42.42640687119285,99,0,0,10,11541.682045162328
"{'type': 'Point', 'coordinates': [4.738613123730476, 10.98190434836115]}",42.42640687119285,147,0,0,40,10859.745896876975
"{'type': 'Point', 'coordinates': [4.514034302700596, 9.320021072740035]}",60.0,151,0,1,20,11690.723978597194
"{'type': 'Point', 'coordinates': [7.029317098235255, 10.038673300035653]}",0.0,392,1,0,30,13824.097060844768
"{'type': 'Point', 'coordinates': [5.861507228879877, 6.041170285703782]}",150.0,58,0,1,30,21604.55191979732
"{'type': 'Point', 'coordinates': [7.253895919265136, 5.906422993085854]}",323.10988842807024,127,0,0,10,19964.651750709396
"{'type': 'Point', 'coordinates': [5.412349586820117, 6.894569805617327]}",600.0,177,0,1,10,17057.390086134896
"{'type': 'Point', 'coordinates': [4.1996239532587625, 10.487830942095414]}",0.0,203,0,0,40,10979.310045943985
"{'type': 'Point', 'coordinates': [4.424202774288643, 6.759822512999399]}",216.33307652783935,50,0,1,10,18653.051663039252
"{'type': 'Point', 'coordinates': [3.5258874901691217, 7.388643211883064]}",201.24611797498108,104,0,1,10,12686.493711113028
"{'type': 'Point', 'coordinates': [10.218336356859556, 9.993757535829676]}",361.2478373637689,485,0,1,40,10269.582155021606
"{'type': 'Point', 'coordinates': [8.646284609650394, 5.502181115232069]}",381.8376618407357,492,0,1,10,28561.815234586596
"{'type': 'Point', 'coordinates': [10.308167885271509, 9.814094479005773]}",492.0365840057018,478,0,0,20,9844.021575265302
"{'type': 'Point', 'coordinates': [7.388643211883064, 4.91827618055438]}",127.27922061357854,29,0,1,10,24173.96935006231
"{'type': 'Point', 'coordinates': [10.577662470507365, 8.91577919488625]}",123.69316876852982,170,0,0,20,10864.358008397488
"{'type': 'Point', 'coordinates': [7.074232862441232, 10.263252121065532]}",108.16653826391968,513,0,1,20,12987.133153411949
"{'type': 'Point', 'coordinates': [5.322518058408165, 8.556453081238441]}",276.5863337187866,236,0,1,20,13260.359764926223
"{'type': 'Point', 'coordinates': [7.972548146560753, 9.320021072740035]}",150.0,527,0,1,20,15135.379014503955
"{'type': 'Point', 'coordinates': [4.783528887936452, 10.128504828447605]}",108.16653826391968,234,0,0,40,11701.28838941783
"{'type': 'Point', 'coordinates': [2.7174037344615525, 7.972548146560753]}",228.47319317591726,143,0,1,20,12228.115625543229
"{'type': 'Point', 'coordinates': [12.284461510334456, 11.925135396686647]}",647.6109943476871,357,0,0,30,7515.876618289731
"{'type': 'Point', 'coordinates': [10.128504828447605, 10.263252121065532]}",201.24611797498108,487,0,1,40,9820.502278882494
"{'type': 'Point', 'coordinates': [10.218336356859556, 9.185273780122108]}",301.4962686336267,244,0,1,30,9813.500723478239
"{'type': 'Point', 'coordinates': [6.131001814115734, 10.353083649477485]}",301.4962686336267,255,0,1,40,12422.650965289102
"{'type': 'Point', 'coordinates': [7.074232862441232, 8.376790024414538]}",256.3201123595259,146,0,1,20,11717.323659411282
"{'type': 'Point', 'coordinates': [10.622578234713341, 12.509040331364336]}",228.47319317591726,351,0,1,40,5072.099962052794
"{'type': 'Point', 'coordinates': [8.242042731796609, 8.331874260208561]}",30.0,175,0,0,40,12921.10268347093
"{'type': 'Point', 'coordinates': [5.008107708966333, 10.487830942095414]}",42.42640687119285,304,0,0,40,11787.642085408479
"{'type': 'Point', 'coordinates': [8.46662155282649, 10.173420592653581]}",120.0,759,0,1,40,12659.716118925484
"{'type': 'Point', 'coordinates': [10.936988584155173, 7.343727447677088]}",256.3201123595259,799,0,1,10,22157.718809015205
"{'type': 'Point', 'coordinates': [10.173420592653581, 8.646284609650394]}",60.0,113,0,0,20,11264.181791980787
"{'type': 'Point', 'coordinates': [6.445412163557567, 13.04802950183605]}",60.0,329,0,0,40,7119.961765526625
"{'type': 'Point', 'coordinates': [10.038673300035653, 9.814094479005773]}",408.0441152620633,685,0,1,20,10781.006201260694
"{'type': 'Point', 'coordinates': [8.017463910766729, 5.502181115232069]}",0.0,17,0,1,10,25523.601161405444
"{'type': 'Point', 'coordinates': [11.835303868274694, 7.747969325530873]}",708.0254232723568,417,0,0,10,19343.321325655023
"{'type': 'Point', 'coordinates': [3.66063478278705, 6.490327927763542]}",0.0,9,0,1,10,16118.429264292121
"{'type': 'Point', 'coordinates': [10.487830942095414, 8.646284609650394]}",60.0,107,1,1,40,11135.388154171134
"{'type': 'Point', 'coordinates': [13.04802950183605, 10.308167885271509]}",335.4101966249685,539,0,0,40,11024.73735427129
"{'type': 'Point', 'coordinates': [6.6699909845874465, 4.379287010082667]}",30.0,10,0,0,95,28090.567066289485
"{'type': 'Point', 'coordinates': [7.65813779711892, 5.816591464673902]}",212.13203435596427,57,0,0,10,21120.175925112533
"{'type': 'Point', 'coordinates': [3.4360559617571695, 9.364936836946011]}",342.05262752974136,375,0,0,20,11839.071258254662
"{'type': 'Point', 'coordinates': [8.69120037385637, 6.580159456175495]}",308.86890422961005,64,0,0,20,17514.326121535618
"{'type': 'Point', 'coordinates': [6.580159456175495, 7.747969325530873]}",108.16653826391968,206,0,0,20,12456.335319953228
"{'type': 'Point', 'coordinates': [13.49718714389581, 10.353083649477485]}",180.0,728,0,0,30,10906.091734539872
"{'type': 'Point', 'coordinates': [13.227692558659953, 10.128504828447605]}",182.48287590894657,664,0,0,40,11502.942183837646
"{'type': 'Point', 'coordinates': [5.232686529996212, 11.565809283038838]}",94.86832980505139,394,0,1,20,10564.710845446161
"{'type': 'Point', 'coordinates': [5.681844172055973, 7.792885089736849]}",240.0,544,0,1,10,15375.879852387763
"{'type': 'Point', 'coordinates': [6.40049639935159, 6.40049639935159]}",180.0,171,0,1,10,17301.173383056303
"{'type': 'Point', 'coordinates': [6.445412163557567, 7.029317098235255]}",123.69316876852982,110,0,0,20,13908.113095209468
"{'type': 'Point', 'coordinates': [8.107295439178682, 6.714906748793423]}",366.1966684720111,104,0,0,40,16113.317001347836
"{'type': 'Point', 'coordinates': [5.187770765790236, 10.84715705574322]}",161.55494421403512,288,0,0,40,11767.062463321327
"{'type': 'Point', 'coordinates': [10.263252121065532, 8.91577919488625]}",150.0,169,0,1,20,10572.867533914065
"{'type': 'Point', 'coordinates': [9.769178714799796, 10.712409763125294]}",189.73665961010278,552,0,0,40,11325.06764570708
"{'type': 'Point', 'coordinates': [11.20648316939103, 8.601368845444417]}",300.0,184,0,0,40,13695.313355746835
"{'type': 'Point', 'coordinates': [11.610725047244815, 7.523390504500992]}",499.29950931279717,567,0,0,10,20597.939630072564
"{'type': 'Point', 'coordinates': [6.041170285703782, 10.532746706301388]}",429.5346318982906,343,0,0,40,12086.282503375318
"{'type': 'Point', 'coordinates': [7.20898015505916, 11.20648316939103]}",60.0,675,0,0,40,9809.523547997494
"{'type': 'Point', 'coordinates': [7.388643211883064, 7.478474740295016]}",335.4101966249685,281,0,1,10,13902.328293148545
"{'type': 'Point', 'coordinates': [7.568306268706968, 7.613222032912945]}",256.3201123595259,413,0,0,10,13708.263739437109
"{'type': 'Point', 'coordinates': [9.859010243211747, 7.388643211883064]}",216.33307652783935,199,0,0,40,16508.742282792926
"{'type': 'Point', 'coordinates': [12.329377274540432, 9.679347186387844]}",123.69316876852982,370,0,0,40,9670.901179270044
"{'type': 'Point', 'coordinates': [2.8072352628735047, 8.107295439178682]}",270.0,236,0,1,20,13227.130108191952
"{'type': 'Point', 'coordinates': [10.667493998919317, 9.814094479005773]}",420.0,376,0,0,30,9514.39020579477
"{'type': 'Point', 'coordinates': [6.8047382772053755, 11.520893518832862]}",189.73665961010278,688,0,0,20,10554.138759080439
"{'type': 'Point', 'coordinates': [10.038673300035653, 7.568306268706968]}",60.0,172,0,0,40,15967.854541422383
"{'type': 'Point', 'coordinates': [8.870863430680274, 8.646284609650394]}",60.0,154,0,1,40,13899.324007575979
"{'type': 'Point', 'coordinates': [6.5352436919695185, 11.296314697802982]}",271.66155414412253,483,0,0,40,11374.45548994685
"{'type': 'Point', 'coordinates': [5.053023473172308, 10.083589064241629]}",271.66155414412253,300,0,0,40,12014.190718414331
"{'type': 'Point', 'coordinates': [7.388643211883064, 9.589515657975891]}",212.13203435596427,531,0,1,40,15323.327565151609
"{'type': 'Point', 'coordinates': [8.062379674972705, 6.220833342527686]}",174.92855684535903,59,0,1,30,19418.219101428265
"{'type': 'Point', 'coordinates': [10.173420592653581, 10.442915177889438]}",210.0,524,0,0,40,9657.279730992937
"{'type': 'Point', 'coordinates': [11.970051160892623, 11.700556575656767]}",724.9827584156743,397,0,0,40,7805.901163118546
"{'type': 'Point', 'coordinates': [8.017463910766729, 6.714906748793423]}",318.9043743820395,89,0,0,40,15828.325174908776
"{'type': 'Point', 'coordinates': [6.310664870939639, 5.6369284078499975]}",152.97058540778355,22,0,1,10,21790.352285270637
"{'type': 'Point', 'coordinates': [10.892072819949197, 9.49968412956394]}",284.60498941515414,390,0,0,40,9749.85095552159
"{'type': 'Point', 'coordinates': [11.341230462008959, 11.251398933597006]}",379.47331922020555,317,0,0,40,8386.291357674841
"{'type': 'Point', 'coordinates': [6.131001814115734, 5.592012643644021]}",216.33307652783935,19,0,1,10,22939.44752920617
"{'type': 'Point', 'coordinates': [8.152211203384658, 6.17591757832171]}",108.16653826391968,41,0,0,10,19672.198026975617
"{'type': 'Point', 'coordinates': [8.69120037385637, 8.870863430680274]}",234.30749027719963,204,0,1,20,16388.61229730345
"{'type': 'Point', 'coordinates': [14.126007842779476, 12.419208802952385]}",241.86773244895647,288,0,0,30,7047.062580521905
"{'type': 'Point', 'coordinates': [9.409852601151988, 9.9488417716237]}",301.4962686336267,652,0,1,30,12539.03561663994
"{'type': 'Point', 'coordinates': [8.736116138062346, 7.882716618148801]}",60.0,118,0,1,20,11942.140382958256
"{'type': 'Point', 'coordinates': [3.9301293680229064, 11.520893518832862]}",0.0,155,1,0,40,10838.845703607132
"{'type': 'Point', 'coordinates': [5.726759936261949, 8.91577919488625]}",30.0,69,0,0,40,11265.895229442176
"{'type': 'Point', 'coordinates': [7.8378008539428246, 8.69120037385637]}",189.73665961010278,254,0,0,40,12857.870311195056
"{'type': 'Point', 'coordinates': [9.859010243211747, 9.005610723298203]}",108.16653826391968,231,0,0,40,11056.721887473352
"{'type': 'Point', 'coordinates': [8.870863430680274, 8.781031902268323]}",108.16653826391968,177,0,1,20,14194.403574564538
"{'type': 'Point', 'coordinates': [7.568306268706968, 12.823450680806168]}",67.0820393249937,553,0,0,40,7615.0606577635845
"{'type': 'Point', 'coordinates': [6.849654041411351, 10.263252121065532]}",67.0820393249937,487,0,1,40,12703.90959529073
"{'type': 'Point', 'coordinates': [4.334371245876691, 12.598871859776288]}",271.66155414412253,208,1,0,40,7053.027743241437
"{'type': 'Point', 'coordinates': [4.514034302700596, 6.939485569823304]}",339.4112549695428,160,0,0,10,17754.185899283737
"{'type': 'Point', 'coordinates': [9.454768365357964, 9.859010243211747]}",331.36083051561786,647,0,1,40,12268.029422473992
"{'type': 'Point', 'coordinates': [7.882716618148801, 4.963191944760356]}",150.0,61,0,1,10,24070.115813996643
"{'type': 'Point', 'coordinates': [5.906422993085854, 11.745472339862744]}",469.5742752749559,417,0,0,30,9843.254745358558
"{'type': 'Point', 'coordinates': [9.589515657975891, 9.050526487504179]}",123.69316876852982,308,0,0,40,11777.481330554758
"{'type': 'Point', 'coordinates': [8.736116138062346, 5.457265351026093]}",400.24992192379,165,0,1,10,29006.208474375308
"{'type': 'Point', 'coordinates': [7.927632382354777, 6.445412163557567]}",182.48287590894657,127,0,0,40,17447.762906317133
"{'type': 'Point', 'coordinates': [7.478474740295016, 9.814094479005773]}",120.0,552,0,1,20,14894.485821032744
"{'type': 'Point', 'coordinates': [9.050526487504179, 9.769178714799796]}",60.0,1084,0,0,20,12369.563110546462
"{'type': 'Point', 'coordinates': [8.556453081238441, 11.700556575656767]}",84.8528137423857,466,0,1,40,9482.038352327043
"{'type': 'Point', 'coordinates': [10.038673300035653, 11.835303868274694]}",335.4101966249685,384,0,0,40,7953.6041682912
"{'type': 'Point', 'coordinates': [8.242042731796609, 7.792885089736849]}",30.0,77,0,0,20,12070.963368180062
"{'type': 'Point', 'coordinates': [5.816591464673902, 5.502181115232069]}",0.0,13,0,0,10,25071.00756954041
"{'type': 'Point', 'coordinates': [7.523390504500992, 6.6699909845874465]}",201.24611797498108,196,0,1,10,16040.959653764963
"{'type': 'Point', 'coordinates': [10.173420592653581, 10.397999413683461]}",210.0,499,0,0,20,9679.49808501458
"{'type': 'Point', 'coordinates': [7.8378008539428246, 9.095442251710155]}",212.13203435596427,414,0,1,20,14533.108436226057
"{'type': 'Point', 'coordinates': [8.46662155282649, 5.592012643644021]}",295.4657340538831,419,0,0,10,27932.157496843487
"{'type': 'Point', 'coordinates': [10.577662470507365, 9.409852601151988]}",324.4996147917591,197,0,0,30,9622.118300084854
"{'type': 'Point', 'coordinates': [7.568306268706968, 6.086086049909758]}",218.40329667841553,67,0,1,40,19691.230376254767
"{'type': 'Point', 'coordinates': [7.164064390853183, 8.062379674972705]}",42.42640687119285,139,0,1,20,12003.03558999579
"{'type': 'Point', 'coordinates': [6.220833342527686, 4.828444652142428]}",0.0,20,0,0,10,28399.088420153013
"{'type': 'Point', 'coordinates': [10.802241291537246, 7.747969325530873]}",300.0,651,0,0,10,18722.45902864547
"{'type': 'Point', 'coordinates': [13.991260550161547, 12.0149669250986]}",480.93658625644196,296,0,0,30,6996.578181706007
"{'type': 'Point', 'coordinates': [12.194629981922503, 8.601368845444417]}",371.0795063055894,423,0,0,40,13085.867267954578
"{'type': 'Point', 'coordinates': [3.9301293680229064, 8.91577919488625]}",108.16653826391968,389,0,0,10,12153.649405758912
"{'type': 'Point', 'coordinates': [7.927632382354777, 4.6038658311125475]}",30.0,13,0,1,10,28785.234630406834
"{'type': 'Point', 'coordinates': [5.816591464673902, 10.667493998919317]}",349.85711369071805,424,0,1,40,11946.500123661968
"{'type': 'Point', 'coordinates': [12.374293038746409, 9.005610723298203]}",212.13203435596427,318,0,0,20,11293.129574086051
"{'type': 'Point', 'coordinates': [4.289455481670715, 9.72426295059382]}",182.48287590894657,272,0,1,40,12800.343964088068
"{'type': 'Point', 'coordinates': [7.613222032912945, 4.738613123730476]}",60.0,30,0,1,10,24713.656707710586
"{'type': 'Point', 'coordinates': [9.095442251710155, 8.017463910766729]}",67.0820393249937,140,0,1,20,12039.320508522098
"{'type': 'Point', 'coordinates': [4.334371245876691, 10.308167885271509]}",42.42640687119285,204,0,0,20,11523.729924811538
"{'type': 'Point', 'coordinates': [8.825947666474299, 5.6369284078499975]}",408.0441152620633,164,0,0,10,28951.458390068263
"{'type': 'Point', 'coordinates': [4.558950066906571, 8.242042731796609]}",90.0,428,0,1,20,13132.402859755846
"{'type': 'Point', 'coordinates': [7.164064390853183, 6.086086049909758]}",254.5584412271571,79,0,1,10,19724.234877409413
"{'type': 'Point', 'coordinates': [5.592012643644021, 5.232686529996212]}",30.0,11,0,0,95,30755.58663392128
"{'type': 'Point', 'coordinates': [3.480971725963146, 11.475977754626888]}",150.0,247,0,0,20,10072.812212066496
"{'type': 'Point', 'coordinates': [4.558950066906571, 8.870863430680274]}",192.09372712298546,257,0,1,20,11842.023544490585
"{'type': 'Point', 'coordinates': [6.6699909845874465, 10.218336356859556]}",120.0,328,0,0,20,12381.012516573282
"{'type': 'Point', 'coordinates': [5.592012643644021, 12.464124567158361]}",234.30749027719963,304,0,0,40,7825.604087665494
"{'type': 'Point', 'coordinates': [6.714906748793423, 10.802241291537246]}",258.0697580112788,554,0,1,20,11934.03846680987
"{'type': 'Point', 'coordinates': [8.736116138062346, 7.613222032912945]}",90.0,114,0,1,20,11829.714265984741
"{'type': 'Point', 'coordinates': [11.745472339862744, 11.431061990420911]}",502.8916384272063,371,0,0,30,8478.490983239444
"{'type': 'Point', 'coordinates': [6.625075220381471, 6.310664870939639]}",60.0,111,0,1,10,17305.504114876967
"{'type': 'Point', 'coordinates': [4.289455481670715, 7.792885089736849]}",189.73665961010278,310,0,1,10,14933.640614223084
"{'type': 'Point', 'coordinates': [12.553956095570312, 8.825947666474299]}",268.3281572999748,413,0,0,10,12852.393740824933
"{'type': 'Point', 'coordinates': [12.104798453510552, 11.655640811450791]}",740.9453421137081,400,0,0,40,7939.742834118292
"{'type': 'Point', 'coordinates': [9.454768365357964, 8.69120037385637]}",30.0,179,0,0,40,11968.3346186352
"{'type': 'Point', 'coordinates': [6.445412163557567, 10.353083649477485]}",241.86773244895647,430,0,1,40,12321.014790517063
"{'type': 'Point', 'coordinates': [4.424202774288643, 8.46662155282649]}",94.86832980505139,325,0,1,20,12440.395828490651
"{'type': 'Point', 'coordinates': [2.986898319697409, 8.331874260208561]}",339.4112549695428,282,0,0,20,12973.39667794894
"{'type': 'Point', 'coordinates': [6.17591757832171, 5.142855001584261]}",30.0,16,0,1,10,27408.4878326444
"{'type': 'Point', 'coordinates': [6.265749106733662, 7.43355897608904]}",182.48287590894657,444,0,0,10,14303.343272049911
"{'type': 'Point', 'coordinates': [10.442915177889438, 9.814094479005773]}",551.5432893255071,344,0,0,30,9617.696600056253
"{'type': 'Point', 'coordinates': [7.43355897608904, 8.601368845444417]}",300.0,481,0,1,10,13052.469914169807
"{'type': 'Point', 'coordinates': [10.218336356859556, 7.20898015505916]}",42.42640687119285,244,0,1,20,20800.5528262828
"{'type': 'Point', 'coordinates': [7.388643211883064, 7.568306268706968]}",283.0194339616981,334,0,1,10,13251.243618168111
"{'type': 'Point', 'coordinates': [3.2114771407272893, 8.825947666474299]}",127.27922061357854,350,0,0,20,11920.274143341678
"{'type': 'Point', 'coordinates': [7.119148626647208, 7.478474740295016]}",268.3281572999748,374,0,1,10,13438.163217037712
"{'type': 'Point', 'coordinates': [9.140358015916132, 7.298811683471112]}",67.0820393249937,155,0,0,40,13681.324232881809
"{'type': 'Point', 'coordinates': [5.547096879438045, 7.20898015505916]}",563.6488268416781,309,0,1,10,13840.102227312513
"{'type': 'Point', 'coordinates': [11.610725047244815, 7.7030535613248965]}",603.7383539249432,714,0,0,10,20312.349162658975
"{'type': 'Point', 'coordinates': [7.972548146560753, 11.20648316939103]}",94.86832980505139,646,0,0,40,9033.115516982904
"{'type': 'Point', 'coordinates': [6.265749106733662, 4.648781595318524]}",30.0,18,0,1,10,30843.695723630488
"{'type': 'Point', 'coordinates': [7.029317098235255, 6.714906748793423]}",201.24611797498108,52,0,1,40,15026.76768082748
"{'type': 'Point', 'coordinates': [7.074232862441232, 10.936988584155173]}",134.1640786499874,651,0,1,30,11180.016022271942
"{'type': 'Point', 'coordinates': [10.622578234713341, 7.568306268706968]}",241.86773244895647,387,0,1,10,19605.731844365982
"{'type': 'Point', 'coordinates': [4.514034302700596, 11.251398933597006]}",60.0,162,0,0,40,10160.727612957598
"{'type': 'Point', 'coordinates': [6.490327927763542, 10.038673300035653]}",60.0,271,0,1,20,12698.344400332351
"{'type': 'Point', 'coordinates': [8.736116138062346, 9.544599893769915]}",67.0820393249937,1106,0,0,30,12643.441580423398
"{'type': 'Point', 'coordinates': [11.071735876773102, 8.421705788620514]}",234.30749027719963,242,0,0,40,14767.066070016492
"{'type': 'Point', 'coordinates': [4.109792424846811, 11.071735876773102]}",127.27922061357854,283,0,1,40,11321.433699278352
"{'type': 'Point', 'coordinates': [4.109792424846811, 11.251398933597006]}",60.0,228,0,0,20,10791.737445354805
"{'type': 'Point', 'coordinates': [5.681844172055973, 10.128504828447605]}",276.5863337187866,274,0,1,10,12467.75145510873
"{'type': 'Point', 'coordinates': [4.289455481670715, 10.84715705574322]}",192.09372712298546,216,0,0,40,10867.8617862385
"{'type': 'Point', 'coordinates': [7.029317098235255, 10.622578234713341]}",192.09372712298546,628,0,0,30,12564.072235007246
"{'type': 'Point', 'coordinates': [7.7030535613248965, 8.825947666474299]}",192.09372712298546,319,0,1,40,12971.619614456296
"{'type': 'Point', 'coordinates': [7.882716618148801, 5.3674338226141405]}",84.8528137423857,18,0,1,10,24705.16779594496
"{'type': 'Point', 'coordinates': [5.322518058408165, 7.747969325530873]}",174.92855684535903,481,0,1,10,14835.969187504763
"{'type': 'Point', 'coordinates': [5.097939237378284, 8.601368845444417]}",295.4657340538831,281,0,1,20,13084.02134536276
"{'type': 'Point', 'coordinates': [3.840297839610954, 9.275105308534059]}",150.0,329,0,0,40,10593.109996978448
"{'type': 'Point', 'coordinates': [9.140358015916132, 8.870863430680274]}",192.09372712298546,237,0,0,20,12380.255549256326
"{'type': 'Point', 'coordinates': [8.152211203384658, 7.298811683471112]}",361.2478373637689,140,0,0,20,12173.286892527714
"{'type': 'Point', 'coordinates': [12.374293038746409, 11.116651640979079]}",429.5346318982906,464,0,0,30,9455.35122779326
"{'type': 'Point', 'coordinates': [12.374293038746409, 10.622578234713341]}",189.73665961010278,521,0,0,40,10567.580492858651
"{'type': 'Point', 'coordinates': [3.8852136038169305, 7.613222032912945]}",364.96575181789314,264,0,1,10,13708.212198524852
"{'type': 'Point', 'coordinates': [11.475977754626888, 6.759822512999399]}",90.0,1426,0,0,30,19385.3178467948
"{'type': 'Point', 'coordinates': [10.397999413683461, 9.993757535829676]}",450.0,406,0,0,20,9397.971351847751
"{'type': 'Point', 'coordinates': [8.286958496002585, 7.523390504500992]}",189.73665961010278,119,0,0,20,12475.098933764957
"{'type': 'Point', 'coordinates': [7.074232862441232, 9.72426295059382]}",108.16653826391968,470,0,0,40,14127.347199080607
"{'type': 'Point', 'coordinates': [5.277602294202189, 7.478474740295016]}",335.4101966249685,417,0,1,10,14306.244627918833
"{'type': 'Point', 'coordinates': [2.8072352628735047, 7.8378008539428246]}",324.4996147917591,210,0,0,20,12420.739342107714
"{'type': 'Point', 'coordinates': [11.296314697802982, 9.454768365357964]}",108.16653826391968,181,0,0,40,10034.914662652372
"{'type': 'Point', 'coordinates': [8.331874260208561, 9.050526487504179]}",342.05262752974136,481,0,1,20,15277.188910714147
"{'type': 'Point', 'coordinates': [3.9301293680229064, 7.568306268706968]}",400.24992192379,267,0,1,10,14194.589298290433
"{'type': 'Point', 'coordinates': [10.75732552733127, 9.185273780122108]}",134.1640786499874,244,0,1,20,10285.11442469534
"{'type': 'Point', 'coordinates': [5.547096879438045, 6.220833342527686]}",152.97058540778355,39,0,1,10,21874.789081837982
"{'type': 'Point', 'coordinates': [3.8852136038169305, 7.478474740295016]}",445.9820624195552,211,0,1,10,13649.975716395678
"{'type': 'Point', 'coordinates': [7.298811683471112, 6.131001814115734]}",300.0,161,0,1,10,18811.2240639776
"{'type': 'Point', 'coordinates': [6.131001814115734, 6.445412163557567]}",351.14099732158877,93,0,1,10,18501.564809488787
"{'type': 'Point', 'coordinates': [5.502181115232069, 6.310664870939639]}",210.0,63,0,1,10,21365.04979726812
"{'type': 'Point', 'coordinates': [4.244539717464739, 8.421705788620514]}",152.97058540778355,362,0,0,20,12063.22079070986
"{'type': 'Point', 'coordinates': [8.69120037385637, 9.140358015916132]}",152.97058540778355,601,0,0,20,13710.135318256787
"{'type': 'Point', 'coordinates': [8.242042731796609, 5.053023473172308]}",0.0,61,0,1,10,27731.614691600204
"{'type': 'Point', 'coordinates': [5.502181115232069, 7.029317098235255]}",664.0783086353597,220,0,0,30,16202.394133094698
"{'type': 'Point', 'coordinates': [12.0149669250986, 11.251398933597006]}",483.73546489791295,446,0,0,40,8699.097147381337
"{'type': 'Point', 'coordinates': [6.40049639935159, 12.104798453510552]}",152.97058540778355,446,0,0,40,9613.05341811189
"{'type': 'Point', 'coordinates': [8.062379674972705, 8.825947666474299]}",284.60498941515414,326,0,1,40,14055.588193833879
"{'type': 'Point', 'coordinates': [6.40049639935159, 5.726759936261949]}",127.27922061357854,23,0,1,10,22103.0742392987
"{'type': 'Point', 'coordinates': [11.88021963248067, 8.242042731796609]}",589.406481131655,940,0,1,10,14670.149938614555
"{'type': 'Point', 'coordinates': [3.7953820754049783, 10.84715705574322]}",189.73665961010278,241,0,0,40,12964.885423980191
"{'type': 'Point', 'coordinates': [3.750466311199002, 7.43355897608904]}",351.14099732158877,198,0,1,10,13812.722020466164
"{'type': 'Point', 'coordinates': [8.556453081238441, 9.140358015916132]}",192.09372712298546,553,0,1,20,14783.69405994238
"{'type': 'Point', 'coordinates': [5.457265351026093, 10.487830942095414]}",84.8528137423857,344,0,0,40,12022.225848451832
"{'type': 'Point', 'coordinates': [8.960694959092226, 9.050526487504179]}",210.0,868,0,1,10,12639.855456075671
"{'type': 'Point', 'coordinates': [12.823450680806168, 9.095442251710155]}",169.7056274847714,234,0,1,20,10525.146258502267
"{'type': 'Point', 'coordinates': [10.173420592653581, 7.613222032912945]}",0.0,142,0,0,20,16191.956689552142
"{'type': 'Point', 'coordinates': [8.736116138062346, 9.589515657975891]}",60.0,1174,0,0,40,12650.102936552454
"{'type': 'Point', 'coordinates': [11.431061990420911, 7.65813779711892]}",531.6013544000805,338,0,0,10,20106.732710620476
"{'type': 'Point', 'coordinates': [5.322518058408165, 7.972548146560753]}",90.0,479,0,1,10,14351.68192240913
"{'type': 'Point', 'coordinates': [3.4360559617571695, 9.320021072740035]}",324.4996147917591,385,0,0,20,11915.274594369788
"{'type': 'Point', 'coordinates': [8.736116138062346, 10.442915177889438]}",276.5863337187866,782,0,0,40,13819.798494271934
"{'type': 'Point', 'coordinates': [4.154708189052787, 9.364936836946011]}",284.60498941515414,302,0,0,40,11366.038882901445
"{'type': 'Point', 'coordinates': [12.329377274540432, 11.251398933597006]}",502.8916384272063,440,0,1,30,9141.111155481049
"{'type': 'Point', 'coordinates': [13.092945266042026, 11.79038810406872]}",108.16653826391968,336,0,0,30,6919.0256415651365
"{'type': 'Point', 'coordinates': [11.161567405185055, 8.46662155282649]}",300.0,334,0,0,20,14693.566392062005
"{'type': 'Point', 'coordinates': [5.3674338226141405, 10.487830942095414]}",42.42640687119285,330,0,1,40,11996.679213201827
"{'type': 'Point', 'coordinates': [9.589515657975891, 9.814094479005773]}",421.07006542854594,641,0,1,30,11763.319920697068
"{'type': 'Point', 'coordinates': [12.643787623982265, 10.173420592653581]}",432.6661530556787,514,0,0,40,11870.717330788964
"{'type': 'Point', 'coordinates': [12.0149669250986, 11.431061990420911]}",582.494635168428,419,0,1,30,8610.798494894356
"{'type': 'Point', 'coordinates': [8.825947666474299, 6.625075220381471]}",384.1874542459709,76,0,0,20,17807.665856405012
"{'type': 'Point', 'coordinates': [9.634431422181867, 8.286958496002585]}",84.8528137423857,129,0,0,20,10361.313678831655
"{'type': 'Point', 'coordinates': [7.388643211883064, 6.310664870939639]}",189.73665961010278,393,0,0,10,19870.86921865237
"{'type': 'Point', 'coordinates': [6.714906748793423, 11.835303868274694]}",218.40329667841553,579,0,0,40,9563.65523088768
"{'type': 'Point', 'coordinates': [5.906422993085854, 12.688703388188241]}",30.0,291,0,0,40,7400.996193312673
"{'type': 'Point', 'coordinates': [6.310664870939639, 8.376790024414538]}",108.16653826391968,191,0,1,20,12576.456603230572
"{'type': 'Point', 'coordinates': [8.646284609650394, 5.592012643644021]}",361.2478373637689,331,0,0,10,28343.787379527465
"{'type': 'Point', 'coordinates': [9.679347186387844, 7.164064390853183]}",127.27922061357854,196,0,0,40,18130.208829238778
"{'type': 'Point', 'coordinates': [8.601368845444417, 10.622578234713341]}",127.27922061357854,735,0,0,40,13053.92718016752
"{'type': 'Point', 'coordinates': [9.050526487504179, 7.478474740295016]}",60.0,174,0,0,40,12849.980916510802
"{'type': 'Point', 'coordinates': [4.379287010082667, 9.589515657975891]}",120.0,201,0,0,40,12186.318124480778
"{'type': 'Point', 'coordinates': [6.310664870939639, 7.029317098235255]}",212.13203435596427,172,0,1,20,14096.317011171486
"{'type': 'Point', 'coordinates': [11.116651640979079, 8.69120037385637]}",216.33307652783935,206,0,0,40,12636.588016292084
"{'type': 'Point', 'coordinates': [5.592012643644021, 5.3674338226141405]}",0.0,7,0,0,95,30615.069599765033
"{'type': 'Point', 'coordinates': [3.705550546993026, 7.927632382354777]}",152.97058540778355,228,0,1,20,11990.663104252366
"{'type': 'Point', 'coordinates': [8.556453081238441, 11.79038810406872]}",60.0,435,0,0,40,9361.850637061623
"{'type': 'Point', 'coordinates': [6.086086049909758, 7.029317098235255]}",361.2478373637689,202,0,0,10,14280.957555955276
"{'type': 'Point', 'coordinates': [12.958197973424097, 10.128504828447605]}",361.2478373637689,645,0,0,40,11599.523099657352
"{'type': 'Point', 'coordinates': [4.154708189052787, 8.870863430680274]}",241.86773244895647,428,0,1,20,11796.981152317245
"{'type': 'Point', 'coordinates': [13.901429021749594, 11.745472339862744]}",391.15214431215895,304,0,0,30,7470.797050363863
"{'type': 'Point', 'coordinates': [3.7953820754049783, 10.936988584155173]}",180.0,228,0,0,20,12373.210618882247
"{'type': 'Point', 'coordinates': [9.275105308534059, 6.265749106733662]}",465.72524088780074,317,0,1,10,25344.661399801385
"{'type': 'Point', 'coordinates': [12.464124567158361, 8.69120037385637]}",234.30749027719963,473,0,0,40,13186.717261715472
"{'type': 'Point', 'coordinates': [10.577662470507365, 10.083589064241629]}",512.6402247190518,333,0,0,40,9407.384564599488
"{'type': 'Point', 'coordinates': [6.625075220381471, 9.9488417716237]}",30.0,260,0,0,40,11769.067556943883
"{'type': 'Point', 'coordinates': [7.882716618148801, 5.277602294202189]}",60.0,86,0,0,10,23992.187406143174
"{'type': 'Point', 'coordinates': [6.17591757832171, 9.320021072740035]}",189.73665961010278,99,0,0,40,11044.254504101023
"{'type': 'Point', 'coordinates': [6.490327927763542, 6.939485569823304]}",94.86832980505139,42,0,1,10,14700.38029301446
"{'type': 'Point', 'coordinates': [6.265749106733662, 6.939485569823304]}",241.86773244895647,71,0,1,20,13698.04200965492
"{'type': 'Point', 'coordinates': [7.65813779711892, 5.726759936261949]}",210.0,181,0,0,10,21877.31507170297
"{'type': 'Point', 'coordinates': [6.625075220381471, 4.648781595318524]}",0.0,6,0,0,95,25036.608814172447
"{'type': 'Point', 'coordinates': [8.242042731796609, 8.107295439178682]}",123.69316876852982,168,0,1,20,12361.830971873078
"{'type': 'Point', 'coordinates': [8.69120037385637, 10.263252121065532]}",234.30749027719963,793,0,0,40,13188.92582522484
"{'type': 'Point', 'coordinates': [5.906422993085854, 6.714906748793423]}",480.0,151,0,0,10,16962.071739852196
"{'type': 'Point', 'coordinates': [11.700556575656767, 7.65813779711892]}",607.4537019394976,876,0,0,10,19767.363692734623
"{'type': 'Point', 'coordinates': [8.331874260208561, 10.892072819949197]}",42.42640687119285,677,0,0,40,12256.980555356946
"{'type': 'Point', 'coordinates': [3.615719018581074, 8.69120037385637]}",180.0,349,0,0,20,11916.09568012859
"{'type': 'Point', 'coordinates': [7.7030535613248965, 5.232686529996212]}",180.0,101,0,1,10,24538.75620161949
"{'type': 'Point', 'coordinates': [3.5258874901691217, 7.43355897608904]}",216.33307652783935,105,0,0,10,12579.224433261319
"{'type': 'Point', 'coordinates': [10.218336356859556, 10.397999413683461]}",240.0,503,0,0,40,9603.9889525885
"{'type': 'Point', 'coordinates': [6.131001814115734, 9.9488417716237]}",42.42640687119285,269,0,1,20,11773.914956443368
"{'type': 'Point', 'coordinates': [5.322518058408165, 10.128504828447605]}",180.0,336,0,0,40,12160.033472762945
"{'type': 'Point', 'coordinates': [9.903926007417724, 7.568306268706968]}",108.16653826391968,174,0,0,40,15372.029165915603
"{'type': 'Point', 'coordinates': [6.041170285703782, 8.376790024414538]}",240.0,239,0,1,10,12977.788389381752
"{'type': 'Point', 'coordinates': [11.925135396686647, 10.263252121065532]}",216.33307652783935,347,0,0,20,10955.082391060681
"{'type': 'Point', 'coordinates': [8.107295439178682, 5.6369284078499975]}",60.0,88,0,1,10,24549.810026858002
"{'type': 'Point', 'coordinates': [2.897066791285457, 7.388643211883064]}",182.48287590894657,159,0,1,20,11832.53286312698
"{'type': 'Point', 'coordinates': [4.783528887936452, 11.116651640979079]}",123.69316876852982,230,0,0,40,10841.298809101261
"{'type': 'Point', 'coordinates': [3.480971725963146, 9.275105308534059]}",283.0194339616981,393,0,0,20,11652.051038182959
"{'type': 'Point', 'coordinates': [5.187770765790236, 7.029317098235255]}",630.0,256,0,1,10,17434.385544376448
"{'type': 'Point', 'coordinates': [9.454768365357964, 7.568306268706968]}",161.55494421403512,156,0,0,40,13275.885461900742
"{'type': 'Point', 'coordinates': [9.589515657975891, 8.286958496002585]}",94.86832980505139,142,0,0,40,10478.619862806168
"{'type': 'Point', 'coordinates': [7.388643211883064, 8.421705788620514]}",240.0,211,0,1,40,11867.603167843004
"{'type': 'Point', 'coordinates': [3.570803254375098, 6.849654041411351]}",161.55494421403512,66,0,1,10,16050.971447781048
"{'type': 'Point', 'coordinates': [6.445412163557567, 5.142855001584261]}",60.0,21,0,1,10,27708.63418455422
"{'type': 'Point', 'coordinates': [5.008107708966333, 7.388643211883064]}",408.0441152620633,341,0,0,10,15608.525218818337
"{'type': 'Point', 'coordinates': [11.655640811450791, 8.46662155282649]}",573.149195236284,450,0,1,10,14746.206652133793
"{'type': 'Point', 'coordinates': [8.69120037385637, 5.681844172055973]}",335.4101966249685,290,0,1,10,27964.055082594045
"{'type': 'Point', 'coordinates': [5.142855001584261, 8.960694959092226]}",67.0820393249937,180,0,0,40,10886.041750507191
"{'type': 'Point', 'coordinates': [6.265749106733662, 11.026820112567126]}",453.9823785126467,450,0,0,20,12154.967105749347
"{'type': 'Point', 'coordinates': [13.94634478595557, 12.778534916600194]}",30.0,283,1,0,90,4534.187692537726
"{'type': 'Point', 'coordinates': [13.362439851277882, 11.835303868274694]}",94.86832980505139,312,0,0,30,6815.276092782278
"{'type': 'Point', 'coordinates': [13.676850200719715, 11.88021963248067]}",268.3281572999748,303,0,0,30,7267.763162853135
"{'type': 'Point', 'coordinates': [8.421705788620514, 6.220833342527686]}",30.0,31,0,1,10,20167.539264154548
"{'type': 'Point', 'coordinates': [10.083589064241629, 12.104798453510552]}",216.33307652783935,370,0,0,40,6573.643429301264
"{'type': 'Point', 'coordinates': [7.43355897608904, 8.242042731796609]}",120.0,184,0,0,10,12393.377976526968
"{'type': 'Point', 'coordinates': [7.029317098235255, 9.72426295059382]}",84.8528137423857,453,0,0,40,13825.295059006527
"{'type': 'Point', 'coordinates': [7.478474740295016, 8.152211203384658]}",60.0,60,0,0,40,12277.479094968094
"{'type': 'Point', 'coordinates': [12.374293038746409, 11.610725047244815]}",573.149195236284,388,0,0,40,7894.4130550383425
"{'type': 'Point', 'coordinates': [12.059882689304576, 9.095442251710155]}",276.5863337187866,253,0,0,40,10520.999428262261
"{'type': 'Point', 'coordinates': [4.334371245876691, 11.20648316939103]}",0.0,149,1,0,40,10586.278779807408
"{'type': 'Point', 'coordinates': [12.23954574612848, 8.197126967590634]}",375.89892258425004,414,0,0,40,13435.865209069385
"{'type': 'Point', 'coordinates': [6.355580635145614, 9.859010243211747]}",42.42640687119285,225,0,1,20,12200.93219224385
"{'type': 'Point', 'coordinates': [12.149714217716529, 8.242042731796609]}",417.85164831552356,457,0,0,40,13724.719354257157
"{'type': 'Point', 'coordinates': [12.194629981922503, 9.814094479005773]}",94.86832980505139,269,0,0,40,9538.380175924394
"{'type': 'Point', 'coordinates': [6.759822512999399, 6.310664870939639]}",30.0,26,1,0,40,16804.056652591564
"{'type': 'Point', 'coordinates': [8.781031902268323, 10.487830942095414]}",276.5863337187866,806,0,0,40,13845.680376141798
"{'type': 'Point', 'coordinates': [11.116651640979079, 6.759822512999399]}",67.0820393249937,1258,0,0,30,19760.524599644556
"{'type': 'Point', 'coordinates': [5.142855001584261, 9.679347186387844]}",254.5584412271571,165,0,0,40,12012.645847338568
"{'type': 'Point', 'coordinates': [6.490327927763542, 11.970051160892623]}",150.0,460,0,0,40,9982.788942462872
"{'type': 'Point', 'coordinates': [3.7953820754049783, 9.140358015916132]}",67.0820393249937,349,0,0,40,11129.986211958822
"{'type': 'Point', 'coordinates': [6.490327927763542, 9.320021072740035]}",108.16653826391968,193,0,0,40,11205.052670651821
"{'type': 'Point', 'coordinates': [5.008107708966333, 6.355580635145614]}",212.13203435596427,23,0,1,30,20735.18154058419
"{'type': 'Point', 'coordinates': [13.407355615483858, 11.475977754626888]}",161.55494421403512,342,0,0,20,8624.222300632311
"{'type': 'Point', 'coordinates': [6.265749106733662, 12.104798453510552]}",241.86773244895647,424,0,0,30,9419.401991258612
"{'type': 'Point', 'coordinates': [8.69120037385637, 10.84715705574322]}",161.55494421403512,667,0,1,20,13055.40261370968
"{'type': 'Point', 'coordinates': [6.984401334029279, 5.592012643644021]}",150.0,81,0,0,10,22573.676528080243
"{'type': 'Point', 'coordinates': [4.963191944760356, 10.487830942095414]}",30.0,281,0,0,40,11949.231485889824
"{'type': 'Point', 'coordinates': [7.747969325530873, 7.298811683471112]}",450.0,241,0,0,10,12989.633100960404
"{'type': 'Point', 'coordinates': [9.814094479005773, 9.544599893769915]}",271.66155414412253,637,0,0,30,10860.89006258703
"{'type': 'Point', 'coordinates': [6.310664870939639, 11.341230462008959]}",424.26406871192853,495,0,0,40,11224.4041813459
"{'type': 'Point', 'coordinates': [5.816591464673902, 8.511537317032467]}",150.0,173,0,1,20,12903.601772006426
"{'type': 'Point', 'coordinates': [12.464124567158361, 11.745472339862744]}",510.8815909777921,363,0,0,40,7526.057236096562
"{'type': 'Point', 'coordinates': [7.029317098235255, 7.343727447677088]}",210.0,276,0,0,10,12995.168042867444
"{'type': 'Point', 'coordinates': [3.570803254375098, 7.927632382354777]}",192.09372712298546,277,0,0,20,12020.502061092993
"{'type': 'Point', 'coordinates': [6.580159456175495, 6.984401334029279]}",60.0,36,0,1,20,12856.528015333693
"{'type': 'Point', 'coordinates': [4.91827618055438, 7.65813779711892]}",276.5863337187866,523,0,1,10,14763.00613660866
"{'type': 'Point', 'coordinates': [3.750466311199002, 10.218336356859556]}",300.0,298,0,1,20,12534.941886857961
"{'type': 'Point', 'coordinates': [11.700556575656767, 11.071735876773102]}",268.3281572999748,327,0,0,40,8258.325189215546
"{'type': 'Point', 'coordinates': [9.679347186387844, 10.98190434836115]}",161.55494421403512,476,0,1,40,10561.536952247727
"{'type': 'Point', 'coordinates': [9.72426295059382, 6.939485569823304]}",30.0,241,0,1,10,22765.354213298502
"{'type': 'Point', 'coordinates': [8.286958496002585, 7.343727447677088]}",295.4657340538831,147,0,1,40,12365.754639806182
"{'type': 'Point', 'coordinates': [5.996254521497805, 11.700556575656767]}",512.6402247190518,404,0,0,20,9868.970837916062
"{'type': 'Point', 'coordinates': [7.164064390853183, 10.667493998919317]}",150.0,629,0,0,20,11889.586380370369
"{'type': 'Point', 'coordinates': [9.679347186387844, 9.409852601151988]}",189.73665961010278,507,0,0,20,10726.790993611183
"{'type': 'Point', 'coordinates': [13.04802950183605, 11.296314697802982]}",295.4657340538831,371,0,0,20,9179.14972660054
"{'type': 'Point', 'coordinates': [8.556453081238441, 8.91577919488625]}",323.10988842807024,378,0,0,30,16783.41780200121
"{'type': 'Point', 'coordinates': [7.613222032912945, 9.230189544328082]}",94.86832980505139,658,0,1,20,14609.33784532189
"{'type': 'Point', 'coordinates': [5.412349586820117, 9.903926007417724]}",331.36083051561786,307,0,0,40,11682.500402011407
"{'type': 'Point', 'coordinates': [9.095442251710155, 6.40049639935159]}",445.9820624195552,175,0,1,10,21293.89616046989
"{'type': 'Point', 'coordinates': [5.187770765790236, 7.523390504500992]}",300.0,451,0,1,10,14437.658527060004
"{'type': 'Point', 'coordinates': [8.736116138062346, 8.286958496002585]}",241.86773244895647,141,0,1,40,12901.314438400634
"{'type': 'Point', 'coordinates': [2.7623194986675284, 6.984401334029279]}",276.5863337187866,43,0,0,30,11730.132951368527
"{'type': 'Point', 'coordinates': [8.107295439178682, 9.005610723298203]}",366.1966684720111,444,0,1,20,15174.99764912236
"{'type': 'Point', 'coordinates': [9.320021072740035, 7.20898015505916]}",0.0,112,0,1,40,14788.968324663816
"{'type': 'Point', 'coordinates': [13.542102908101786, 12.059882689304576]}",283.0194339616981,300,0,0,30,6960.405783284992
"{'type': 'Point', 'coordinates': [9.320021072740035, 7.119148626647208]}",42.42640687119285,129,0,0,40,16040.838567877421
"{'type': 'Point', 'coordinates': [7.298811683471112, 9.140358015916132]}",67.0820393249937,436,0,1,50,13754.105623498805
"{'type': 'Point', 'coordinates': [6.8047382772053755, 7.65813779711892]}",42.42640687119285,170,0,0,10,13479.98966235586
"{'type': 'Point', 'coordinates': [13.49718714389581, 13.631934436513738]}",134.1640786499874,279,0,0,90,2940.850085914196
"{'type': 'Point', 'coordinates': [8.062379674972705, 10.98190434836115]}",192.09372712298546,698,0,0,40,10779.940548716579
"{'type': 'Point', 'coordinates': [11.116651640979079, 9.230189544328082]}",108.16653826391968,127,1,1,40,9048.292067518203
"{'type': 'Point', 'coordinates': [5.457265351026093, 6.17591757832171]}",120.0,28,0,1,10,22319.407770391554
"{'type': 'Point', 'coordinates': [7.388643211883064, 5.142855001584261]}",256.3201123595259,76,0,0,50,21612.047655180097
"{'type': 'Point', 'coordinates': [5.277602294202189, 9.320021072740035]}",150.0,158,0,0,20,11657.920397511181
"{'type': 'Point', 'coordinates': [11.700556575656767, 7.253895919265136]}",408.0441152620633,1049,0,1,10,19943.93592418125
"{'type': 'Point', 'coordinates': [8.376790024414538, 6.40049639935159]}",152.97058540778355,55,0,0,40,18940.66633184583
"{'type': 'Point', 'coordinates': [11.026820112567126, 8.331874260208561]}",174.92855684535903,199,0,1,40,14574.466900244257
"{'type': 'Point', 'coordinates': [6.17591757832171, 7.747969325530873]}",94.86832980505139,332,0,1,10,13796.032026377132
"{'type': 'Point', 'coordinates': [5.3674338226141405, 7.343727447677088]}",436.80659335683106,341,0,1,10,15900.335837407969
"{'type': 'Point', 'coordinates': [7.927632382354777, 8.781031902268323]}",240.0,278,0,1,40,13616.39468055455
"{'type': 'Point', 'coordinates': [11.88021963248067, 11.341230462008959]}",483.73546489791295,445,0,1,30,8439.921312702743
"{'type': 'Point', 'coordinates': [4.963191944760356, 5.996254521497805]}",30.0,6,0,1,90,20277.739719854668
"{'type': 'Point', 'coordinates': [3.3911401975511937, 7.972548146560753]}",268.3281572999748,257,0,1,20,12301.830284541938
"{'type': 'Point', 'coordinates': [11.116651640979079, 10.173420592653581]}",256.3201123595259,576,0,0,40,9306.34826372913
"{'type': 'Point', 'coordinates': [4.514034302700596, 6.849654041411351]}",300.0,133,0,0,10,18382.930742286146
"{'type': 'Point', 'coordinates': [10.802241291537246, 12.688703388188241]}",330.0,344,0,1,20,4917.222908442166
"{'type': 'Point', 'coordinates': [4.873360416348404, 8.017463910766729]}",150.0,497,0,1,30,15124.598034457355
"{'type': 'Point', 'coordinates': [4.1996239532587625, 10.892072819949197]}",189.73665961010278,250,0,1,20,11275.782251830398
"{'type': 'Point', 'coordinates': [11.161567405185055, 6.625075220381471]}",30.0,1517,0,0,30,19235.34412923429
"{'type': 'Point', 'coordinates': [6.490327927763542, 8.242042731796609]}",42.42640687119285,162,0,1,10,11621.035927624043
"{'type': 'Point', 'coordinates': [4.963191944760356, 12.374293038746409]}",150.0,280,0,0,40,6936.714874789229
"{'type': 'Point', 'coordinates': [7.972548146560753, 6.6699909845874465]}",276.5863337187866,104,0,0,40,15873.899340861011
"{'type': 'Point', 'coordinates': [8.107295439178682, 8.152211203384658]}",150.0,99,0,1,40,12490.39352881258
"{'type': 'Point', 'coordinates': [11.251398933597006, 7.343727447677088]}",301.4962686336267,398,0,1,40,20657.932134569972
"{'type': 'Point', 'coordinates': [6.310664870939639, 4.693697359524499]}",30.0,18,0,0,10,29169.253729919903
"{'type': 'Point', 'coordinates': [5.322518058408165, 11.026820112567126]}",42.42640687119285,310,0,0,40,11589.06931030573
"{'type': 'Point', 'coordinates': [10.84715705574322, 10.667493998919317]}",400.24992192379,446,0,0,40,9055.894834492374
"{'type': 'Point', 'coordinates': [5.322518058408165, 9.454768365357964]}",241.86773244895647,176,0,0,40,11607.823876900424
"{'type': 'Point', 'coordinates': [4.6038658311125475, 11.925135396686647]}",234.30749027719963,301,0,1,20,8382.29162320599
"{'type': 'Point', 'coordinates': [6.265749106733662, 7.478474740295016]}",152.97058540778355,308,0,0,20,13417.366855758242
"{'type': 'Point', 'coordinates': [11.161567405185055, 7.20898015505916]}",212.13203435596427,615,0,1,10,21661.961016409798
"{'type': 'Point', 'coordinates': [3.3911401975511937, 6.894569805617327]}",189.73665961010278,31,0,1,10,15252.164691266898
"{'type': 'Point', 'coordinates': [13.092945266042026, 9.859010243211747]}",308.86890422961005,557,0,0,40,10919.919908813172
"{'type': 'Point', 'coordinates': [7.343727447677088, 9.859010243211747]}",127.27922061357854,529,0,1,10,14883.9082994441
"{'type': 'Point', 'coordinates': [6.041170285703782, 12.0149669250986]}",323.10988842807024,361,0,0,30,9469.769941558985
"{'type': 'Point', 'coordinates': [10.532746706301388, 7.478474740295016]}",182.48287590894657,211,0,1,40,18790.253478407278
"{'type': 'Point', 'coordinates': [8.556453081238441, 6.265749106733662]}",84.8528137423857,52,0,1,10,20946.431126723415
"{'type': 'Point', 'coordinates': [8.152211203384658, 8.062379674972705]}",108.16653826391968,151,0,1,40,12167.562777574938
"{'type': 'Point', 'coordinates': [10.263252121065532, 8.017463910766729]}",120.0,156,0,1,20,13230.69124240395
"{'type': 'Point', 'coordinates': [6.355580635145614, 9.9488417716237]}",42.42640687119285,228,0,1,10,12175.490435945485
"{'type': 'Point', 'coordinates': [5.322518058408165, 10.532746706301388]}",60.0,343,0,0,40,12158.057088597576
"{'type': 'Point', 'coordinates': [11.565809283038838, 10.84715705574322]}",94.86832980505139,263,0,0,30,8539.121368754044
"{'type': 'Point', 'coordinates': [4.379287010082667, 8.870863430680274]}",283.0194339616981,330,0,0,20,11815.719749756516
"{'type': 'Point', 'coordinates': [4.244539717464739, 7.65813779711892]}",258.0697580112788,268,0,1,10,13862.503147034673
"{'type': 'Point', 'coordinates': [7.343727447677088, 8.511537317032467]}",301.4962686336267,181,0,0,10,12425.45999729876
"{'type': 'Point', 'coordinates': [5.6369284078499975, 9.544599893769915]}",161.55494421403512,136,0,0,40,11818.918082621007
"{'type': 'Point', 'coordinates': [5.816591464673902, 12.059882689304576]}",381.8376618407357,352,0,1,40,9066.547917656346
"{'type': 'Point', 'coordinates': [10.397999413683461, 7.523390504500992]}",108.16653826391968,205,0,1,30,19080.124983215625
"{'type': 'Point', 'coordinates': [3.840297839610954, 7.7030535613248965]}",301.4962686336267,266,0,1,30,12504.062548155825
"{'type': 'Point', 'coordinates': [6.17591757832171, 7.613222032912945]}",108.16653826391968,290,0,0,20,12919.274348180043
"{'type': 'Point', 'coordinates': [8.601368845444417, 7.253895919265136]}",301.4962686336267,137,0,0,40,12892.113076386322
"{'type': 'Point', 'coordinates': [9.634431422181867, 9.769178714799796]}",429.5346318982906,650,0,0,30,11469.451617703548
"{'type': 'Point', 'coordinates': [8.421705788620514, 9.095442251710155]}",276.5863337187866,544,0,1,30,15615.36490776041
"{'type': 'Point', 'coordinates': [11.116651640979079, 6.580159456175495]}",67.0820393249937,1345,0,0,30,19692.69045696374
"{'type': 'Point', 'coordinates': [6.580159456175495, 9.769178714799796]}",108.16653826391968,265,0,0,40,12041.739387778414
"{'type': 'Point', 'coordinates': [8.421705788620514, 6.759822512999399]}",390.0,118,0,0,40,15996.75623064173
"{'type': 'Point', 'coordinates': [5.906422993085854, 5.457265351026093]}",67.0820393249937,12,0,1,10,24547.3460400459
"{'type': 'Point', 'coordinates': [6.40049639935159, 4.91827618055438]}",67.0820393249937,18,0,1,10,28614.12195931375
"{'type': 'Point', 'coordinates': [12.329377274540432, 10.98190434836115]}",335.4101966249685,486,0,0,20,9525.774590944728
"{'type': 'Point', 'coordinates': [9.993757535829676, 9.903926007417724]}",342.05262752974136,548,0,0,20,10677.296838961774
"{'type': 'Point', 'coordinates': [10.622578234713341, 10.667493998919317]}",524.785670536077,497,0,0,40,9244.858649340686
"{'type': 'Point', 'coordinates': [7.343727447677088, 8.107295439178682]}",42.42640687119285,52,1,1,10,11862.590091249249
"{'type': 'Point', 'coordinates': [5.008107708966333, 8.152211203384658]}",169.7056274847714,529,0,1,10,14438.334230173408
"{'type': 'Point', 'coordinates': [13.94634478595557, 12.643787623982265]}",60.0,285,0,0,90,5505.824646727211
"{'type': 'Point', 'coordinates': [5.592012643644021, 8.46662155282649]}",180.0,228,0,1,10,13376.148982455523
"{'type': 'Point', 'coordinates': [5.726759936261949, 10.622578234713341]}",283.0194339616981,397,0,1,40,11964.478462547933
"{'type': 'Point', 'coordinates': [13.542102908101786, 13.542102908101786]}",182.48287590894657,280,0,1,90,3016.164557296581
"{'type': 'Point', 'coordinates': [10.667493998919317, 9.364936836946011]}",268.3281572999748,220,0,0,40,10123.379893843006
"{'type': 'Point', 'coordinates': [7.478474740295016, 5.277602294202189]}",330.0,100,0,0,10,22064.049275600744
"{'type': 'Point', 'coordinates': [13.542102908101786, 13.452271379689835]}",241.86773244895647,281,0,0,90,3034.4143687978303
"{'type': 'Point', 'coordinates': [11.161567405185055, 10.263252121065532]}",212.13203435596427,471,0,0,50,9215.805959682235
"{'type': 'Point', 'coordinates': [9.185273780122108, 7.792885089736849]}",84.8528137423857,130,0,0,20,12319.38562545837
"{'type': 'Point', 'coordinates': [4.064876660640834, 11.296314697802982]}",67.0820393249937,203,0,0,20,10904.337342103008
"{'type': 'Point', 'coordinates': [3.121645612315337, 9.095442251710155]}",308.86890422961005,436,0,0,20,12036.236553063984
"{'type': 'Point', 'coordinates': [6.310664870939639, 7.298811683471112]}",240.0,425,0,1,10,13156.545483849244
"{'type': 'Point', 'coordinates': [10.892072819949197, 8.646284609650394]}",212.13203435596427,208,0,0,40,12230.396534181484
"{'type': 'Point', 'coordinates': [8.46662155282649, 10.128504828447605]}",90.0,769,0,1,40,12577.704265773053
"{'type': 'Point', 'coordinates': [8.107295439178682, 5.816591464673902]}",67.0820393249937,76,0,1,10,21844.59803991299
"{'type': 'Point', 'coordinates': [6.759822512999399, 4.558950066906571]}",30.0,9,0,0,95,27495.982749268413
"{'type': 'Point', 'coordinates': [4.514034302700596, 11.071735876773102]}",30.0,206,0,0,40,10646.817499166275
"{'type': 'Point', 'coordinates': [3.8852136038169305, 7.388643211883064]}",429.5346318982906,200,0,1,10,12517.959707549773
"{'type': 'Point', 'coordinates': [6.220833342527686, 7.7030535613248965]}",60.0,224,0,0,20,13240.711083316159
"{'type': 'Point', 'coordinates': [7.972548146560753, 9.634431422181867]}",30.0,720,0,0,30,15744.256018128812
"{'type': 'Point', 'coordinates': [7.074232862441232, 8.870863430680274]}",256.3201123595259,211,0,0,40,12708.462652623542
"{'type': 'Point', 'coordinates': [3.256392904933265, 7.747969325530873]}",276.5863337187866,173,0,1,20,11558.506210009717
"{'type': 'Point', 'coordinates': [11.341230462008959, 11.296314697802982]}",408.0441152620633,430,0,0,20,8386.291357674841
"{'type': 'Point', 'coordinates': [12.823450680806168, 11.745472339862744]}",271.66155414412253,348,0,0,30,6999.62323591106
"{'type': 'Point', 'coordinates': [4.064876660640834, 7.164064390853183]}",379.47331922020555,126,0,1,10,15694.242139462847
"{'type': 'Point', 'coordinates': [7.029317098235255, 10.577662470507365]}",169.7056274847714,587,0,1,30,12729.648614852224
"{'type': 'Point', 'coordinates': [7.568306268706968, 4.558950066906571]}",30.0,11,0,1,10,32797.87151007075
"{'type': 'Point', 'coordinates': [11.386146226214935, 8.152211203384658]}",391.15214431215895,286,0,1,10,15658.210953795908
"{'type': 'Point', 'coordinates': [8.331874260208561, 8.736116138062346]}",241.86773244895647,233,0,0,20,14498.867225139373
"{'type': 'Point', 'coordinates': [4.019960896434859, 7.927632382354777]}",192.09372712298546,312,0,0,40,12370.527302109287
"{'type': 'Point', 'coordinates': [6.131001814115734, 9.005610723298203]}",152.97058540778355,79,0,0,40,11395.358634085678
"{'type': 'Point', 'coordinates': [3.66063478278705, 6.445412163557567]}",0.0,8,0,1,50,17089.047514314763
"{'type': 'Point', 'coordinates': [11.161567405185055, 10.802241291537246]}",247.38633753705963,567,0,0,20,9122.850787249925
"{'type': 'Point', 'coordinates': [8.46662155282649, 9.859010243211747]}",90.0,782,0,0,40,12639.075596972678
"{'type': 'Point', 'coordinates': [6.086086049909758, 6.625075220381471]}",360.0,211,0,1,10,17424.62498119753
"{'type': 'Point', 'coordinates': [10.083589064241629, 8.197126967590634]}",42.42640687119285,130,0,0,40,11287.697956983415
"{'type': 'Point', 'coordinates': [11.835303868274694, 11.20648316939103]}",391.15214431215895,383,0,0,40,8318.206753585571
"{'type': 'Point', 'coordinates': [5.816591464673902, 9.72426295059382]}",123.69316876852982,140,0,0,40,11630.157267661423
"{'type': 'Point', 'coordinates': [3.031814083903385, 8.646284609650394]}",212.13203435596427,362,0,0,20,11721.703050253243
"{'type': 'Point', 'coordinates': [6.8047382772053755, 6.17591757832171]}",30.0,64,0,1,50,16986.17947688885
"{'type': 'Point', 'coordinates': [3.031814083903385, 6.759822512999399]}",189.73665961010278,74,0,1,10,15226.80643204476
"{'type': 'Point', 'coordinates': [7.523390504500992, 11.565809283038838]}",94.86832980505139,621,0,0,40,9798.878956285917
"{'type': 'Point', 'coordinates': [11.88021963248067, 8.870863430680274]}",362.49137920783716,451,0,0,20,12363.988882701009
"{'type': 'Point', 'coordinates': [4.648781595318524, 11.700556575656767]}",366.1966684720111,213,0,0,20,9196.584059641145
"{'type': 'Point', 'coordinates': [11.296314697802982, 9.320021072740035]}",42.42640687119285,128,1,1,40,9108.010102262959
"{'type': 'Point', 'coordinates': [8.107295439178682, 7.478474740295016]}",247.38633753705963,159,0,0,20,12440.651893782364
"{'type': 'Point', 'coordinates': [11.565809283038838, 7.20898015505916]}",318.9043743820395,657,0,1,10,20274.13224852737
"{'type': 'Point', 'coordinates': [11.745472339862744, 7.43355897608904]}",509.1168824543142,1337,0,0,10,21361.26123172231
"{'type': 'Point', 'coordinates': [11.296314697802982, 6.6699909845874465]}",30.0,1329,0,0,30,18533.62981419795
"{'type': 'Point', 'coordinates': [6.714906748793423, 9.814094479005773]}",90.0,322,0,0,40,11956.392959019615
"{'type': 'Point', 'coordinates': [8.960694959092226, 7.029317098235255]}",228.47319317591726,166,0,0,40,14167.556347119622
"{'type': 'Point', 'coordinates': [7.972548146560753, 9.005610723298203]}",301.4962686336267,326,0,1,20,14391.963515031111
"{'type': 'Point', 'coordinates': [11.520893518832862, 8.286958496002585]}",483.73546489791295,572,0,0,10,16268.46413860067
"{'type': 'Point', 'coordinates': [6.714906748793423, 11.431061990420911]}",192.09372712298546,605,0,0,20,10199.955267552354
"{'type': 'Point', 'coordinates': [4.783528887936452, 6.894569805617327]}",429.5346318982906,204,0,1,10,17847.04808131978
"{'type': 'Point', 'coordinates': [11.520893518832862, 6.759822512999399]}",120.0,1418,0,0,30,18872.217745044323
"{'type': 'Point', 'coordinates': [11.925135396686647, 9.993757535829676]}",152.97058540778355,215,0,0,40,9353.373958974058
"{'type': 'Point', 'coordinates': [8.062379674972705, 5.592012643644021]}",30.0,86,0,1,10,24749.480894736946
"{'type': 'Point', 'coordinates': [8.736116138062346, 6.939485569823304]}",390.0,94,0,0,40,14634.895312037319
"{'type': 'Point', 'coordinates': [10.98190434836115, 10.667493998919317]}",313.20919526731655,520,0,0,40,8996.467026688115
"{'type': 'Point', 'coordinates': [7.882716618148801, 10.353083649477485]}",94.86832980505139,645,0,0,40,12959.494017535924
"{'type': 'Point', 'coordinates': [11.296314697802982, 9.903926007417724]}",60.0,422,0,0,40,9641.478326270822
"{'type': 'Point', 'coordinates': [12.868366445012144, 9.454768365357964]}",67.0820393249937,197,0,0,20,9688.51664212806
"{'type': 'Point', 'coordinates': [11.700556575656767, 9.72426295059382]}",134.1640786499874,466,0,0,30,9180.181592970634
"{'type': 'Point', 'coordinates': [6.445412163557567, 10.75732552733127]}",408.0441152620633,425,0,0,20,12510.789093762563
"{'type': 'Point', 'coordinates': [4.6038658311125475, 10.98190434836115]}",30.0,161,0,0,40,11151.05775752966
"{'type': 'Point', 'coordinates': [7.613222032912945, 9.814094479005773]}",84.8528137423857,608,0,1,20,15629.950164398244
"{'type': 'Point', 'coordinates': [7.20898015505916, 8.421705788620514]}",268.3281572999748,194,0,1,20,11711.119737544184
"{'type': 'Point', 'coordinates': [8.511537317032467, 6.6699909845874465]}",331.36083051561786,70,0,0,20,16431.05166060786
"{'type': 'Point', 'coordinates': [12.553956095570312, 10.622578234713341]}",305.9411708155671,466,0,0,30,10683.147585835126
"{'type': 'Point', 'coordinates': [8.960694959092226, 9.993757535829676]}",60.0,963,0,0,20,12372.105865787958
"{'type': 'Point', 'coordinates': [5.7716757004679256, 13.542102908101786]}",60.0,276,0,0,40,5558.144511972982
"{'type': 'Point', 'coordinates': [6.580159456175495, 4.693697359524499]}",0.0,9,0,0,10,26471.91063927114
"{'type': 'Point', 'coordinates': [12.91328220921812, 10.98190434836115]}",523.9274758971894,433,0,0,30,9773.586615005308
"{'type': 'Point', 'coordinates': [6.445412163557567, 6.625075220381471]}",120.0,169,0,1,10,16142.451053682715
"{'type': 'Point', 'coordinates': [12.374293038746409, 10.128504828447605]}",318.9043743820395,643,0,1,40,11430.033685500734
"{'type': 'Point', 'coordinates': [11.431061990420911, 10.173420592653581]}",94.86832980505139,300,0,0,40,9068.117141979747
"{'type': 'Point', 'coordinates': [6.759822512999399, 6.490327927763542]}",42.42640687119285,27,0,1,10,16943.695326919667
"{'type': 'Point', 'coordinates': [8.511537317032467, 9.589515657975891]}",150.0,1134,0,1,30,14383.084585427283
"{'type': 'Point', 'coordinates': [6.490327927763542, 9.993757535829676]}",30.0,244,0,0,30,12027.586252707682
"{'type': 'Point', 'coordinates': [5.681844172055973, 8.286958496002585]}",67.0820393249937,218,0,1,20,13385.192058918099
"{'type': 'Point', 'coordinates': [11.161567405185055, 10.038673300035653]}",174.92855684535903,456,0,0,40,9974.790037206374
"{'type': 'Point', 'coordinates': [10.84715705574322, 8.421705788620514]}",152.97058540778355,218,0,0,40,13441.772522926036
"{'type': 'Point', 'coordinates': [5.6369284078499975, 5.232686529996212]}",60.0,16,0,1,10,30515.046061369765
"{'type': 'Point', 'coordinates': [13.317524087071906, 10.84715705574322]}",523.9274758971894,414,0,0,20,9673.44483233615
"{'type': 'Point', 'coordinates': [3.9750451322288827, 9.320021072740035]}",201.24611797498108,326,0,0,40,10636.484818612627
"{'type': 'Point', 'coordinates': [8.286958496002585, 7.164064390853183]}",402.49223594996215,88,0,0,20,12671.722526324447
"{'type': 'Point', 'coordinates': [8.781031902268323, 11.161567405185055]}",174.92855684535903,591,0,1,40,10785.479076743972
"{'type': 'Point', 'coordinates': [7.20898015505916, 8.556453081238441]}",351.14099732158877,400,0,1,10,12907.383233366076
"{'type': 'Point', 'coordinates': [9.364936836946011, 9.679347186387844]}",256.3201123595259,875,0,0,30,12211.480813725357
"{'type': 'Point', 'coordinates': [9.9488417716237, 7.882716618148801]}",60.0,146,0,0,20,12760.91321576017
"{'type': 'Point', 'coordinates': [11.386146226214935, 8.242042731796609]}",391.15214431215895,279,0,1,10,15570.86685856242
"{'type': 'Point', 'coordinates': [3.256392904933265, 9.275105308534059]}",394.58839313897715,364,0,0,20,11823.832877367062
"{'type': 'Point', 'coordinates': [3.031814083903385, 7.074232862441232]}",169.7056274847714,75,0,1,20,12447.482648959121
"{'type': 'Point', 'coordinates': [5.277602294202189, 10.083589064241629]}",212.13203435596427,296,0,0,40,12535.042340585478
"{'type': 'Point', 'coordinates': [11.970051160892623, 11.386146226214935]}",540.8326913195983,442,0,0,30,8321.193172397157
"{'type': 'Point', 'coordinates': [7.43355897608904, 7.074232862441232]}",474.3416490252569,336,0,1,10,14295.302144789828
"{'type': 'Point', 'coordinates': [12.688703388188241, 11.970051160892623]}",402.49223594996215,339,0,0,40,6777.2848013720895
"{'type': 'Point', 'coordinates': [8.152211203384658, 6.759822512999399]}",408.0441152620633,84,0,0,10,16330.37996911211
"{'type': 'Point', 'coordinates': [7.792885089736849, 6.17591757832171]}",174.92855684535903,65,0,1,40,18731.796392604883
"{'type': 'Point', 'coordinates': [5.232686529996212, 12.284461510334456]}",60.0,266,0,0,40,7685.659341726289
"{'type': 'Point', 'coordinates': [3.3911401975511937, 8.331874260208561]}",218.40329667841553,290,0,1,20,12010.802872276057
"{'type': 'Point', 'coordinates': [4.558950066906571, 7.478474740295016]}",270.0,289,0,0,50,14565.04336004136
"{'type': 'Point', 'coordinates': [9.275105308534059, 10.892072819949197]}",379.47331922020555,618,0,0,30,12082.22117004415
"{'type': 'Point', 'coordinates': [14.260755135397403, 11.520893518832862]}",543.3231082882451,306,0,0,30,8022.069671045629
"{'type': 'Point', 'coordinates': [8.421705788620514, 7.65813779711892]}",67.0820393249937,117,0,1,20,12065.702472207473
"{'type': 'Point', 'coordinates': [6.6699909845874465, 4.783528887936452]}",42.42640687119285,12,0,1,10,24897.136702008545
"{'type': 'Point', 'coordinates': [13.04802950183605, 11.970051160892623]}",216.33307652783935,315,0,0,40,6878.879432126076
"{'type': 'Point', 'coordinates': [5.547096879438045, 11.386146226214935]}",182.48287590894657,409,0,0,40,10716.278385614216
"{'type': 'Point', 'coordinates': [8.870863430680274, 9.814094479005773]}",0.0,1246,0,1,40,12323.552039097342
"{'type': 'Point', 'coordinates': [5.187770765790236, 11.251398933597006]}",60.0,343,0,0,40,10956.575823026666
"{'type': 'Point', 'coordinates': [6.625075220381471, 6.445412163557567]}",30.0,76,0,1,10,16907.852171976934
"{'type': 'Point', 'coordinates': [2.7623194986675284, 8.511537317032467]}",361.2478373637689,254,0,0,20,12673.045246436406
"{'type': 'Point', 'coordinates': [6.310664870939639, 8.242042731796609]}",152.97058540778355,324,0,1,10,12815.886270473113
"{'type': 'Point', 'coordinates': [11.520893518832862, 8.376790024414538]}",494.77267507411926,310,0,1,10,15550.01999169085
"{'type': 'Point', 'coordinates': [4.064876660640834, 11.386146226214935]}",30.0,241,0,0,20,10589.74069536394
"{'type': 'Point', 'coordinates': [5.053023473172308, 9.9488417716237]}",271.66155414412253,221,0,1,10,12855.876679218516
"{'type': 'Point', 'coordinates': [10.083589064241629, 10.263252121065532]}",174.92855684535903,479,0,0,40,9877.654893423809
"{'type': 'Point', 'coordinates': [4.91827618055438, 8.91577919488625]}",150.0,255,0,0,40,11381.314997088224
"{'type': 'Point', 'coordinates': [11.116651640979079, 7.298811683471112]}",276.5863337187866,481,0,1,10,21147.882843696978
"{'type': 'Point', 'coordinates': [4.648781595318524, 9.634431422181867]}",30.0,223,0,1,20,13100.64548405441
"{'type': 'Point', 'coordinates': [4.334371245876691, 8.152211203384658]}",90.0,390,0,1,10,12647.98961523614
"{'type': 'Point', 'coordinates': [4.738613123730476, 8.960694959092226]}",90.0,220,0,0,20,12037.264837674205
"{'type': 'Point', 'coordinates': [6.939485569823304, 8.736116138062346]}",339.4112549695428,188,0,1,20,12212.863886781628
"{'type': 'Point', 'coordinates': [9.544599893769915, 8.286958496002585]}",108.16653826391968,148,0,0,40,10733.509408241349
"{'type': 'Point', 'coordinates': [4.828444652142428, 11.655640811450791]}",318.9043743820395,310,0,0,20,9969.122993748206
"{'type': 'Point', 'coordinates': [4.738613123730476, 9.903926007417724]}",60.0,209,0,0,40,12247.722263404052
"{'type': 'Point', 'coordinates': [4.648781595318524, 10.75732552733127]}",30.0,175,0,1,40,10291.83800106487
"{'type': 'Point', 'coordinates': [3.031814083903385, 8.242042731796609]}",366.1966684720111,276,0,1,20,12297.033658927703
"{'type': 'Point', 'coordinates': [4.828444652142428, 9.814094479005773]}",120.0,282,0,0,10,12912.565536856215
"{'type': 'Point', 'coordinates': [5.053023473172308, 8.421705788620514]}",258.0697580112788,347,0,1,20,13282.984612149152
"{'type': 'Point', 'coordinates': [11.071735876773102, 9.993757535829676]}",192.09372712298546,442,0,0,40,9955.086183854379
"{'type': 'Point', 'coordinates': [4.514034302700596, 7.343727447677088]}",361.2478373637689,265,0,1,10,16772.752140649594
"{'type': 'Point', 'coordinates': [10.98190434836115, 11.251398933597006]}",366.1966684720111,415,0,0,40,8168.007983545298
"{'type': 'Point', 'coordinates': [5.681844172055973, 4.738613123730476]}",30.0,10,0,0,95,29233.439682533673
"{'type': 'Point', 'coordinates': [6.5352436919695185, 8.870863430680274]}",169.7056274847714,134,0,1,40,11396.414164599184
"{'type': 'Point', 'coordinates': [5.412349586820117, 7.568306268706968]}",308.86890422961005,385,0,1,10,15280.219544673979
"{'type': 'Point', 'coordinates': [11.79038810406872, 9.634431422181867]}",67.0820393249937,219,0,0,20,8643.662403634396
"{'type': 'Point', 'coordinates': [5.906422993085854, 11.565809283038838]}",429.5346318982906,410,0,0,40,10364.571385847066
"{'type': 'Point', 'coordinates': [7.523390504500992, 8.331874260208561]}",180.0,168,0,1,40,12161.08948537881
"{'type': 'Point', 'coordinates': [5.95133875729183, 4.91827618055438]}",60.0,23,0,1,10,28390.27774277795
"{'type': 'Point', 'coordinates': [10.218336356859556, 10.712409763125294]}",300.0,501,0,0,40,9191.431090118072
"{'type': 'Point', 'coordinates': [10.622578234713341, 12.553956095570312]}",218.40329667841553,349,0,1,40,5022.909709728334
"{'type': 'Point', 'coordinates': [6.40049639935159, 8.421705788620514]}",42.42640687119285,80,0,1,10,11866.152192361931
"{'type': 'Point', 'coordinates': [5.592012643644021, 12.509040331364336]}",216.33307652783935,291,0,0,40,7647.774537014737
"{'type': 'Point', 'coordinates': [6.6699909845874465, 5.097939237378284]}",84.8528137423857,17,0,1,10,24287.71554991603
"{'type': 'Point', 'coordinates': [5.547096879438045, 8.242042731796609]}",42.42640687119285,302,0,1,20,12314.724084426209
"{'type': 'Point', 'coordinates': [7.478474740295016, 8.69120037385637]}",241.86773244895647,576,0,1,10,12817.391638282279
"{'type': 'Point', 'coordinates': [6.40049639935159, 11.520893518832862]}",402.49223594996215,520,0,0,40,10587.483117198635
"{'type': 'Point', 'coordinates': [13.676850200719715, 11.925135396686647]}",283.0194339616981,301,0,0,30,7137.343269166948
"{'type': 'Point', 'coordinates': [10.802241291537246, 7.074232862441232]}",161.55494421403512,515,0,1,10,23129.07687730281
"{'type': 'Point', 'coordinates': [8.646284609650394, 7.8378008539428246]}",42.42640687119285,111,0,1,40,12132.145850790577
"{'type': 'Point', 'coordinates': [11.431061990420911, 9.544599893769915]}",84.8528137423857,205,0,0,40,9531.166435649924
"{'type': 'Point', 'coordinates': [10.667493998919317, 7.523390504500992]}",218.40329667841553,712,0,1,10,20819.133537429174
"{'type': 'Point', 'coordinates': [3.7953820754049783, 7.792885089736849]}",240.0,225,0,1,40,12415.722949906805
"{'type': 'Point', 'coordinates': [5.3674338226141405, 6.041170285703782]}",30.0,20,0,1,10,23929.361551878974
"{'type': 'Point', 'coordinates': [7.388643211883064, 9.320021072740035]}",94.86832980505139,582,0,0,40,14614.794023799062
"{'type': 'Point', 'coordinates': [8.825947666474299, 9.993757535829676]}",84.8528137423857,1182,0,1,40,12874.354027634196
"{'type': 'Point', 'coordinates': [4.1996239532587625, 8.825947666474299]}",283.0194339616981,417,0,0,20,11821.107306273636
"{'type': 'Point', 'coordinates': [11.655640811450791, 9.634431422181867]}",94.86832980505139,412,0,0,20,9145.630079403832
"{'type': 'Point', 'coordinates': [6.355580635145614, 4.334371245876691]}",0.0,9,0,0,95,32527.898906081915
"{'type': 'Point', 'coordinates': [7.613222032912945, 7.8378008539428246]}",108.16653826391968,200,0,1,10,13764.542651341173
"{'type': 'Point', 'coordinates': [11.79038810406872, 10.802241291537246]}",189.73665961010278,384,0,0,30,8958.880174644306
"{'type': 'Point', 'coordinates': [6.714906748793423, 6.086086049909758]}",0.0,20,1,1,40,19321.50339771877
"{'type': 'Point', 'coordinates': [10.173420592653581, 11.655640811450791]}",324.4996147917591,406,0,1,50,8830.663342868931
"{'type': 'Point', 'coordinates': [7.343727447677088, 9.589515657975891]}",218.40329667841553,535,0,1,40,15177.254021070083
"{'type': 'Point', 'coordinates': [12.464124567158361, 9.544599893769915]}",123.69316876852982,217,0,0,40,9388.952716376052
"{'type': 'Point', 'coordinates': [4.783528887936452, 11.341230462008959]}",216.33307652783935,224,0,1,30,10894.590511246788
"{'type': 'Point', 'coordinates': [12.149714217716529, 9.9488417716237]}",134.1640786499874,631,0,0,20,10109.519579397704
"{'type': 'Point', 'coordinates': [7.343727447677088, 9.140358015916132]}",67.0820393249937,451,0,1,50,13733.77184405796
"{'type': 'Point', 'coordinates': [10.218336356859556, 7.074232862441232]}",123.69316876852982,401,0,1,10,23922.702263977495
"{'type': 'Point', 'coordinates': [4.289455481670715, 10.263252121065532]}",60.0,207,0,0,40,11561.545211745017
"{'type': 'Point', 'coordinates': [6.086086049909758, 12.059882689304576]}",284.60498941515414,350,0,1,40,9408.338315674702
"{'type': 'Point', 'coordinates': [9.544599893769915, 9.544599893769915]}",308.86890422961005,735,0,0,30,10923.72272165781
"{'type': 'Point', 'coordinates': [5.187770765790236, 12.0149669250986]}",94.86832980505139,299,0,0,40,8600.561115295757
"{'type': 'Point', 'coordinates': [11.071735876773102, 10.936988584155173]}",335.4101966249685,462,0,1,20,8877.513409551531
"{'type': 'Point', 'coordinates': [3.66063478278705, 8.646284609650394]}",212.13203435596427,340,0,0,20,11449.237744017228
"{'type': 'Point', 'coordinates': [12.104798453510552, 9.903926007417724]}",94.86832980505139,318,0,0,20,10109.519579397704
"{'type': 'Point', 'coordinates': [5.861507228879877, 7.882716618148801]}",216.33307652783935,429,0,1,20,14429.398757850693
"{'type': 'Point', 'coordinates': [9.095442251710155, 9.005610723298203]}",256.3201123595259,363,0,1,20,12807.977051712624
"{'type': 'Point', 'coordinates': [10.397999413683461, 12.284461510334456]}",192.09372712298546,359,0,0,40,5729.396505995464
"{'type': 'Point', 'coordinates': [7.43355897608904, 10.712409763125294]}",60.0,653,0,0,40,11474.559770809865
"{'type': 'Point', 'coordinates': [9.814094479005773, 10.442915177889438]}",30.0,599,0,0,30,11434.138909669236
"{'type': 'Point', 'coordinates': [12.0149669250986, 8.960694959092226]}",361.2478373637689,333,0,0,40,11216.07376438021
"{'type': 'Point', 'coordinates': [7.927632382354777, 7.298811683471112]}",402.49223594996215,210,0,0,10,12370.572548846365
"{'type': 'Point', 'coordinates': [4.064876660640834, 9.544599893769915]}",330.0,348,0,0,20,12073.10213271773
"{'type': 'Point', 'coordinates': [7.568306268706968, 11.026820112567126]}",84.8528137423857,658,0,0,40,10760.685997663677
"{'type': 'Point', 'coordinates': [12.464124567158361, 11.610725047244815]}",513.5172830587107,377,0,0,30,7835.917474350882
"{'type': 'Point', 'coordinates': [8.286958496002585, 6.5352436919695185]}",256.3201123595259,57,0,0,10,18134.891625451128
"{'type': 'Point', 'coordinates': [8.152211203384658, 6.714906748793423]}",391.15214431215895,104,0,0,40,16237.267695483204
"{'type': 'Point', 'coordinates': [11.79038810406872, 8.960694959092226]}",284.60498941515414,475,0,0,40,12052.271296276016
"{'type': 'Point', 'coordinates': [5.457265351026093, 7.523390504500992]}",349.85711369071805,389,0,1,10,15629.1351026521
"{'type': 'Point', 'coordinates': [13.631934436513738, 11.970051160892623]}",276.5863337187866,300,0,0,30,6940.823195730596
"{'type': 'Point', 'coordinates': [8.46662155282649, 7.388643211883064]}",218.40329667841553,131,0,0,40,12611.328733611572
"{'type': 'Point', 'coordinates': [5.053023473172308, 11.20648316939103]}",127.27922061357854,308,0,0,40,11014.198030672691
"{'type': 'Point', 'coordinates': [4.873360416348404, 7.478474740295016]}",342.05262752974136,289,0,0,10,15602.534803575138
"{'type': 'Point', 'coordinates': [6.265749106733662, 8.646284609650394]}",42.42640687119285,62,0,1,40,11173.307364743965
"{'type': 'Point', 'coordinates': [7.388643211883064, 8.511537317032467]}",300.0,197,0,1,40,11894.554206585064
"{'type': 'Point', 'coordinates': [6.17591757832171, 8.556453081238441]}",120.0,93,0,1,20,11703.412169008225
"{'type': 'Point', 'coordinates': [4.1996239532587625, 7.613222032912945]}",300.0,244,0,1,10,13403.815274181572
"{'type': 'Point', 'coordinates': [7.164064390853183, 11.655640811450791]}",30.0,647,0,0,40,9510.867838660517
"{'type': 'Point', 'coordinates': [9.185273780122108, 6.40049639935159]}",426.38011210655685,182,0,1,10,21723.63703794384
"{'type': 'Point', 'coordinates': [6.445412163557567, 10.892072819949197]}",362.49137920783716,493,0,0,20,12353.645971027556
"{'type': 'Point', 'coordinates': [12.104798453510552, 11.116651640979079]}",390.0,497,0,0,20,8901.600205083045
"{'type': 'Point', 'coordinates': [5.457265351026093, 10.936988584155173]}",150.0,325,0,0,40,11657.21107962014
"{'type': 'Point', 'coordinates': [7.972548146560753, 4.873360416348404]}",108.16653826391968,49,0,1,10,27034.24434798956
"{'type': 'Point', 'coordinates': [5.7716757004679256, 9.275105308534059]}",67.0820393249937,123,0,1,20,11891.44981282598
"{'type': 'Point', 'coordinates': [5.592012643644021, 5.861507228879877]}",30.0,18,0,0,10,24801.940315306187
"{'type': 'Point', 'coordinates': [2.897066791285457, 7.792885089736849]}",349.85711369071805,219,0,1,20,12356.321256813462
"{'type': 'Point', 'coordinates': [11.475977754626888, 8.46662155282649]}",484.6648326421053,272,0,1,30,14773.898108284611
"{'type': 'Point', 'coordinates': [3.0767298481093612, 7.478474740295016]}",108.16653826391968,103,0,1,20,11871.663381887975
"{'type': 'Point', 'coordinates': [6.220833342527686, 10.442915177889438]}",360.0,349,0,1,40,12592.103722543456
"{'type': 'Point', 'coordinates': [2.8521510270794805, 7.343727447677088]}",210.0,111,0,1,20,11498.13763598114
"{'type': 'Point', 'coordinates': [9.095442251710155, 9.903926007417724]}",90.0,1010,0,0,20,12608.329235725103
"{'type': 'Point', 'coordinates': [11.79038810406872, 7.8378008539428246]}",702.2819946431775,743,0,0,10,18273.669293267005
"{'type': 'Point', 'coordinates': [11.700556575656767, 8.91577919488625]}",301.4962686336267,568,0,0,40,12156.317535792801
"{'type': 'Point', 'coordinates': [11.161567405185055, 8.286958496002585]}",247.38633753705963,284,0,1,10,15891.289896077507
"{'type': 'Point', 'coordinates': [11.745472339862744, 9.903926007417724]}",90.0,421,0,0,20,9465.968274735264
"{'type': 'Point', 'coordinates': [10.622578234713341, 8.825947666474299]}",84.8528137423857,149,0,1,20,11162.452036090937
"{'type': 'Point', 'coordinates': [10.038673300035653, 10.128504828447605]}",216.33307652783935,502,0,0,40,10135.623342838488
"{'type': 'Point', 'coordinates': [7.074232862441232, 6.17591757832171]}",169.7056274847714,95,0,0,10,18036.90936582908
"{'type': 'Point', 'coordinates': [12.733619152394217, 10.712409763125294]}",436.80659335683106,457,0,0,40,9975.633246492025
"{'type': 'Point', 'coordinates': [4.289455481670715, 11.026820112567126]}",90.0,217,0,0,40,11137.83681936814
"{'type': 'Point', 'coordinates': [10.397999413683461, 7.343727447677088]}",67.0820393249937,551,0,0,10,21302.2204235072
"{'type': 'Point', 'coordinates': [11.251398933597006, 10.038673300035653]}",152.97058540778355,405,0,0,40,9614.078587300406
"{'type': 'Point', 'coordinates': [10.487830942095414, 9.769178714799796]}",540.8326913195983,307,0,0,30,9879.851618178916
"{'type': 'Point', 'coordinates': [12.284461510334456, 11.475977754626888]}",641.3267497929585,409,0,0,40,8927.236623389916
"{'type': 'Point', 'coordinates': [7.523390504500992, 11.386146226214935]}",67.0820393249937,686,0,0,40,10076.815071098565
"{'type': 'Point', 'coordinates': [6.131001814115734, 12.149714217716529]}",218.40329667841553,364,0,0,40,9199.499267577165
"{'type': 'Point', 'coordinates': [7.972548146560753, 10.75732552733127]}",152.97058540778355,643,0,0,40,11832.494554620702
"{'type': 'Point', 'coordinates': [6.086086049909758, 11.745472339862744]}",450.0,424,0,0,30,9954.450147167521
"{'type': 'Point', 'coordinates': [6.714906748793423, 11.655640811450791]}",276.5863337187866,588,0,0,40,9749.334648166188
"{'type': 'Point', 'coordinates': [13.362439851277882, 10.397999413683461]}",228.47319317591726,585,0,0,40,10653.512142517993
"{'type': 'Point', 'coordinates': [5.097939237378284, 8.646284609650394]}",268.3281572999748,256,0,1,20,13084.02134536276
"{'type': 'Point', 'coordinates': [13.227692558659953, 11.161567405185055]}",360.0,370,0,0,30,9144.64852510238
"{'type': 'Point', 'coordinates': [13.04802950183605, 9.903926007417724]}",323.10988842807024,631,0,0,40,10842.88280185017
"{'type': 'Point', 'coordinates': [9.140358015916132, 8.017463910766729]}",60.0,101,0,1,40,11888.390116089606
"{'type': 'Point', 'coordinates': [9.185273780122108, 10.263252121065532]}",283.0194339616981,796,0,0,30,12877.177907338133
"{'type': 'Point', 'coordinates': [5.008107708966333, 6.759822512999399]}",426.38011210655685,90,0,0,10,18578.554694019258
"{'type': 'Point', 'coordinates': [10.353083649477485, 7.253895919265136]}",0.0,189,0,0,10,22166.764697117782
"{'type': 'Point', 'coordinates': [8.062379674972705, 8.376790024414538]}",94.86832980505139,95,0,1,40,12996.417699976568
"{'type': 'Point', 'coordinates': [2.8072352628735047, 6.625075220381471]}",120.0,46,0,1,10,13170.775196962139
"{'type': 'Point', 'coordinates': [6.849654041411351, 10.577662470507365]}",268.3281572999748,533,0,0,40,12214.924062382139
"{'type': 'Point', 'coordinates': [7.029317098235255, 6.849654041411351]}",218.40329667841553,73,0,1,20,14953.222116512246
"{'type': 'Point', 'coordinates': [9.589515657975891, 7.927632382354777]}",94.86832980505139,117,0,0,20,11439.001373213065
"{'type': 'Point', 'coordinates': [12.778534916600194, 9.140358015916132]}",150.0,216,0,0,20,10250.294345646049
"{'type': 'Point', 'coordinates': [9.230189544328082, 8.511537317032467]}",201.24611797498108,126,0,0,20,12236.586342083232
"{'type': 'Point', 'coordinates': [12.958197973424097, 11.745472339862744]}",182.48287590894657,345,0,0,30,6938.218828485176
"{'type': 'Point', 'coordinates': [9.320021072740035, 8.781031902268323]}",94.86832980505139,248,0,0,40,12586.654526579048
"{'type': 'Point', 'coordinates': [11.071735876773102, 10.128504828447605]}",258.0697580112788,505,0,0,40,9509.866830561885
"{'type': 'Point', 'coordinates': [5.457265351026093, 8.960694959092226]}",0.0,66,1,1,40,12472.172741290864
"{'type': 'Point', 'coordinates': [4.828444652142428, 9.769178714799796]}",120.0,249,0,0,20,12866.138008343289
"{'type': 'Point', 'coordinates': [10.936988584155173, 8.107295439178682]}",108.16653826391968,183,0,0,40,15576.960295925237
"{'type': 'Point', 'coordinates': [9.185273780122108, 10.353083649477485]}",335.4101966249685,738,0,1,30,12825.319722451386
"{'type': 'Point', 'coordinates': [10.532746706301388, 7.747969325530873]}",256.3201123595259,192,0,1,40,16371.527142442337
"{'type': 'Point', 'coordinates': [3.570803254375098, 8.825947666474299]}",174.92855684535903,445,0,1,20,11571.274448363227
"{'type': 'Point', 'coordinates': [9.364936836946011, 9.9488417716237]}",271.66155414412253,811,0,1,20,12639.709918695531
"{'type': 'Point', 'coordinates': [2.986898319697409, 6.445412163557567]}",30.0,10,0,1,10,14709.169297021232
"{'type': 'Point', 'coordinates': [13.631934436513738, 12.374293038746409]}",300.0,293,0,0,30,6886.657488147053
"{'type': 'Point', 'coordinates': [10.667493998919317, 9.409852601151988]}",295.4657340538831,265,0,0,40,9859.942809545675
"{'type': 'Point', 'coordinates': [9.409852601151988, 6.490327927763542]}",295.4657340538831,430,0,1,10,23143.407743040858
"{'type': 'Point', 'coordinates': [7.7030535613248965, 10.667493998919317]}",42.42640687119285,615,0,0,40,12343.885528428596
"{'type': 'Point', 'coordinates': [7.747969325530873, 8.825947666474299]}",212.13203435596427,347,0,1,40,12971.619614456296
"{'type': 'Point', 'coordinates': [2.897066791285457, 6.8047382772053755]}",241.86773244895647,40,0,1,10,14105.936526989484
"{'type': 'Point', 'coordinates': [5.681844172055973, 10.487830942095414]}",218.40329667841553,385,0,0,40,12551.735838015236
"{'type': 'Point', 'coordinates': [13.137861030248002, 10.397999413683461]}",318.9043743820395,522,0,0,40,10659.527854470525
"{'type': 'Point', 'coordinates': [9.679347186387844, 9.589515657975891]}",305.9411708155671,651,0,0,30,11287.981716708891
"{'type': 'Point', 'coordinates': [3.166561376521313, 7.613222032912945]}",180.0,142,0,1,20,11374.272200431806
"{'type': 'Point', 'coordinates': [4.379287010082667, 9.9488417716237]}",108.16653826391968,214,0,0,30,12163.213082530943
"{'type': 'Point', 'coordinates': [10.75732552733127, 10.892072819949197]}",510.0,434,0,1,40,9240.24297686293
"{'type': 'Point', 'coordinates': [11.296314697802982, 7.43355897608904]}",364.96575181789314,367,0,1,40,20984.873671336587
"{'type': 'Point', 'coordinates': [13.49718714389581, 13.542102908101786]}",189.73665961010278,280,0,1,90,3120.0662934946554
"{'type': 'Point', 'coordinates': [9.409852601151988, 6.849654041411351]}",108.16653826391968,211,0,0,10,20919.336970411692
"{'type': 'Point', 'coordinates': [5.95133875729183, 8.286958496002585]}",201.24611797498108,239,0,1,20,12650.451337435474
"{'type': 'Point', 'coordinates': [4.648781595318524, 9.9488417716237]}",30.0,184,0,1,40,13625.106172603613
"{'type': 'Point', 'coordinates': [9.320021072740035, 8.376790024414538]}",216.33307652783935,109,0,1,40,11909.471943984317
"{'type': 'Point', 'coordinates': [10.712409763125294, 8.825947666474299]}",134.1640786499874,151,0,0,20,11043.113727199474
"{'type': 'Point', 'coordinates': [7.523390504500992, 8.825947666474299]}",150.0,462,0,1,20,13611.135292154382
"{'type': 'Point', 'coordinates': [12.194629981922503, 9.275105308534059]}",134.1640786499874,187,0,0,40,9578.377367686375
"{'type': 'Point', 'coordinates': [7.882716618148801, 11.296314697802982]}",94.86832980505139,674,0,0,40,9337.10023424284
"{'type': 'Point', 'coordinates': [4.783528887936452, 10.712409763125294]}",60.0,165,0,0,20,10072.606928539839
"{'type': 'Point', 'coordinates': [3.705550546993026, 7.388643211883064]}",313.20919526731655,203,0,1,10,14189.620527617575
"{'type': 'Point', 'coordinates': [10.577662470507365, 7.164064390853183]}",0.0,225,0,1,10,22403.05905787232
"{'type': 'Point', 'coordinates': [8.331874260208561, 4.963191944760356]}",0.0,26,0,0,50,27145.81857316196
"{'type': 'Point', 'coordinates': [4.064876660640834, 10.75732552733127]}",182.48287590894657,289,0,0,20,11592.938635879404
"{'type': 'Point', 'coordinates': [5.3674338226141405, 6.086086049909758]}",60.0,26,0,1,10,23471.680919274688
"{'type': 'Point', 'coordinates': [3.3911401975511937, 8.781031902268323]}",67.0820393249937,421,0,0,40,11849.92001599945
"{'type': 'Point', 'coordinates': [4.6038658311125475, 9.409852601151988]}",0.0,126,1,1,20,13014.516360544665
"{'type': 'Point', 'coordinates': [5.3674338226141405, 11.88021963248067]}",201.24611797498108,323,0,1,20,9049.766578247025
"{'type': 'Point', 'coordinates': [11.610725047244815, 9.634431422181867]}",108.16653826391968,341,0,1,20,9529.723111889682
"{'type': 'Point', 'coordinates': [10.263252121065532, 6.984401334029279]}",180.0,558,0,1,10,25174.562422928862
"{'type': 'Point', 'coordinates': [7.613222032912945, 7.65813779711892]}",218.40329667841553,402,0,1,10,13829.744993194137
"{'type': 'Point', 'coordinates': [12.823450680806168, 9.320021072740035]}",30.0,170,1,1,40,9632.898408727924
"{'type': 'Point', 'coordinates': [8.107295439178682, 10.532746706301388]}",254.5584412271571,664,0,0,40,12820.599411001454
"{'type': 'Point', 'coordinates': [6.265749106733662, 11.88021963248067]}",300.0,421,0,0,20,9925.270744035917
"{'type': 'Point', 'coordinates': [6.265749106733662, 7.253895919265136]}",268.3281572999748,351,0,1,10,14652.848039407574
"{'type': 'Point', 'coordinates': [9.275105308534059, 6.445412163557567]}",366.1966684720111,696,0,1,10,23350.212573406203
"{'type': 'Point', 'coordinates': [6.8047382772053755, 10.128504828447605]}",60.0,362,0,0,40,12576.004203479402
"{'type': 'Point', 'coordinates': [5.6369284078499975, 11.970051160892623]}",295.4657340538831,334,0,0,40,9029.872347932593
"{'type': 'Point', 'coordinates': [7.20898015505916, 10.622578234713341]}",108.16653826391968,591,0,1,40,11610.224084772053
"{'type': 'Point', 'coordinates': [8.152211203384658, 9.095442251710155]}",339.4112549695428,499,0,1,20,15118.3778730851
"{'type': 'Point', 'coordinates': [8.062379674972705, 6.714906748793423]}",342.05262752974136,103,0,0,10,16015.307126137983
"{'type': 'Point', 'coordinates': [9.72426295059382, 8.286958496002585]}",60.0,122,0,1,40,10334.179009074047
"{'type': 'Point', 'coordinates': [8.601368845444417, 8.242042731796609]}",161.55494421403512,186,0,0,40,13180.978758326295
"{'type': 'Point', 'coordinates': [4.4691185384946195, 9.544599893769915]}",60.0,176,0,0,20,12087.735856627305
"{'type': 'Point', 'coordinates': [8.825947666474299, 9.050526487504179]}",210.0,771,0,0,30,14193.88450877152
"{'type': 'Point', 'coordinates': [5.996254521497805, 13.542102908101786]}",0.0,289,0,0,40,5277.1533322576415
"{'type': 'Point', 'coordinates': [11.925135396686647, 9.589515657975891]}",30.0,158,0,0,40,8610.5881134416
"{'type': 'Point', 'coordinates': [10.712409763125294, 11.431061990420911]}",182.48287590894657,413,0,0,40,7622.77598669424
"{'type': 'Point', 'coordinates': [7.43355897608904, 5.412349586820117]}",371.0795063055894,129,0,1,10,22483.617068393934
"{'type': 'Point', 'coordinates': [10.353083649477485, 10.173420592653581]}",362.49137920783716,495,0,0,40,9560.01706311619
"{'type': 'Point', 'coordinates': [11.026820112567126, 7.164064390853183]}",216.33307652783935,1445,0,1,30,24019.931413732178
"{'type': 'Point', 'coordinates': [6.355580635145614, 6.580159456175495]}",182.48287590894657,145,0,1,10,17321.74729446741
"{'type': 'Point', 'coordinates': [9.769178714799796, 7.074232862441232]}",123.69316876852982,229,0,1,20,20670.47892936628
"{'type': 'Point', 'coordinates': [8.152211203384658, 9.050526487504179]}",361.2478373637689,483,0,1,20,15118.3778730851
"{'type': 'Point', 'coordinates': [6.265749106733662, 7.074232862441232]}",240.0,181,0,1,10,12846.17621831433
"{'type': 'Point', 'coordinates': [9.005610723298203, 8.646284609650394]}",30.0,164,0,0,40,13612.062885901545
"{'type': 'Point', 'coordinates': [8.870863430680274, 9.544599893769915]}",0.0,1310,0,0,30,12666.490471116134
"{'type': 'Point', 'coordinates': [3.166561376521313, 7.65813779711892]}",210.0,144,0,0,20,11063.420425159798
"{'type': 'Point', 'coordinates': [7.074232862441232, 8.781031902268323]}",300.0,274,0,1,40,13066.592805087184
"{'type': 'Point', 'coordinates': [6.220833342527686, 6.984401334029279]}",276.5863337187866,81,0,1,10,13253.016468500486
"{'type': 'Point', 'coordinates': [6.894569805617327, 10.218336356859556]}",30.0,428,0,1,40,12492.466808814917
"{'type': 'Point', 'coordinates': [4.4691185384946195, 7.568306268706968]}",218.40329667841553,266,0,1,10,15444.028145639808
"{'type': 'Point', 'coordinates': [11.20648316939103, 10.577662470507365]}",152.97058540778355,374,0,1,40,8608.665157329662
"{'type': 'Point', 'coordinates': [3.256392904933265, 7.298811683471112]}",30.0,97,0,1,20,12546.312253192038
"{'type': 'Point', 'coordinates': [9.185273780122108, 9.903926007417724]}",150.0,1356,0,1,20,12776.541604310409
"{'type': 'Point', 'coordinates': [13.27260832286593, 12.194629981922503]}",330.0,299,0,0,30,6736.2030694264195
"{'type': 'Point', 'coordinates': [6.714906748793423, 8.242042731796609]}",30.0,58,1,0,40,11815.463569958247
"{'type': 'Point', 'coordinates': [12.509040331364336, 10.218336356859556]}",342.05262752974136,459,0,0,30,11378.211278829236
"{'type': 'Point', 'coordinates': [3.615719018581074, 8.511537317032467]}",189.73665961010278,389,0,0,20,12088.519725007718
"{'type': 'Point', 'coordinates': [12.284461510334456, 11.071735876773102]}",379.47331922020555,492,0,0,30,9419.715327557768
"{'type': 'Point', 'coordinates': [4.963191944760356, 10.308167885271509]}",150.0,284,0,0,40,11994.398710127165
"{'type': 'Point', 'coordinates': [9.364936836946011, 6.8047382772053755]}",150.0,248,0,0,40,19746.44779157196
"{'type': 'Point', 'coordinates': [7.927632382354777, 9.409852601151988]}",94.86832980505139,747,0,1,20,15682.034576102056
"{'type': 'Point', 'coordinates': [8.107295439178682, 9.364936836946011]}",189.73665961010278,528,0,1,20,15797.755218289336
"{'type': 'Point', 'coordinates': [3.9301293680229064, 11.20648316939103]}",169.7056274847714,263,0,0,20,11141.861920573767
"{'type': 'Point', 'coordinates': [7.43355897608904, 6.984401334029279]}",417.85164831552356,347,0,1,10,14256.545618497243
"{'type': 'Point', 'coordinates': [8.376790024414538, 8.870863430680274]}",335.4101966249685,442,0,1,40,15656.527671021424
"{'type': 'Point', 'coordinates': [4.6038658311125475, 10.667493998919317]}",42.42640687119285,212,0,0,20,10391.571975323537
"{'type': 'Point', 'coordinates': [7.074232862441232, 6.8047382772053755]}",256.3201123595259,83,0,1,20,14978.386383018922
"{'type': 'Point', 'coordinates': [7.478474740295016, 11.341230462008959]}",67.0820393249937,699,0,0,40,9949.66361358605
"{'type': 'Point', 'coordinates': [5.7716757004679256, 5.457265351026093]}",0.0,15,0,1,10,25520.949209851577
"{'type': 'Point', 'coordinates': [11.88021963248067, 9.993757535829676]}",161.55494421403512,243,0,0,40,9275.09093737218
"{'type': 'Point', 'coordinates': [8.421705788620514, 6.849654041411351]}",450.0,152,0,0,10,15308.57543149814
"{'type': 'Point', 'coordinates': [8.601368845444417, 11.970051160892623]}",94.86832980505139,481,0,0,50,9139.583553577275
"{'type': 'Point', 'coordinates': [12.643787623982265, 9.320021072740035]}",42.42640687119285,227,1,0,20,10127.633924726164
"{'type': 'Point', 'coordinates': [6.759822512999399, 8.69120037385637]}",218.40329667841553,157,0,1,40,11590.494573101669
"{'type': 'Point', 'coordinates': [10.173420592653581, 7.388643211883064]}",42.42640687119285,193,0,0,20,18921.139494005824
"{'type': 'Point', 'coordinates': [5.726759936261949, 5.6369284078499975]}",30.0,13,0,1,95,26060.867257361475
"{'type': 'Point', 'coordinates': [6.086086049909758, 9.140358015916132]}",180.0,115,0,0,40,11535.742663082194
"{'type': 'Point', 'coordinates': [6.40049639935159, 10.667493998919317]}",445.9820624195552,426,0,0,40,11885.191327594686
"{'type': 'Point', 'coordinates': [11.970051160892623, 9.679347186387844]}",0.0,240,0,0,30,8962.93976707667
"{'type': 'Point', 'coordinates': [9.903926007417724, 7.074232862441232]}",169.7056274847714,333,0,0,10,22085.642362271436
"{'type': 'Point', 'coordinates': [7.119148626647208, 9.903926007417724]}",108.16653826391968,532,0,1,20,13694.910906648904
"{'type': 'Point', 'coordinates': [9.140358015916132, 10.083589064241629]}",169.7056274847714,890,0,0,40,12688.617008184923
"{'type': 'Point', 'coordinates': [12.778534916600194, 10.353083649477485]}",465.72524088780074,485,0,0,40,11714.739202414257
"{'type': 'Point', 'coordinates': [4.6038658311125475, 6.580159456175495]}",189.73665961010278,39,0,1,10,18884.33096718788
"{'type': 'Point', 'coordinates': [12.958197973424097, 11.565809283038838]}",201.24611797498108,355,0,0,30,7610.56175227878
"{'type': 'Point', 'coordinates': [12.553956095570312, 11.745472339862744]}",450.99889135118724,355,0,0,40,7714.522713459234
"{'type': 'Point', 'coordinates': [13.317524087071906, 10.75732552733127]}",465.72524088780074,426,0,0,30,9628.079267989957
"{'type': 'Point', 'coordinates': [4.154708189052787, 6.490327927763542]}",0.0,4,1,0,10,18040.39015438012
"{'type': 'Point', 'coordinates': [7.927632382354777, 7.43355897608904]}",323.10988842807024,219,0,0,20,12383.460695196874
"{'type': 'Point', 'coordinates': [10.892072819949197, 7.972548146560753]}",161.55494421403512,164,0,0,40,15393.123888135302
"{'type': 'Point', 'coordinates': [11.431061990420911, 8.286958496002585]}",424.26406871192853,291,0,1,20,15504.275788276136
"{'type': 'Point', 'coordinates': [8.960694959092226, 8.825947666474299]}",120.0,200,0,1,30,13183.87721218534
"{'type': 'Point', 'coordinates': [13.676850200719715, 11.431061990420911]}",300.0,339,0,0,30,9054.301100358714
"{'type': 'Point', 'coordinates': [4.648781595318524, 6.40049639935159]}",94.86832980505139,10,0,1,10,19791.079301293474
"{'type': 'Point', 'coordinates': [10.487830942095414, 7.43355897608904]}",150.0,219,0,1,10,20171.664552669376
"{'type': 'Point', 'coordinates': [12.284461510334456, 8.69120037385637]}",335.4101966249685,419,0,0,40,12613.345718676122
"{'type': 'Point', 'coordinates': [6.086086049909758, 11.251398933597006]}",553.1726674375732,515,0,0,40,11498.269082625842
"{'type': 'Point', 'coordinates': [11.79038810406872, 10.667493998919317]}",134.1640786499874,301,0,0,30,9219.01279891043
"{'type': 'Point', 'coordinates': [10.263252121065532, 7.568306268706968]}",60.0,186,0,0,20,17492.409105862236
"{'type': 'Point', 'coordinates': [11.610725047244815, 10.75732552733127]}",67.0820393249937,298,0,0,30,8771.804141230361
"{'type': 'Point', 'coordinates': [7.478474740295016, 6.759822512999399]}",268.3281572999748,367,0,1,10,15773.937789322088
"{'type': 'Point', 'coordinates': [8.197126967590634, 7.792885089736849]}",30.0,83,0,0,20,12273.050082919537
"{'type': 'Point', 'coordinates': [5.232686529996212, 9.230189544328082]}",84.8528137423857,122,0,0,40,11684.74403826565
"{'type': 'Point', 'coordinates': [5.816591464673902, 11.431061990420911]}",360.0,472,0,0,40,10798.417270201035
"{'type': 'Point', 'coordinates': [10.263252121065532, 7.478474740295016]}",30.0,192,0,0,10,17848.957087249775
"{'type': 'Point', 'coordinates': [10.667493998919317, 11.88021963248067]}",120.0,380,0,1,30,6499.511613898146
"{'type': 'Point', 'coordinates': [7.523390504500992, 8.286958496002585]}",150.0,182,0,1,20,12074.470841253562
"{'type': 'Point', 'coordinates': [8.376790024414538, 10.84715705574322]}",0.0,695,0,0,40,12698.738096013665
"{'type': 'Point', 'coordinates': [7.164064390853183, 12.0149669250986]}",270.0,494,0,0,40,8555.3905902736
"{'type': 'Point', 'coordinates': [10.532746706301388, 12.464124567158361]}",192.09372712298546,352,0,0,40,5137.405462126651
"{'type': 'Point', 'coordinates': [11.20648316939103, 9.49968412956394]}",169.7056274847714,427,0,0,30,9797.86676289693
"{'type': 'Point', 'coordinates': [7.20898015505916, 7.613222032912945]}",212.13203435596427,410,0,1,10,13904.648723777142
"{'type': 'Point', 'coordinates': [3.705550546993026, 8.960694959092226]}",108.16653826391968,404,0,1,20,11704.577532283605
"{'type': 'Point', 'coordinates': [8.242042731796609, 5.816591464673902]}",108.16653826391968,54,0,1,10,23104.66788817459
"{'type': 'Point', 'coordinates': [3.7953820754049783, 9.769178714799796]}",480.93658625644196,299,0,0,20,12738.206869219597
"{'type': 'Point', 'coordinates': [9.544599893769915, 10.218336356859556]}",241.86773244895647,683,0,0,30,11483.04426327729
"{'type': 'Point', 'coordinates': [6.759822512999399, 11.386146226214935]}",150.0,608,0,1,20,10710.395762795506
"{'type': 'Point', 'coordinates': [12.0149669250986, 10.892072819949197]}",247.38633753705963,637,0,0,40,10041.88188872723
"{'type': 'Point', 'coordinates': [10.128504828447605, 9.454768365357964]}",318.9043743820395,429,0,1,40,10327.606581785018
"{'type': 'Point', 'coordinates': [12.0149669250986, 10.038673300035653]}",180.0,194,0,0,40,9644.465002960816
"{'type': 'Point', 'coordinates': [8.960694959092226, 8.511537317032467]}",90.0,131,0,1,40,13447.286566153849
"{'type': 'Point', 'coordinates': [12.778534916600194, 9.005610723298203]}",216.33307652783935,229,0,0,40,10826.844830041751
"{'type': 'Point', 'coordinates': [7.20898015505916, 7.074232862441232]}",330.0,131,0,0,10,12957.343883472437
"{'type': 'Point', 'coordinates': [2.8521510270794805, 7.792885089736849]}",366.1966684720111,197,0,1,20,12356.321256813462
"{'type': 'Point', 'coordinates': [4.244539717464739, 8.91577919488625]}",284.60498941515414,392,0,0,20,11673.630615305388
"{'type': 'Point', 'coordinates': [9.49968412956394, 6.445412163557567]}",300.0,490,0,1,10,24109.56684587807
"{'type': 'Point', 'coordinates': [10.802241291537246, 7.523390504500992]}",258.0697580112788,671,0,1,10,21071.639794930263
"{'type': 'Point', 'coordinates': [10.712409763125294, 9.72426295059382]}",394.58839313897715,472,0,0,20,9443.76603042066
"{'type': 'Point', 'coordinates': [5.008107708966333, 10.397999413683461]}",94.86832980505139,318,0,1,40,11631.416620782928
"{'type': 'Point', 'coordinates': [4.064876660640834, 6.939485569823304]}",240.0,82,0,1,10,17100.707255378744
"{'type': 'Point', 'coordinates': [8.870863430680274, 7.972548146560753]}",108.16653826391968,119,0,0,40,11724.976605259872
"{'type': 'Point', 'coordinates': [9.140358015916132, 6.5352436919695185]}",381.8376618407357,575,0,1,10,20471.25998729267
"{'type': 'Point', 'coordinates': [7.388643211883064, 5.097939237378284]}",228.47319317591726,55,0,0,50,22484.913194149733
"{'type': 'Point', 'coordinates': [8.197126967590634, 5.502181115232069]}",108.16653826391968,129,0,1,10,27164.2470664829
"{'type': 'Point', 'coordinates': [4.828444652142428, 8.331874260208561]}",108.16653826391968,383,0,1,20,13538.728031109262
"{'type': 'Point', 'coordinates': [10.038673300035653, 8.376790024414538]}",42.42640687119285,100,1,1,10,11174.346768360756
"{'type': 'Point', 'coordinates': [10.442915177889438, 10.353083649477485]}",391.15214431215895,459,0,1,20,10036.005995766835
"{'type': 'Point', 'coordinates': [11.341230462008959, 10.128504828447605]}",150.0,344,0,0,40,9057.249617611757
"{'type': 'Point', 'coordinates': [3.615719018581074, 8.062379674972705]}",108.16653826391968,298,0,1,20,12498.110460011625
"{'type': 'Point', 'coordinates': [7.927632382354777, 11.296314697802982]}",108.16653826391968,670,0,0,40,9302.547746004086
"{'type': 'Point', 'coordinates': [4.154708189052787, 7.343727447677088]}",450.0,188,0,1,10,15074.171977248043
"{'type': 'Point', 'coordinates': [7.388643211883064, 6.40049639935159]}",180.0,419,0,1,10,17270.90177835943
"{'type': 'Point', 'coordinates': [4.064876660640834, 8.421705788620514]}",174.92855684535903,403,0,1,20,12375.21344387632
"{'type': 'Point', 'coordinates': [4.783528887936452, 10.577662470507365]}",67.0820393249937,179,0,0,40,11089.80351306932
"{'type': 'Point', 'coordinates': [8.69120037385637, 11.251398933597006]}",94.86832980505139,571,0,0,20,10469.476985170008
"{'type': 'Point', 'coordinates': [3.8852136038169305, 9.814094479005773]}",429.5346318982906,274,0,1,20,12783.424725811288
"{'type': 'Point', 'coordinates': [5.322518058408165, 9.769178714799796]}",384.1874542459709,233,0,0,40,12138.717297474046
"{'type': 'Point', 'coordinates': [12.823450680806168, 9.005610723298203]}",212.13203435596427,314,0,0,20,10838.57558154792
"{'type': 'Point', 'coordinates': [6.40049639935159, 4.738613123730476]}",90.0,21,0,1,10,27898.51226244867
"{'type': 'Point', 'coordinates': [10.532746706301388, 7.253895919265136]}",42.42640687119285,236,0,1,30,21950.419335391023
"{'type': 'Point', 'coordinates': [6.894569805617327, 11.20648316939103]}",42.42640687119285,648,0,0,40,10286.24397155791
"{'type': 'Point', 'coordinates': [5.502181115232069, 5.816591464673902]}",30.0,15,0,0,95,25500.41779179126
"{'type': 'Point', 'coordinates': [7.523390504500992, 7.20898015505916]}",523.9274758971894,368,0,0,10,13065.171139418435
"{'type': 'Point', 'coordinates': [4.6038658311125475, 9.544599893769915]}",30.0,168,0,1,20,12495.499480827939
"{'type': 'Point', 'coordinates': [10.892072819949197, 10.84715705574322]}",416.7733196834941,445,0,1,40,9546.552711895003
"{'type': 'Point', 'coordinates': [12.823450680806168, 10.218336356859556]}",458.91175622335066,525,0,0,40,11977.490356118897
"{'type': 'Point', 'coordinates': [7.029317098235255, 10.667493998919317]}",212.13203435596427,663,0,1,20,12703.147314324044
"{'type': 'Point', 'coordinates': [5.502181115232069, 9.993757535829676]}",284.60498941515414,323,0,1,40,12146.38872899818
"{'type': 'Point', 'coordinates': [5.7716757004679256, 11.475977754626888]}",331.36083051561786,441,0,0,40,10810.390767930538
"{'type': 'Point', 'coordinates': [8.062379674972705, 9.993757535829676]}",108.16653826391968,771,0,1,20,13514.622099114513
"{'type': 'Point', 'coordinates': [8.421705788620514, 6.625075220381471]}",300.0,73,0,0,40,17201.54123787812
"{'type': 'Point', 'coordinates': [9.005610723298203, 6.8047382772053755]}",300.0,155,0,0,40,16543.47679784731
"{'type': 'Point', 'coordinates': [3.121645612315337, 6.5352436919695185]}",30.0,21,0,1,10,15579.30016407976
"{'type': 'Point', 'coordinates': [11.610725047244815, 7.20898015505916]}",342.05262752974136,605,0,0,10,19947.761701383723
"{'type': 'Point', 'coordinates': [3.0767298481093612, 6.490327927763542]}",30.0,13,1,1,50,15336.741493210662
"{'type': 'Point', 'coordinates': [5.232686529996212, 5.906422993085854]}",30.0,20,0,0,95,21482.47773412615
"{'type': 'Point', 'coordinates': [3.840297839610954, 8.242042731796609]}",42.42640687119285,313,0,1,10,12504.557754897174
"{'type': 'Point', 'coordinates': [11.925135396686647, 11.835303868274694]}",797.1198153351854,400,0,0,40,7526.737126431284
"{'type': 'Point', 'coordinates': [4.064876660640834, 10.487830942095414]}",30.0,246,0,0,10,11528.691003764281
"{'type': 'Point', 'coordinates': [4.1996239532587625, 10.442915177889438]}",0.0,195,0,0,40,11118.581923764239
"{'type': 'Point', 'coordinates': [5.322518058408165, 11.116651640979079]}",42.42640687119285,317,0,0,40,11142.097094800454
"{'type': 'Point', 'coordinates': [3.3911401975511937, 7.523390504500992]}",192.09372712298546,120,0,1,20,11845.087401815603
"{'type': 'Point', 'coordinates': [5.996254521497805, 7.7030535613248965]}",210.0,385,0,1,20,13606.454640887803
"{'type': 'Point', 'coordinates': [9.185273780122108, 8.69120037385637]}",152.97058540778355,155,0,0,40,12454.985256724583
"{'type': 'Point', 'coordinates': [3.8852136038169305, 7.65813779711892]}",335.4101966249685,274,0,1,10,13541.56634820791
"{'type': 'Point', 'coordinates': [6.939485569823304, 9.544599893769915]}",180.0,381,0,0,20,14161.320881992275
"{'type': 'Point', 'coordinates': [10.84715705574322, 9.9488417716237]}",313.20919526731655,516,0,0,40,9911.23871693411
"{'type': 'Point', 'coordinates': [9.454768365357964, 10.173420592653581]}",308.86890422961005,658,0,0,30,11662.868616976426
"{'type': 'Point', 'coordinates': [9.409852601151988, 9.230189544328082]}",247.38633753705963,952,0,1,20,10123.331412849388
"{'type': 'Point', 'coordinates': [9.634431422181867, 10.442915177889438]}",150.0,562,0,0,30,11658.925698467297
"{'type': 'Point', 'coordinates': [3.9301293680229064, 11.79038810406872]}",42.42640687119285,236,0,0,40,8794.911439353855
"{'type': 'Point', 'coordinates': [12.149714217716529, 8.46662155282649]}",390.0,448,0,0,40,13242.489405800596
"{'type': 'Point', 'coordinates': [4.6038658311125475, 7.7030535613248965]}",123.69316876852982,330,0,1,10,14338.79444102313
"{'type': 'Point', 'coordinates': [7.43355897608904, 5.502181115232069]}",361.2478373637689,94,0,1,10,22372.19285347349
"{'type': 'Point', 'coordinates': [11.655640811450791, 10.173420592653581]}",150.0,274,0,0,40,9563.718723190366
"{'type': 'Point', 'coordinates': [7.478474740295016, 7.298811683471112]}",469.5742752749559,255,0,0,10,13362.751900325704
"{'type': 'Point', 'coordinates': [9.769178714799796, 7.343727447677088]}",254.5584412271571,214,0,0,40,17187.36247481405
"{'type': 'Point', 'coordinates': [3.840297839610954, 9.095442251710155]}",30.0,367,0,0,40,11318.007235816563
"{'type': 'Point', 'coordinates': [7.65813779711892, 11.20648316939103]}",30.0,688,0,0,40,9695.72892503229
"{'type': 'Point', 'coordinates': [11.610725047244815, 9.679347186387844]}",134.1640786499874,546,0,0,40,9529.212898012285
"{'type': 'Point', 'coordinates': [7.7030535613248965, 5.097939237378284]}",189.73665961010278,78,0,0,10,24308.716311082244
"{'type': 'Point', 'coordinates': [8.511537317032467, 7.7030535613248965]}",30.0,86,0,0,50,11967.508188919444
"{'type': 'Point', 'coordinates': [7.164064390853183, 9.679347186387844]}",174.92855684535903,490,0,1,20,14809.94786980501
"{'type': 'Point', 'coordinates': [12.0149669250986, 9.230189544328082]}",201.24611797498108,221,0,1,40,9422.383946722844
"{'type': 'Point', 'coordinates': [5.008107708966333, 7.119148626647208]}",582.494635168428,241,0,1,10,16885.48004582431
"{'type': 'Point', 'coordinates': [7.7030535613248965, 12.059882689304576]}",127.27922061357854,602,0,0,40,9095.95682716199
"{'type': 'Point', 'coordinates': [12.104798453510552, 8.825947666474299]}",391.15214431215895,415,0,0,40,12200.272991925842
"{'type': 'Point', 'coordinates': [4.514034302700596, 6.5352436919695185]}",134.1640786499874,24,0,1,10,18890.35009635333
"{'type': 'Point', 'coordinates': [6.625075220381471, 10.083589064241629]}",30.0,296,0,0,20,12419.879742359024
"{'type': 'Point', 'coordinates': [12.149714217716529, 11.386146226214935]}",570.7889277132134,440,0,0,30,8701.270372302257
"{'type': 'Point', 'coordinates': [7.119148626647208, 10.218336356859556]}",108.16653826391968,664,0,0,10,12880.902418810168
"{'type': 'Point', 'coordinates': [5.008107708966333, 7.20898015505916]}",523.9274758971894,273,0,0,10,15967.126363357529
"{'type': 'Point', 'coordinates': [3.570803254375098, 7.343727447677088]}",218.40329667841553,118,0,1,10,12903.25897981468
"{'type': 'Point', 'coordinates': [6.714906748793423, 7.8378008539428246]}",30.0,257,0,0,10,12430.891472342017
"{'type': 'Point', 'coordinates': [7.65813779711892, 11.386146226214935]}",123.69316876852982,692,0,0,40,9794.849202006386
"{'type': 'Point', 'coordinates': [8.870863430680274, 8.960694959092226]}",218.40329667841553,257,0,1,20,12845.198067582684
"{'type': 'Point', 'coordinates': [9.9488417716237, 8.511537317032467]}",120.0,118,0,0,20,11003.294380631254
"{'type': 'Point', 'coordinates': [4.064876660640834, 9.185273780122108]}",174.92855684535903,329,0,0,20,10788.372050910373
"{'type': 'Point', 'coordinates': [11.835303868274694, 10.308167885271509]}",234.30749027719963,254,0,0,20,10244.056394137024
"{'type': 'Point', 'coordinates': [3.7953820754049783, 12.509040331364336]}",247.38633753705963,268,0,0,20,7484.257513782568
"{'type': 'Point', 'coordinates': [7.388643211883064, 11.071735876773102]}",0.0,629,0,0,40,10373.033421704502
"{'type': 'Point', 'coordinates': [13.317524087071906, 11.116651640979079]}",390.0,378,0,0,30,9121.104487682638
"{'type': 'Point', 'coordinates': [6.939485569823304, 7.972548146560753]}",60.0,113,0,1,10,11678.749950505211
"{'type': 'Point', 'coordinates': [12.0149669250986, 10.263252121065532]}",189.73665961010278,376,0,0,40,10863.11439321858
"{'type': 'Point', 'coordinates': [7.927632382354777, 11.20648316939103]}",67.0820393249937,636,0,0,40,9218.876634838185
"{'type': 'Point', 'coordinates': [5.457265351026093, 6.310664870939639]}",210.0,22,0,1,10,22057.230378414504
"{'type': 'Point', 'coordinates': [3.166561376521313, 7.8378008539428246]}",330.0,224,0,0,10,12325.719140405548
"{'type': 'Point', 'coordinates': [3.750466311199002, 9.364936836946011]}",218.40329667841553,324,0,0,20,11524.59090603243
"{'type': 'Point', 'coordinates': [8.960694959092226, 10.84715705574322]}",335.4101966249685,713,0,1,40,13396.75206280686
"{'type': 'Point', 'coordinates': [12.553956095570312, 9.634431422181867]}",201.24611797498108,320,0,0,40,9796.316357163465
"{'type': 'Point', 'coordinates': [5.277602294202189, 6.759822512999399]}",513.5172830587107,90,0,0,10,18231.161036429927
"{'type': 'Point', 'coordinates': [11.835303868274694, 10.128504828447605]}",212.13203435596427,252,0,0,40,9614.400861759786
"{'type': 'Point', 'coordinates': [7.882716618148801, 6.490327927763542]}",161.55494421403512,124,0,0,40,17100.092969986785
"{'type': 'Point', 'coordinates': [6.131001814115734, 11.835303868274694]}",391.15214431215895,409,0,1,20,9793.792111332257
"{'type': 'Point', 'coordinates': [5.053023473172308, 7.029317098235255]}",591.6924876994806,248,0,1,10,17757.18824655749
"{'type': 'Point', 'coordinates': [7.119148626647208, 9.589515657975891]}",192.09372712298546,507,0,0,40,14501.915475131344
"{'type': 'Point', 'coordinates': [12.059882689304576, 8.69120037385637]}",474.3416490252569,468,0,0,40,13000.28442902313
"{'type': 'Point', 'coordinates': [4.783528887936452, 8.062379674972705]}",94.86832980505139,461,0,1,10,14837.69074679806
"{'type': 'Point', 'coordinates': [7.074232862441232, 9.769178714799796]}",94.86832980505139,427,0,0,40,14340.078709372403
"{'type': 'Point', 'coordinates': [8.825947666474299, 10.083589064241629]}",134.1640786499874,1070,0,0,20,12998.758861898168
"{'type': 'Point', 'coordinates': [11.341230462008959, 9.903926007417724]}",67.0820393249937,417,0,0,40,9698.213128438918
"{'type': 'Point', 'coordinates': [12.23954574612848, 8.870863430680274]}",323.10988842807024,337,0,0,40,12018.130936133122
"{'type': 'Point', 'coordinates': [5.502181115232069, 10.892072819949197]}",192.09372712298546,327,0,0,40,12020.272713820013
"{'type': 'Point', 'coordinates': [6.40049639935159, 6.714906748793423]}",150.0,238,0,1,10,15735.895138998807
"{'type': 'Point', 'coordinates': [7.20898015505916, 8.781031902268323]}",234.30749027719963,309,0,1,10,13047.468686253647
"{'type': 'Point', 'coordinates': [9.769178714799796, 11.251398933597006]}",30.0,440,0,0,40,9513.363517713857
"{'type': 'Point', 'coordinates': [9.49968412956394, 8.960694959092226]}",67.0820393249937,248,0,0,40,11609.581396873124
"{'type': 'Point', 'coordinates': [6.355580635145614, 11.88021963248067]}",254.5584412271571,484,0,1,40,9977.677487423445
"{'type': 'Point', 'coordinates': [4.963191944760356, 7.882716618148801]}",161.55494421403512,473,0,1,10,15182.739993493335
"{'type': 'Point', 'coordinates': [11.341230462008959, 12.0149669250986]}",496.58836071740546,376,0,0,30,6958.770753324377
"{'type': 'Point', 'coordinates': [5.7716757004679256, 12.91328220921812]}",42.42640687119285,279,0,0,40,6489.736714808345
"{'type': 'Point', 'coordinates': [7.43355897608904, 11.835303868274694]}",123.69316876852982,590,0,0,40,9369.986998610188
"{'type': 'Point', 'coordinates': [8.152211203384658, 5.277602294202189]}",67.0820393249937,32,0,1,10,27205.29072136432
"{'type': 'Point', 'coordinates': [12.149714217716529, 8.825947666474299]}",375.89892258425004,359,0,0,40,12200.272991925842
"{'type': 'Point', 'coordinates': [13.676850200719715, 11.161567405185055]}",432.6661530556787,376,0,1,30,8826.537859084397
"{'type': 'Point', 'coordinates': [6.5352436919695185, 5.277602294202189]}",42.42640687119285,26,0,1,10,26994.88762877893
"{'type': 'Point', 'coordinates': [2.9419825554914327, 7.388643211883064]}",152.97058540778355,169,0,1,20,12249.892328062764
"{'type': 'Point', 'coordinates': [8.646284609650394, 6.984401334029279]}",436.80659335683106,87,0,0,40,14283.206648412626
"{'type': 'Point', 'coordinates': [7.882716618148801, 6.849654041411351]}",335.4101966249685,112,0,1,10,15140.893508034722
"{'type': 'Point', 'coordinates': [10.083589064241629, 12.509040331364336]}",90.0,357,0,0,40,6795.919197739047
"{'type': 'Point', 'coordinates': [6.355580635145614, 9.364936836946011]}",201.24611797498108,154,0,1,40,11245.985835191184
"{'type': 'Point', 'coordinates': [10.532746706301388, 7.523390504500992]}",189.73665961010278,255,0,1,10,19447.30080562052
"{'type': 'Point', 'coordinates': [13.137861030248002, 10.577662470507365]}",408.0441152620633,504,0,0,40,10542.488400658312
"{'type': 'Point', 'coordinates': [8.960694959092226, 6.759822512999399]}",342.05262752974136,147,0,0,40,16665.612391693387
"{'type': 'Point', 'coordinates': [8.062379674972705, 10.218336356859556]}",127.27922061357854,746,0,1,20,13321.372697483066
"{'type': 'Point', 'coordinates': [3.3911401975511937, 9.634431422181867]}",492.0365840057018,376,0,0,20,12330.666598322789
"{'type': 'Point', 'coordinates': [4.064876660640834, 11.700556575656767]}",134.1640786499874,227,0,0,20,8861.086058325425
"{'type': 'Point', 'coordinates': [6.131001814115734, 6.8047382772053755]}",330.0,258,0,1,10,15399.324707002845
"{'type': 'Point', 'coordinates': [9.230189544328082, 7.65813779711892]}",84.8528137423857,137,0,0,30,12135.368175673604
"{'type': 'Point', 'coordinates': [4.963191944760356, 10.442915177889438]}",60.0,294,0,0,40,11827.546573558175
"{'type': 'Point', 'coordinates': [11.251398933597006, 8.062379674972705]}",313.20919526731655,280,0,0,10,16630.650807623242
"{'type': 'Point', 'coordinates': [3.0767298481093612, 6.894569805617327]}",256.3201123595259,101,0,1,10,13990.635531428245
"{'type': 'Point', 'coordinates': [4.424202774288643, 6.580159456175495]}",150.0,44,0,1,10,18657.756726689637
"{'type': 'Point', 'coordinates': [9.230189544328082, 7.119148626647208]}",42.42640687119285,144,0,0,40,14969.5765268869
"{'type': 'Point', 'coordinates': [3.256392904933265, 6.984401334029279]}",180.0,54,0,1,10,13279.047256109603
"{'type': 'Point', 'coordinates': [9.409852601151988, 9.859010243211747]}",301.4962686336267,675,0,0,20,12533.56361725388
"{'type': 'Point', 'coordinates': [9.050526487504179, 7.164064390853183]}",150.0,179,0,0,40,13937.797804066213
"{'type': 'Point', 'coordinates': [8.376790024414538, 5.3674338226141405]}",201.24611797498108,149,0,0,10,28623.101643681526
"{'type': 'Point', 'coordinates': [7.972548146560753, 10.038673300035653]}",42.42640687119285,789,0,1,20,14194.73663564864
"{'type': 'Point', 'coordinates': [7.298811683471112, 4.873360416348404]}",134.1640786499874,21,0,0,10,26259.819495533593
"{'type': 'Point', 'coordinates': [5.547096879438045, 6.445412163557567]}",301.4962686336267,130,0,1,10,19812.340061176103
"{'type': 'Point', 'coordinates': [11.88021963248067, 8.152211203384658]}",607.4537019394976,1033,0,1,10,14535.036511412565
"{'type': 'Point', 'coordinates': [11.475977754626888, 6.625075220381471]}",108.16653826391968,1571,0,0,30,18770.535331580744
"{'type': 'Point', 'coordinates': [5.7716757004679256, 7.119148626647208]}",530.7541803886239,202,0,1,10,15677.05018248735
"{'type': 'Point', 'coordinates': [8.286958496002585, 5.816591464673902]}",120.0,76,0,1,10,23083.690379781183
"{'type': 'Point', 'coordinates': [9.814094479005773, 9.679347186387844]}",361.2478373637689,566,0,1,20,11122.378278175056
"{'type': 'Point', 'coordinates': [5.816591464673902, 5.322518058408165]}",0.0,10,0,1,10,27653.912319684605
"{'type': 'Point', 'coordinates': [2.8521510270794805, 6.759822512999399]}",210.0,67,0,1,10,14652.724260319694
"{'type': 'Point', 'coordinates': [8.331874260208561, 6.265749106733662]}",84.8528137423857,51,0,0,40,19633.146077150683
"{'type': 'Point', 'coordinates': [3.840297839610954, 10.038673300035653]}",349.85711369071805,274,0,0,20,12787.709101697099
"{'type': 'Point', 'coordinates': [3.4360559617571695, 9.409852601151988]}",361.2478373637689,395,0,0,20,12022.514614852318
"{'type': 'Point', 'coordinates': [8.825947666474299, 8.781031902268323]}",127.27922061357854,167,0,0,40,14633.342663112657
"{'type': 'Point', 'coordinates': [5.008107708966333, 10.083589064241629]}",241.86773244895647,289,0,0,40,12094.87312650288
"{'type': 'Point', 'coordinates': [5.681844172055973, 5.726759936261949]}",42.42640687119285,14,0,1,10,25782.200159966946
"{'type': 'Point', 'coordinates': [6.849654041411351, 8.825947666474299]}",308.86890422961005,142,0,1,40,12183.125830243871
"{'type': 'Point', 'coordinates': [6.17591757832171, 8.017463910766729]}",189.73665961010278,477,0,1,20,14585.771483950011
"{'type': 'Point', 'coordinates': [9.095442251710155, 7.20898015505916]}",120.0,187,0,0,40,13881.048460027712
"{'type': 'Point', 'coordinates': [7.20898015505916, 9.679347186387844]}",201.24611797498108,465,0,1,20,14999.537543521537
"{'type': 'Point', 'coordinates': [6.490327927763542, 5.277602294202189]}",30.0,23,0,0,10,27190.300629291538
"{'type': 'Point', 'coordinates': [5.322518058408165, 7.568306268706968]}",284.60498941515414,355,0,1,10,14209.859014348418
"{'type': 'Point', 'coordinates': [8.421705788620514, 7.253895919265136]}",313.20919526731655,158,0,0,40,12483.320667997505
"{'type': 'Point', 'coordinates': [4.91827618055438, 8.69120037385637]}",258.0697580112788,282,0,1,20,12900.51108713177
"{'type': 'Point', 'coordinates': [9.9488417716237, 10.038673300035653]}",247.38633753705963,513,0,0,30,10784.532553137979
"{'type': 'Point', 'coordinates': [11.026820112567126, 8.511537317032467]}",258.0697580112788,230,0,0,40,14068.054947126335
"{'type': 'Point', 'coordinates': [11.20648316939103, 9.814094479005773]}",60.0,583,0,0,20,10318.121800424531
"{'type': 'Point', 'coordinates': [6.5352436919695185, 11.116651640979079]}",270.0,474,0,0,20,11749.68312651834
"{'type': 'Point', 'coordinates': [7.882716618148801, 12.643787623982265]}",108.16653826391968,509,0,0,40,7536.447725428357
"{'type': 'Point', 'coordinates': [5.053023473172308, 10.75732552733127]}",161.55494421403512,221,0,0,20,11668.702531567396
"{'type': 'Point', 'coordinates': [6.625075220381471, 9.275105308534059]}",30.0,245,0,0,40,12033.126898901675
"{'type': 'Point', 'coordinates': [4.1996239532587625, 10.712409763125294]}",150.0,221,0,0,40,10674.19991160776
"{'type': 'Point', 'coordinates': [3.166561376521313, 6.40049639935159]}",0.0,3,1,1,10,16034.583982204553
"{'type': 'Point', 'coordinates': [6.355580635145614, 4.873360416348404]}",60.0,18,0,1,10,28344.385781109333
"{'type': 'Point', 'coordinates': [6.265749106733662, 7.792885089736849]}",67.0820393249937,314,0,1,20,13091.738850430585
"{'type': 'Point', 'coordinates': [7.7030535613248965, 4.873360416348404]}",134.1640786499874,49,0,0,10,24398.548432117328
"{'type': 'Point', 'coordinates': [10.038673300035653, 7.119148626647208]}",174.92855684535903,228,0,0,10,21894.247717055143
"{'type': 'Point', 'coordinates': [8.781031902268323, 8.017463910766729]}",150.0,131,0,0,20,12591.965425947361
"{'type': 'Point', 'coordinates': [5.996254521497805, 6.17591757832171]}",276.5863337187866,118,0,1,10,19850.187510306947
"{'type': 'Point', 'coordinates': [3.9750451322288827, 10.712409763125294]}",174.92855684535903,337,0,1,20,11215.498036072144
"{'type': 'Point', 'coordinates': [11.431061990420911, 9.095442251710155]}",134.1640786499874,261,0,0,20,10487.469105509299
"{'type': 'Point', 'coordinates': [10.038673300035653, 8.017463910766729]}",30.0,126,0,1,40,12380.382721258151
"{'type': 'Point', 'coordinates': [11.161567405185055, 8.960694959092226]}",108.16653826391968,195,0,1,40,10266.394767619795
"{'type': 'Point', 'coordinates': [5.861507228879877, 8.152211203384658]}",120.0,276,0,1,10,13058.509733763145
"{'type': 'Point', 'coordinates': [9.275105308534059, 10.622578234713341]}",408.0441152620633,649,0,0,20,12687.73664056114
"{'type': 'Point', 'coordinates': [9.050526487504179, 10.263252121065532]}",247.38633753705963,788,0,0,40,12698.784365101717
"{'type': 'Point', 'coordinates': [8.601368845444417, 7.65813779711892]}",42.42640687119285,149,0,1,40,11850.653483013633
"{'type': 'Point', 'coordinates': [5.232686529996212, 9.9488417716237]}",305.9411708155671,281,0,0,40,12397.863183221198
"{'type': 'Point', 'coordinates': [10.84715705574322, 8.69120037385637]}",189.73665961010278,172,0,0,40,11503.155040892165
"{'type': 'Point', 'coordinates': [4.109792424846811, 7.478474740295016]}",403.6087214122113,179,0,1,10,14719.59965012192
"{'type': 'Point', 'coordinates': [5.861507228879877, 10.353083649477485]}",331.36083051561786,270,0,0,40,11946.26222774997
"{'type': 'Point', 'coordinates': [6.894569805617327, 6.086086049909758]}",90.0,108,0,1,10,18598.755173747893
"{'type': 'Point', 'coordinates': [2.986898319697409, 7.792885089736849]}",323.10988842807024,172,0,0,20,12302.526950354892
"{'type': 'Point', 'coordinates': [5.95133875729183, 9.589515657975891]}",0.0,96,1,1,40,11411.551479116606
"{'type': 'Point', 'coordinates': [4.738613123730476, 11.431061990420911]}",234.30749027719963,244,0,0,40,10437.504006990335
"{'type': 'Point', 'coordinates': [5.816591464673902, 5.681844172055973]}",94.86832980505139,20,0,1,10,24873.262103890418
"{'type': 'Point', 'coordinates': [6.6699909845874465, 5.3674338226141405]}",94.86832980505139,22,0,0,30,24913.286712393165
"{'type': 'Point', 'coordinates': [8.556453081238441, 6.220833342527686]}",67.0820393249937,55,0,1,10,20375.56876209668
"{'type': 'Point', 'coordinates': [9.9488417716237, 8.870863430680274]}",216.33307652783935,191,0,0,40,11107.18842331822
"{'type': 'Point', 'coordinates': [5.6369284078499975, 10.442915177889438]}",182.48287590894657,328,0,1,40,12599.43048551192
"{'type': 'Point', 'coordinates': [3.031814083903385, 6.5352436919695185]}",67.0820393249937,25,0,1,30,14646.041329913307
"{'type': 'Point', 'coordinates': [7.792885089736849, 7.478474740295016]}",330.0,256,0,0,20,13598.450946877507
"{'type': 'Point', 'coordinates': [5.412349586820117, 5.142855001584261]}",0.0,16,0,0,10,34184.86906844599
"{'type': 'Point', 'coordinates': [3.705550546993026, 8.242042731796609]}",0.0,314,0,1,20,12796.119222700385
"{'type': 'Point', 'coordinates': [7.927632382354777, 6.220833342527686]}",216.33307652783935,63,0,0,40,18398.585063706316
"{'type': 'Point', 'coordinates': [6.490327927763542, 6.355580635145614]}",123.69316876852982,263,0,1,10,17895.993448644876
"{'type': 'Point', 'coordinates': [7.523390504500992, 8.556453081238441]}",284.60498941515414,360,0,1,10,12380.483237549832
"{'type': 'Point', 'coordinates': [5.457265351026093, 5.008107708966333]}",30.0,17,0,1,10,33264.54152683285
"{'type': 'Point', 'coordinates': [6.759822512999399, 7.927632382354777]}",0.0,57,0,1,40,12788.421829195637
"{'type': 'Point', 'coordinates': [7.253895919265136, 9.72426295059382]}",218.40329667841553,492,0,0,20,15349.106466553445
"{'type': 'Point', 'coordinates': [4.424202774288643, 6.5352436919695185]}",120.0,28,0,0,10,18627.92605110258
"{'type': 'Point', 'coordinates': [5.142855001584261, 8.646284609650394]}",256.3201123595259,250,0,0,20,12957.9194024317
"{'type': 'Point', 'coordinates': [12.059882689304576, 8.242042731796609]}",474.3416490252569,577,0,0,40,14061.1822046831
"{'type': 'Point', 'coordinates': [10.577662470507365, 8.556453081238441]}",67.0820393249937,121,0,1,40,11630.812884445364
"{'type': 'Point', 'coordinates': [4.154708189052787, 10.397999413683461]}",42.42640687119285,261,0,0,40,11369.1203164931
"{'type': 'Point', 'coordinates': [7.029317098235255, 8.197126967590634]}",169.7056274847714,253,0,0,10,12307.684453213113
"{'type': 'Point', 'coordinates': [5.726759936261949, 6.894569805617327]}",600.0,127,0,1,10,16069.663059392944
"{'type': 'Point', 'coordinates': [7.164064390853183, 9.230189544328082]}",30.0,462,0,1,20,13761.591727111334
"{'type': 'Point', 'coordinates': [9.49968412956394, 7.972548146560753]}",42.42640687119285,145,0,1,20,11267.980093554339
"{'type': 'Point', 'coordinates': [4.379287010082667, 9.993757535829676]}",84.8528137423857,192,0,0,20,12193.2302317414
"{'type': 'Point', 'coordinates': [4.019960896434859, 7.478474740295016]}",450.0,208,0,1,10,14376.207532771965
"{'type': 'Point', 'coordinates': [8.107295439178682, 7.927632382354777]}",30.0,84,1,1,10,11622.484192237374
"{'type': 'Point', 'coordinates': [3.3013086691392415, 6.984401334029279]}",182.48287590894657,20,0,1,10,13629.121039570426
"{'type': 'Point', 'coordinates': [6.041170285703782, 12.194629981922503]}",216.33307652783935,359,0,0,40,8945.800303929966
"{'type': 'Point', 'coordinates': [8.960694959092226, 7.074232862441232]}",218.40329667841553,176,0,0,40,13509.035469781607
"{'type': 'Point', 'coordinates': [8.017463910766729, 6.894569805617327]}",408.0441152620633,102,0,0,20,15161.078461649206
"{'type': 'Point', 'coordinates': [10.263252121065532, 9.409852601151988]}",375.89892258425004,362,0,1,40,9967.797560143134
"{'type': 'Point', 'coordinates': [5.6369284078499975, 11.296314697802982]}",256.3201123595259,412,0,0,40,11268.19696096046
"{'type': 'Point', 'coordinates': [6.17591757832171, 5.053023473172308]}",30.0,21,0,1,10,28359.241440466547
"{'type': 'Point', 'coordinates': [11.116651640979079, 7.343727447677088]}",305.9411708155671,762,0,1,10,21415.344699111185
"{'type': 'Point', 'coordinates': [10.577662470507365, 7.972548146560753]}",212.13203435596427,190,0,1,20,13978.567778829429
"{'type': 'Point', 'coordinates': [8.286958496002585, 7.568306268706968]}",161.55494421403512,104,0,0,20,12498.365067119661
"{'type': 'Point', 'coordinates': [8.781031902268323, 8.69120037385637]}",123.69316876852982,148,0,0,40,14482.866081555008
"{'type': 'Point', 'coordinates': [7.972548146560753, 8.69120037385637]}",182.48287590894657,263,0,1,40,13566.86720940124
"{'type': 'Point', 'coordinates': [11.610725047244815, 11.520893518832862]}",543.3231082882451,339,0,0,30,8364.304037341073
"{'type': 'Point', 'coordinates': [6.40049639935159, 6.894569805617327]}",150.0,69,0,1,10,15235.461688911542
"{'type': 'Point', 'coordinates': [7.8378008539428246, 8.421705788620514]}",60.0,382,0,1,10,13645.405750791353
"{'type': 'Point', 'coordinates': [3.8852136038169305, 8.960694959092226]}",67.0820393249937,401,0,1,20,11652.600471376878
"{'type': 'Point', 'coordinates': [6.355580635145614, 7.972548146560753]}",67.0820393249937,352,0,1,20,13409.304791610344
"{'type': 'Point', 'coordinates': [12.374293038746409, 11.296314697802982]}",540.8326913195983,419,0,1,30,9158.925772808478
"{'type': 'Point', 'coordinates': [5.097939237378284, 6.580159456175495]}",366.1966684720111,36,0,1,10,19335.82261767611
"{'type': 'Point', 'coordinates': [10.802241291537246, 10.263252121065532]}",445.9820624195552,397,0,0,40,9577.33772949455
"{'type': 'Point', 'coordinates': [3.480971725963146, 7.388643211883064]}",174.92855684535903,88,0,1,10,12302.625730022002
"{'type': 'Point', 'coordinates': [7.029317098235255, 12.374293038746409]}",295.4657340538831,456,0,0,30,8505.146007286763
"{'type': 'Point', 'coordinates': [3.256392904933265, 6.759822512999399]}",169.7056274847714,55,0,0,50,16151.358181207746
"{'type': 'Point', 'coordinates': [4.424202774288643, 6.714906748793423]}",201.24611797498108,48,0,1,10,19604.806326034115
"{'type': 'Point', 'coordinates': [9.050526487504179, 6.355580635145614]}",408.0441152620633,161,0,0,10,22731.68985442321
"{'type': 'Point', 'coordinates': [7.164064390853183, 9.364936836946011]}",84.8528137423857,477,0,1,40,14527.944354875566
"{'type': 'Point', 'coordinates': [12.374293038746409, 11.386146226214935]}",597.7457653551382,416,0,0,30,9108.858859286855
"{'type': 'Point', 'coordinates': [12.419208802952385, 9.364936836946011]}",30.0,157,0,0,40,9224.962797668704
"{'type': 'Point', 'coordinates': [9.364936836946011, 10.75732552733127]}",391.15214431215895,583,0,0,20,11805.587292623357
"{'type': 'Point', 'coordinates': [10.84715705574322, 10.532746706301388]}",390.0,418,0,0,40,9143.408752968759
"{'type': 'Point', 'coordinates': [2.8072352628735047, 7.343727447677088]}",240.0,139,0,1,30,11043.822253391845
"{'type': 'Point', 'coordinates': [6.490327927763542, 9.140358015916132]}",108.16653826391968,174,0,0,40,11532.515050229067
"{'type': 'Point', 'coordinates': [11.520893518832862, 7.343727447677088]}",366.1966684720111,415,0,1,10,20472.87670517899
"{'type': 'Point', 'coordinates': [4.064876660640834, 9.72426295059382]}",331.36083051561786,279,0,1,20,13098.927209421367
"{'type': 'Point', 'coordinates': [8.960694959092226, 9.140358015916132]}",150.0,1042,0,0,20,12429.875548542012
"{'type': 'Point', 'coordinates': [11.700556575656767, 7.20898015505916]}",384.1874542459709,796,0,0,10,19983.02364156453
"{'type': 'Point', 'coordinates': [8.062379674972705, 5.996254521497805]}",60.0,38,0,0,10,19386.097856302047
"{'type': 'Point', 'coordinates': [8.197126967590634, 6.849654041411351]}",468.61498055439927,64,0,1,10,15656.599713462783
"{'type': 'Point', 'coordinates': [13.452271379689835, 11.026820112567126]}",458.91175622335066,411,0,0,30,9740.135837237163
"{'type': 'Point', 'coordinates': [4.558950066906571, 8.91577919488625]}",169.7056274847714,239,0,1,20,11509.515196207481
"{'type': 'Point', 'coordinates': [6.984401334029279, 10.712409763125294]}",254.5584412271571,655,0,1,20,11822.6442859261
"{'type': 'Point', 'coordinates': [8.152211203384658, 8.017463910766729]}",84.8528137423857,136,0,1,40,12174.978691260869
"{'type': 'Point', 'coordinates': [7.029317098235255, 7.792885089736849]}",60.0,126,0,1,10,13156.589458306436
"{'type': 'Point', 'coordinates': [3.9750451322288827, 8.870863430680274]}",150.0,424,0,0,10,12641.134919146949
"{'type': 'Point', 'coordinates': [7.119148626647208, 10.802241291537246]}",228.47319317591726,633,0,0,20,11849.476981298067
"{'type': 'Point', 'coordinates': [3.7953820754049783, 12.059882689304576]}",161.55494421403512,241,0,1,20,8534.419790022259
"{'type': 'Point', 'coordinates': [4.873360416348404, 7.074232862441232]}",563.6488268416781,247,0,1,50,15934.455066330731
"{'type': 'Point', 'coordinates': [5.816591464673902, 9.814094479005773]}",150.0,173,0,0,40,12121.974266823177
"{'type': 'Point', 'coordinates': [3.615719018581074, 8.601368845444417]}",189.73665961010278,395,0,1,20,11619.51929379832
"{'type': 'Point', 'coordinates': [4.693697359524499, 11.431061990420911]}",216.33307652783935,244,0,0,40,10462.707525427915
"{'type': 'Point', 'coordinates': [12.778534916600194, 11.970051160892623]}",349.85711369071805,336,0,0,40,6928.287657907695
"{'type': 'Point', 'coordinates': [4.019960896434859, 9.230189544328082]}",169.7056274847714,296,0,0,40,10803.597230716998
"{'type': 'Point', 'coordinates': [8.646284609650394, 7.119148626647208]}",384.1874542459709,91,0,0,40,13436.975455539301
"{'type': 'Point', 'coordinates': [8.152211203384658, 7.7030535613248965]}",94.86832980505139,104,0,0,20,12184.205405792094
"{'type': 'Point', 'coordinates': [10.75732552733127, 9.993757535829676]}",379.47331922020555,405,0,0,40,9883.676109968685
"{'type': 'Point', 'coordinates': [7.388643211883064, 6.580159456175495]}",216.33307652783935,444,0,0,10,16999.010109178722
"{'type': 'Point', 'coordinates': [6.939485569823304, 11.116651640979079]}",0.0,648,0,0,30,10281.822247306554
"{'type': 'Point', 'coordinates': [8.421705788620514, 6.714906748793423]}",360.0,116,0,0,40,15709.06724798927
"{'type': 'Point', 'coordinates': [13.092945266042026, 10.038673300035653]}",271.66155414412253,487,0,0,40,10877.336703382225
"{'type': 'Point', 'coordinates': [5.7716757004679256, 9.769178714799796]}",161.55494421403512,194,0,0,40,12198.690576297988
"{'type': 'Point', 'coordinates': [10.263252121065532, 7.882716618148801]}",134.1640786499874,204,0,1,20,13898.405055651641
"{'type': 'Point', 'coordinates': [13.49718714389581, 11.655640811450791]}",123.69316876852982,319,0,0,30,7593.0550726554
"{'type': 'Point', 'coordinates': [10.622578234713341, 8.017463910766729]}",169.7056274847714,190,0,1,20,14574.62768909505
"{'type': 'Point', 'coordinates': [5.008107708966333, 6.310664870939639]}",192.09372712298546,10,0,1,10,21368.338879663497
"{'type': 'Point', 'coordinates': [6.086086049909758, 8.781031902268323]}",0.0,59,1,1,30,12431.489985600121
"{'type': 'Point', 'coordinates': [9.544599893769915, 9.320021072740035]}",192.09372712298546,1052,0,0,20,11121.433548987174
"{'type': 'Point', 'coordinates': [6.265749106733662, 8.511537317032467]}",108.16653826391968,141,0,1,20,11136.01930295162
"{'type': 'Point', 'coordinates': [5.457265351026093, 9.095442251710155]}",60.0,152,0,0,40,11406.23569729901
"{'type': 'Point', 'coordinates': [4.019960896434859, 9.544599893769915]}",351.14099732158877,361,0,0,20,12081.094242741237
"{'type': 'Point', 'coordinates': [6.8047382772053755, 4.379287010082667]}",0.0,24,0,1,10,29206.230468668044
"{'type': 'Point', 'coordinates': [10.667493998919317, 7.298811683471112]}",84.8528137423857,278,0,1,10,22309.375764800847
"{'type': 'Point', 'coordinates': [10.263252121065532, 7.43355897608904]}",0.0,171,0,1,20,18702.65929744964
"{'type': 'Point', 'coordinates': [9.364936836946011, 8.062379674972705]}",30.0,112,0,1,40,11207.730718124938
"{'type': 'Point', 'coordinates': [6.939485569823304, 9.634431422181867]}",120.0,457,0,1,40,14197.058949683746
"{'type': 'Point', 'coordinates': [7.164064390853183, 9.005610723298203]}",152.97058540778355,254,0,0,40,13203.412567509973
"{'type': 'Point', 'coordinates': [8.152211203384658, 4.6038658311125475]}",60.0,23,0,1,10,31785.54557058541
"{'type': 'Point', 'coordinates': [12.374293038746409, 11.700556575656767]}",570.0,385,0,0,40,7731.591937200823
"{'type': 'Point', 'coordinates': [8.556453081238441, 6.939485569823304]}",502.8916384272063,84,0,0,20,14366.130011962028
"{'type': 'Point', 'coordinates': [5.187770765790236, 11.026820112567126]}",67.0820393249937,314,0,0,40,11520.636984622417
"{'type': 'Point', 'coordinates': [4.289455481670715, 6.8047382772053755]}",174.92855684535903,56,0,0,10,18140.818819364387
"{'type': 'Point', 'coordinates': [11.88021963248067, 11.161567405185055]}",384.1874542459709,390,0,0,40,8441.442577500322
"{'type': 'Point', 'coordinates': [8.646284609650394, 8.152211203384658]}",216.33307652783935,142,0,0,40,12904.420733520728
"{'type': 'Point', 'coordinates': [3.480971725963146, 8.556453081238441]}",127.27922061357854,418,0,0,20,11774.721046694325
"{'type': 'Point', 'coordinates': [10.622578234713341, 10.532746706301388]}",513.5172830587107,414,0,1,20,9400.389805570556
"{'type': 'Point', 'coordinates': [4.91827618055438, 10.802241291537246]}",120.0,251,0,0,20,11549.595241870877
"{'type': 'Point', 'coordinates': [5.277602294202189, 12.059882689304576]}",67.0820393249937,277,0,0,20,8537.717020939916
"{'type': 'Point', 'coordinates': [8.646284609650394, 10.263252121065532]}",216.33307652783935,803,0,0,40,13183.383205330698
"{'type': 'Point', 'coordinates': [13.003113737630073, 9.634431422181867]}",189.73665961010278,339,0,0,20,9960.493837976363
"{'type': 'Point', 'coordinates': [11.88021963248067, 10.577662470507365]}",152.97058540778355,426,0,0,40,10349.788673517753
"{'type': 'Point', 'coordinates': [11.386146226214935, 9.095442251710155]}",123.69316876852982,214,0,0,40,10266.456036483818
"{'type': 'Point', 'coordinates': [11.745472339862744, 9.679347186387844]}",108.16653826391968,466,0,0,30,9010.988255578575
"{'type': 'Point', 'coordinates': [9.050526487504179, 9.634431422181867]}",67.0820393249937,1073,0,0,30,11886.264156490266
"{'type': 'Point', 'coordinates': [6.984401334029279, 4.558950066906571]}",0.0,-1,0,0,95,30653.86437639594
"{'type': 'Point', 'coordinates': [14.17092360698545, 11.610725047244815]}",573.149195236284,303,0,0,30,8132.905543620451
"{'type': 'Point', 'coordinates': [5.592012643644021, 8.601368845444417]}",150.0,244,0,1,20,12837.821003480138
"{'type': 'Point', 'coordinates': [3.705550546993026, 9.185273780122108]}",127.27922061357854,321,0,0,40,10926.321397569845
"{'type': 'Point', 'coordinates': [3.031814083903385, 8.421705788620514]}",276.5863337187866,326,0,0,20,12671.611955076583
"{'type': 'Point', 'coordinates': [9.589515657975891, 6.5352436919695185]}",240.0,337,0,1,10,23913.3614936873
"{'type': 'Point', 'coordinates': [4.154708189052787, 9.993757535829676]}",218.40329667841553,291,0,0,20,12648.798560867002
"{'type': 'Point', 'coordinates': [3.9750451322288827, 8.286958496002585]}",134.1640786499874,369,0,1,10,13495.89801853465
"{'type': 'Point', 'coordinates': [5.322518058408165, 8.152211203384658]}",150.0,350,0,1,20,13855.922745985506
"{'type': 'Point', 'coordinates': [7.20898015505916, 6.17591757832171]}",241.86773244895647,72,0,1,10,19390.339851835743
"{'type': 'Point', 'coordinates': [2.8521510270794805, 7.119148626647208]}",256.3201123595259,46,0,1,20,12226.775367654656
"{'type': 'Point', 'coordinates': [8.46662155282649, 11.745472339862744]}",30.0,461,0,0,40,9571.490643275813
"{'type': 'Point', 'coordinates': [5.547096879438045, 8.870863430680274]}",30.0,69,1,1,40,11669.367393636907
"{'type': 'Point', 'coordinates': [8.242042731796609, 11.116651640979079]}",42.42640687119285,669,0,0,40,10688.996925117215
"{'type': 'Point', 'coordinates': [4.783528887936452, 7.478474740295016]}",308.86890422961005,288,0,1,10,16179.931450481345
"{'type': 'Point', 'coordinates': [7.074232862441232, 5.457265351026093]}",254.5584412271571,76,0,0,50,21959.592107133503
"{'type': 'Point', 'coordinates': [13.452271379689835, 10.308167885271509]}",152.97058540778355,748,0,0,20,10942.844285426194
"{'type': 'Point', 'coordinates': [8.017463910766729, 9.409852601151988]}",150.0,771,0,1,10,15838.916770478912
"{'type': 'Point', 'coordinates': [11.386146226214935, 9.140358015916132]}",94.86832980505139,196,0,0,20,9775.139096826482
"{'type': 'Point', 'coordinates': [3.9750451322288827, 11.925135396686647]}",84.8528137423857,247,0,0,40,8395.902945150134
"{'type': 'Point', 'coordinates': [4.064876660640834, 10.98190434836115]}",192.09372712298546,296,0,1,20,11348.511346752475
"{'type': 'Point', 'coordinates': [5.457265351026093, 8.152211203384658]}",90.0,358,0,1,20,13238.349786409555
"{'type': 'Point', 'coordinates': [8.331874260208561, 9.634431422181867]}",94.86832980505139,766,0,0,40,14890.120959937241
"{'type': 'Point', 'coordinates': [7.613222032912945, 4.963191944760356]}",134.1640786499874,61,0,1,10,24220.80780541897
"{'type': 'Point', 'coordinates': [12.688703388188241, 9.409852601151988]}",94.86832980505139,304,0,1,40,9879.65895166264
"{'type': 'Point', 'coordinates': [3.66063478278705, 9.005610723298203]}",123.69316876852982,380,0,1,20,11753.461643264425
"{'type': 'Point', 'coordinates': [4.738613123730476, 7.164064390853183]}",494.77267507411926,235,0,1,10,16378.367648773361
"{'type': 'Point', 'coordinates': [5.547096879438045, 5.053023473172308]}",0.0,11,0,1,95,33397.19311522902
"{'type': 'Point', 'coordinates': [10.397999413683461, 9.814094479005773]}",530.7541803886239,412,0,0,30,9799.88820290129
"{'type': 'Point', 'coordinates': [7.298811683471112, 6.894569805617327]}",391.15214431215895,286,0,0,10,14209.1566644823
"{'type': 'Point', 'coordinates': [7.7030535613248965, 11.475977754626888]}",120.0,615,0,0,40,9612.264991269927
"{'type': 'Point', 'coordinates': [5.187770765790236, 12.104798453510552]}",42.42640687119285,267,0,0,20,8127.063999716999
"{'type': 'Point', 'coordinates': [12.643787623982265, 11.386146226214935]}",442.944691807002,379,0,1,30,8975.798257456656
"{'type': 'Point', 'coordinates': [6.041170285703782, 7.20898015505916]}",375.89892258425004,330,0,1,10,15318.834964673966
"{'type': 'Point', 'coordinates': [9.050526487504179, 9.544599893769915]}",30.0,1180,0,0,40,12180.88521141378
"{'type': 'Point', 'coordinates': [6.714906748793423, 10.218336356859556]}",120.0,315,0,0,40,12557.778865497286
"{'type': 'Point', 'coordinates': [6.8047382772053755, 7.074232862441232]}",60.0,43,0,0,40,13160.310769190546
"{'type': 'Point', 'coordinates': [4.379287010082667, 10.397999413683461]}",0.0,164,0,1,20,11385.935865646255
"{'type': 'Point', 'coordinates': [8.556453081238441, 5.726759936261949]}",254.5584412271571,440,0,0,10,27141.901919905114
"{'type': 'Point', 'coordinates': [5.906422993085854, 6.220833342527686]}",254.5584412271571,53,0,0,30,18377.803928405512
"{'type': 'Point', 'coordinates': [9.993757535829676, 7.298811683471112]}",152.97058540778355,353,0,0,40,19734.970842281356
"{'type': 'Point', 'coordinates': [7.478474740295016, 5.996254521497805]}",295.4657340538831,113,0,0,10,19653.498942732578
"{'type': 'Point', 'coordinates': [3.5258874901691217, 6.625075220381471]}",30.0,28,0,0,50,15939.552327466212
"{'type': 'Point', 'coordinates': [6.580159456175495, 5.277602294202189]}",60.0,22,0,1,10,26806.23257167579
"{'type': 'Point', 'coordinates': [10.397999413683461, 12.643787623982265]}",60.0,352,0,1,40,5366.957965105778
"{'type': 'Point', 'coordinates': [8.421705788620514, 6.310664870939639]}",90.0,33,0,1,10,19811.293334100046
"{'type': 'Point', 'coordinates': [4.4691185384946195, 10.038673300035653]}",30.0,181,0,0,40,12334.20360493369
"{'type': 'Point', 'coordinates': [4.648781595318524, 6.445412163557567]}",123.69316876852982,12,0,1,10,19791.079301293474
"{'type': 'Point', 'coordinates': [5.3674338226141405, 9.454768365357964]}",258.0697580112788,198,0,0,40,12238.756067275055
"{'type': 'Point', 'coordinates': [8.960694959092226, 7.20898015505916]}",192.09372712298546,175,0,0,40,12903.77532923236
"{'type': 'Point', 'coordinates': [4.424202774288643, 6.40049639935159]}",30.0,8,0,1,10,19245.014218900353
"{'type': 'Point', 'coordinates': [10.892072819949197, 7.523390504500992]}",296.98484809834997,687,0,1,10,21302.31067586581
"{'type': 'Point', 'coordinates': [6.625075220381471, 8.421705788620514]}",42.42640687119285,69,0,1,40,11560.727569795665
"{'type': 'Point', 'coordinates': [12.059882689304576, 9.409852601151988]}",108.16653826391968,196,0,0,40,9095.711502083665
"{'type': 'Point', 'coordinates': [5.277602294202189, 5.681844172055973]}",0.0,9,0,1,95,12662.951149845438
"{'type': 'Point', 'coordinates': [13.227692558659953, 11.026820112567126]}",450.0,384,0,0,30,9305.819074776315
"{'type': 'Point', 'coordinates': [6.17591757832171, 8.91577919488625]}",108.16653826391968,109,0,0,40,10733.115343960315
"{'type': 'Point', 'coordinates': [7.298811683471112, 6.445412163557567]}",241.86773244895647,247,0,1,10,17010.432355164085
"{'type': 'Point', 'coordinates': [6.580159456175495, 6.086086049909758]}",90.0,32,0,1,10,19763.52952797641
"{'type': 'Point', 'coordinates': [10.892072819949197, 9.814094479005773]}",270.0,413,0,0,40,9825.347297465487
"{'type': 'Point', 'coordinates': [12.868366445012144, 10.84715705574322]}",551.5432893255071,473,0,0,40,10156.58584793055
"{'type': 'Point', 'coordinates': [12.419208802952385, 8.960694959092226]}",240.0,405,0,0,40,12174.46700535866
"{'type': 'Point', 'coordinates': [12.643787623982265, 10.75732552733127]}",390.0,422,0,0,30,10064.960524321377
"{'type': 'Point', 'coordinates': [8.556453081238441, 11.026820112567126]}",169.7056274847714,615,0,0,40,11953.525875078514
"{'type': 'Point', 'coordinates': [5.142855001584261, 6.5352436919695185]}",361.2478373637689,21,0,1,10,19810.974072290584
"{'type': 'Point', 'coordinates': [7.747969325530873, 10.532746706301388]}",90.0,613,0,0,40,12627.962825808829
"{'type': 'Point', 'coordinates': [5.187770765790236, 5.726759936261949]}",0.0,8,0,0,95,10899.788994492963
"{'type': 'Point', 'coordinates': [4.828444652142428, 6.984401334029279]}",496.58836071740546,239,0,1,10,16839.24879977852
"{'type': 'Point', 'coordinates': [4.424202774288643, 11.520893518832862]}",192.09372712298546,230,0,0,40,9884.953522049967
"{'type': 'Point', 'coordinates': [4.514034302700596, 9.275105308534059]}",67.0820393249937,157,0,1,20,11516.593427706215
"{'type': 'Point', 'coordinates': [3.615719018581074, 6.894569805617327]}",182.48287590894657,66,0,1,10,15561.633580718593
"{'type': 'Point', 'coordinates': [8.781031902268323, 8.331874260208561]}",241.86773244895647,162,0,0,40,13537.298303422336
"{'type': 'Point', 'coordinates': [7.164064390853183, 6.17591757832171]}",216.33307652783935,54,0,1,10,19216.819629702717
"{'type': 'Point', 'coordinates': [8.376790024414538, 6.894569805617327]}",480.93658625644196,113,0,0,20,14658.38482772966
"{'type': 'Point', 'coordinates': [5.097939237378284, 11.161567405185055]}",134.1640786499874,298,0,0,40,11130.822668227665
"{'type': 'Point', 'coordinates': [7.253895919265136, 9.364936836946011]}",60.0,530,0,0,40,14362.211332273755
"{'type': 'Point', 'coordinates': [6.580159456175495, 6.355580635145614]}",67.0820393249937,183,0,1,30,17338.02540629916
"{'type': 'Point', 'coordinates': [3.2114771407272893, 9.185273780122108]}",342.05262752974136,411,0,0,20,11121.55461162335
"{'type': 'Point', 'coordinates': [7.568306268706968, 6.625075220381471]}",161.55494421403512,175,0,1,20,15852.017539102584
"{'type': 'Point', 'coordinates': [8.556453081238441, 9.230189544328082]}",150.0,648,0,1,20,13661.475772758211
"{'type': 'Point', 'coordinates': [7.478474740295016, 7.074232862441232]}",465.72524088780074,355,0,0,10,14201.374447910704
"{'type': 'Point', 'coordinates': [8.91577919488625, 9.454768365357964]}",30.0,1393,0,0,40,12027.803906170491
"{'type': 'Point', 'coordinates': [5.681844172055973, 9.409852601151988]}",120.0,128,0,1,20,12081.377015815775
"{'type': 'Point', 'coordinates': [8.825947666474299, 10.667493998919317]}",247.38633753705963,738,0,0,40,13361.215965804411
"{'type': 'Point', 'coordinates': [6.625075220381471, 10.936988584155173]}",241.86773244895647,512,0,1,20,11719.829019360988
"{'type': 'Point', 'coordinates': [8.421705788620514, 10.353083649477485]}",240.0,828,0,0,40,12989.464028642164
"{'type': 'Point', 'coordinates': [2.8072352628735047, 6.6699909845874465]}",150.0,65,0,1,10,13242.179829215092
"{'type': 'Point', 'coordinates': [5.3674338226141405, 8.46662155282649]}",234.30749027719963,282,0,1,20,13964.342888283718
"{'type': 'Point', 'coordinates': [3.4360559617571695, 8.286958496002585]}",182.48287590894657,321,0,1,40,11694.05028021511
"{'type': 'Point', 'coordinates': [6.041170285703782, 5.816591464673902]}",247.38633753705963,31,0,1,10,21348.545472607715
"{'type': 'Point', 'coordinates': [11.296314697802982, 10.083589064241629]}",180.0,384,0,0,40,9256.466102352366
"{'type': 'Point', 'coordinates': [6.759822512999399, 6.445412163557567]}",30.0,26,0,1,10,16732.067618608475
"{'type': 'Point', 'coordinates': [8.69120037385637, 9.49968412956394]}",67.0820393249937,997,0,0,30,12429.42224641537
"{'type': 'Point', 'coordinates': [10.308167885271509, 9.544599893769915]}",450.0,426,0,1,40,10022.27174814498
"{'type': 'Point', 'coordinates': [7.074232862441232, 5.6369284078499975]}",189.73665961010278,151,0,1,10,23168.479052582872
"{'type': 'Point', 'coordinates': [8.017463910766729, 5.906422993085854]}",30.0,28,0,0,10,19240.257534188568
"{'type': 'Point', 'coordinates': [5.502181115232069, 7.568306268706968]}",342.05262752974136,384,0,1,10,14893.15131482025
"{'type': 'Point', 'coordinates': [10.038673300035653, 7.882716618148801]}",0.0,116,1,1,40,13330.594246400182
"{'type': 'Point', 'coordinates': [5.681844172055973, 5.681844172055973]}",30.0,13,0,1,10,26548.494282191154
"{'type': 'Point', 'coordinates': [7.119148626647208, 10.84715705574322]}",201.24611797498108,620,0,0,20,11849.476981298067
"{'type': 'Point', 'coordinates': [4.064876660640834, 9.320021072740035]}",234.30749027719963,317,0,0,20,11314.096638745608
"{'type': 'Point', 'coordinates': [7.792885089736849, 10.083589064241629]}",90.0,699,0,0,20,14644.550274859952
"{'type': 'Point', 'coordinates': [5.053023473172308, 10.577662470507365]}",67.0820393249937,270,0,0,40,11977.293366320888
"{'type': 'Point', 'coordinates': [4.693697359524499, 7.253895919265136]}",429.5346318982906,271,0,0,10,16344.042124370113
"{'type': 'Point', 'coordinates': [8.511537317032467, 10.128504828447605]}",94.86832980505139,787,0,1,40,12900.267758588292
"{'type': 'Point', 'coordinates': [5.7716757004679256, 10.218336356859556]}",295.4657340538831,241,0,0,40,11914.566084306556
"{'type': 'Point', 'coordinates': [12.23954574612848, 8.781031902268323]}",379.47331922020555,413,0,1,20,12554.81620557257
"{'type': 'Point', 'coordinates': [4.783528887936452, 10.84715705574322]}",30.0,201,0,0,50,10267.034001213951
"{'type': 'Point', 'coordinates': [6.625075220381471, 10.712409763125294]}",342.05262752974136,479,0,1,40,12172.228734080989
"{'type': 'Point', 'coordinates': [6.40049639935159, 9.050526487504179]}",192.09372712298546,137,0,0,40,11658.608308483115
"{'type': 'Point', 'coordinates': [5.726759936261949, 10.532746706301388]}",256.3201123595259,429,0,1,20,12382.797615251688
"{'type': 'Point', 'coordinates': [12.374293038746409, 11.835303868274694]}",577.0615218501403,370,0,0,30,7649.726563177799
"{'type': 'Point', 'coordinates': [7.388643211883064, 9.185273780122108]}",30.0,558,0,1,40,14210.732624784972
"{'type': 'Point', 'coordinates': [8.646284609650394, 8.242042731796609]}",189.73665961010278,172,0,1,40,13180.978758326295
"{'type': 'Point', 'coordinates': [3.2114771407272893, 7.20898015505916]}",30.0,87,0,1,20,12087.454688394304
"{'type': 'Point', 'coordinates': [3.0767298481093612, 8.152211203384658]}",402.49223594996215,317,0,1,20,12792.10012255649
"{'type': 'Point', 'coordinates': [8.781031902268323, 5.412349586820117]}",379.47331922020555,194,0,1,10,29210.55015452206
"{'type': 'Point', 'coordinates': [4.738613123730476, 7.747969325530873]}",150.0,361,0,1,10,14865.484415811834
"{'type': 'Point', 'coordinates': [11.700556575656767, 8.646284609650394]}",480.93658625644196,1266,0,1,10,14675.879974352865
"{'type': 'Point', 'coordinates': [4.019960896434859, 11.431061990420911]}",30.0,245,0,1,40,10438.388094283373
"{'type': 'Point', 'coordinates': [5.547096879438045, 11.251398933597006]}",216.33307652783935,399,0,0,40,11206.360731258408
"{'type': 'Point', 'coordinates': [11.700556575656767, 7.298811683471112]}",426.38011210655685,1223,0,0,10,19943.93592418125
"{'type': 'Point', 'coordinates': [3.9750451322288827, 9.589515657975891]}",371.0795063055894,336,0,0,40,11748.41954613931
"{'type': 'Point', 'coordinates': [10.442915177889438, 8.286958496002585]}",84.8528137423857,158,0,1,40,12896.75663567162
"{'type': 'Point', 'coordinates': [10.98190434836115, 7.343727447677088]}",284.60498941515414,836,0,1,10,22112.699821807822
"{'type': 'Point', 'coordinates': [7.343727447677088, 7.20898015505916]}",420.0,231,0,0,10,13000.521686342885
"{'type': 'Point', 'coordinates': [10.892072819949197, 10.667493998919317]}",371.0795063055894,504,0,0,40,8925.563276513294
"{'type': 'Point', 'coordinates': [4.963191944760356, 11.79038810406872]}",240.0,287,0,1,20,9602.719162617148
"{'type': 'Point', 'coordinates': [6.041170285703782, 5.592012643644021]}",161.55494421403512,20,0,0,10,23698.131726262072
"{'type': 'Point', 'coordinates': [9.140358015916132, 7.747969325530873]}",94.86832980505139,164,0,0,20,12058.064413381915
"{'type': 'Point', 'coordinates': [6.265749106733662, 5.547096879438045]}",152.97058540778355,19,0,0,10,23359.442579874056
"{'type': 'Point', 'coordinates': [7.343727447677088, 5.816591464673902]}",364.96575181789314,191,0,1,10,21744.01672380109
"{'type': 'Point', 'coordinates': [13.317524087071906, 10.98190434836115]}",480.0,398,0,0,30,9141.917175097222
"{'type': 'Point', 'coordinates': [9.634431422181867, 6.6699909845874465]}",150.0,500,0,1,10,23682.574334045057
"{'type': 'Point', 'coordinates': [11.161567405185055, 10.577662470507365]}",182.48287590894657,415,0,1,40,8798.143696509951
"{'type': 'Point', 'coordinates': [4.1996239532587625, 7.792885089736849]}",240.0,320,0,1,10,13894.922205365147
"{'type': 'Point', 'coordinates': [7.8378008539428246, 10.263252121065532]}",67.0820393249937,724,0,1,40,13674.718075594854
"{'type': 'Point', 'coordinates': [5.232686529996212, 7.343727447677088]}",421.07006542854594,390,0,1,10,14561.344347225502
"{'type': 'Point', 'coordinates': [11.296314697802982, 7.747969325530873]}",445.9820624195552,348,0,0,10,19618.168638412302
"{'type': 'Point', 'coordinates': [4.064876660640834, 7.927632382354777]}",174.92855684535903,298,0,1,40,12672.972889003868
"{'type': 'Point', 'coordinates': [4.648781595318524, 7.613222032912945]}",189.73665961010278,344,0,1,10,15274.886903623497
"{'type': 'Point', 'coordinates': [9.49968412956394, 8.286958496002585]}",123.69316876852982,132,0,0,20,10802.879135190007
"{'type': 'Point', 'coordinates': [5.142855001584261, 9.454768365357964]}",174.92855684535903,195,0,0,40,11493.383976903475
"{'type': 'Point', 'coordinates': [9.140358015916132, 8.781031902268323]}",150.0,227,0,0,40,12726.604490052676
"{'type': 'Point', 'coordinates': [7.7030535613248965, 7.613222032912945]}",240.0,233,0,1,10,13384.2629809467
"{'type': 'Point', 'coordinates': [6.759822512999399, 7.613222032912945]}",30.0,135,0,0,10,13641.346722156468
"{'type': 'Point', 'coordinates': [6.984401334029279, 10.083589064241629]}",30.0,399,0,1,20,13305.944294572168
"{'type': 'Point', 'coordinates': [5.187770765790236, 8.017463910766729]}",30.0,522,0,1,10,14837.715845000865
"{'type': 'Point', 'coordinates': [10.667493998919317, 11.116651640979079]}",390.0,439,0,0,40,8472.349267749476
"{'type': 'Point', 'coordinates': [5.547096879438045, 5.097939237378284]}",0.0,18,0,0,95,33397.19311522902
"{'type': 'Point', 'coordinates': [5.053023473172308, 6.714906748793423]}",424.26406871192853,78,0,1,10,18384.778431871582
"{'type': 'Point', 'coordinates': [7.164064390853183, 10.173420592653581]}",120.0,535,0,0,10,13212.44070230308
"{'type': 'Point', 'coordinates': [12.23954574612848, 8.511537317032467]}",331.36083051561786,462,0,0,40,12902.776791684271
"{'type': 'Point', 'coordinates': [9.320021072740035, 7.478474740295016]}",60.0,135,0,0,40,12844.359539042693
"{'type': 'Point', 'coordinates': [7.523390504500992, 5.996254521497805]}",284.60498941515414,62,0,1,40,18992.244237492443
"{'type': 'Point', 'coordinates': [8.46662155282649, 10.353083649477485]}",240.0,815,0,1,40,12825.394133231603
"{'type': 'Point', 'coordinates': [8.421705788620514, 5.502181115232069]}",247.38633753705963,171,0,0,10,28256.557304346934
"{'type': 'Point', 'coordinates': [9.544599893769915, 7.074232862441232]}",30.0,168,0,0,20,17759.771062777378
"{'type': 'Point', 'coordinates': [9.814094479005773, 10.263252121065532]}",94.86832980505139,597,0,0,40,10760.028533352437
"{'type': 'Point', 'coordinates': [10.622578234713341, 9.185273780122108]}",192.09372712298546,165,0,1,40,10051.984836045036
"{'type': 'Point', 'coordinates': [13.676850200719715, 11.116651640979079]}",457.93012567421243,393,0,0,40,8950.073665770557
"{'type': 'Point', 'coordinates': [13.092945266042026, 9.903926007417724]}",295.4657340538831,712,0,0,40,11106.66033275212
"{'type': 'Point', 'coordinates': [7.029317098235255, 8.107295439178682]}",120.0,174,0,0,10,12376.689349846863
"{'type': 'Point', 'coordinates': [10.892072819949197, 8.152211203384658]}",67.0820393249937,168,0,1,40,14686.199376277002
"{'type': 'Point', 'coordinates': [7.164064390853183, 8.511537317032467]}",331.36083051561786,230,0,1,10,12568.958339039902
"{'type': 'Point', 'coordinates': [7.388643211883064, 5.232686529996212]}",313.20919526731655,92,0,0,10,22883.546631583155
"{'type': 'Point', 'coordinates': [7.43355897608904, 5.6369284078499975]}",361.2478373637689,87,0,0,10,22966.680621062107
"{'type': 'Point', 'coordinates': [13.991260550161547, 11.520893518832862]}",465.72524088780074,308,0,0,30,8079.849098704653
"{'type': 'Point', 'coordinates': [5.6369284078499975, 12.688703388188241]}",150.0,294,0,0,40,7128.189004164732
"{'type': 'Point', 'coordinates': [3.9301293680229064, 10.577662470507365]}",134.1640786499874,281,0,0,20,12164.10814534633
"{'type': 'Point', 'coordinates': [9.275105308534059, 8.331874260208561]}",216.33307652783935,140,0,0,40,12005.939798746462
"{'type': 'Point', 'coordinates': [7.119148626647208, 6.445412163557567]}",150.0,47,0,0,10,17035.298806515988
"{'type': 'Point', 'coordinates': [7.029317098235255, 11.610725047244815]}",67.0820393249937,633,0,0,40,9836.44674291872
"{'type': 'Point', 'coordinates': [11.970051160892623, 11.520893518832862]}",617.7378084592201,405,0,0,40,8473.267355756694
"{'type': 'Point', 'coordinates': [13.811597493337642, 11.610725047244815]}",335.4101966249685,313,0,0,30,8031.057514286629
"{'type': 'Point', 'coordinates': [11.970051160892623, 8.870863430680274]}",391.15214431215895,421,0,0,40,12476.048609214224
"{'type': 'Point', 'coordinates': [6.714906748793423, 8.781031902268323]}",216.33307652783935,217,0,1,40,12679.058222775871
"{'type': 'Point', 'coordinates': [9.095442251710155, 10.622578234713341]}",429.5346318982906,737,0,0,40,13710.596799087827
"{'type': 'Point', 'coordinates': [8.601368845444417, 5.861507228879877]}",201.24611797498108,130,0,1,10,24993.32994719129
"{'type': 'Point', 'coordinates': [6.984401334029279, 8.242042731796609]}",174.92855684535903,244,0,0,10,11732.114727724445
"{'type': 'Point', 'coordinates': [11.79038810406872, 9.544599893769915]}",30.0,137,1,0,30,8434.93704828072
"{'type': 'Point', 'coordinates': [6.355580635145614, 12.104798453510552]}",182.48287590894657,443,0,0,40,9515.948003268908
"{'type': 'Point', 'coordinates': [9.49968412956394, 7.927632382354777]}",67.0820393249937,163,0,0,20,11697.022564115377
"{'type': 'Point', 'coordinates': [4.289455481670715, 8.646284609650394]}",234.30749027719963,302,0,1,20,11962.518564719197
"{'type': 'Point', 'coordinates': [10.667493998919317, 9.72426295059382]}",424.26406871192853,497,0,0,30,9599.065630586772
"{'type': 'Point', 'coordinates': [4.6038658311125475, 11.341230462008959]}",134.1640786499874,203,0,0,40,10529.458574479082
"{'type': 'Point', 'coordinates': [11.79038810406872, 8.376790024414538]}",632.8506932918697,1144,0,1,10,16786.4089143912
"{'type': 'Point', 'coordinates': [7.253895919265136, 9.005610723298203]}",123.69316876852982,326,0,1,40,13384.49379171678
"{'type': 'Point', 'coordinates': [7.792885089736849, 5.502181115232069]}",123.69316876852982,41,0,1,10,23673.487683487943
"{'type': 'Point', 'coordinates': [7.882716618148801, 8.960694959092226]}",247.38633753705963,346,0,1,40,13598.646164909118
"{'type': 'Point', 'coordinates': [6.580159456175495, 9.409852601151988]}",123.69316876852982,270,0,0,40,11648.388048923609
"{'type': 'Point', 'coordinates': [7.882716618148801, 6.6699909845874465]}",234.30749027719963,124,0,0,10,16066.060692826752
"{'type': 'Point', 'coordinates': [5.816591464673902, 9.9488417716237]}",212.13203435596427,134,0,1,40,11332.406265404861
"{'type': 'Point', 'coordinates': [3.9750451322288827, 7.43355897608904]}",492.0365840057018,214,0,0,50,13022.774116399
"{'type': 'Point', 'coordinates': [10.892072819949197, 8.736116138062346]}",152.97058540778355,142,0,0,40,11462.333505984467
"{'type': 'Point', 'coordinates': [9.993757535829676, 7.43355897608904]}",123.69316876852982,232,0,0,40,16710.061610591016
"{'type': 'Point', 'coordinates': [4.109792424846811, 11.970051160892623]}",174.92855684535903,178,1,0,40,8236.924079877092
"{'type': 'Point', 'coordinates': [5.95133875729183, 7.972548146560753]}",216.33307652783935,404,0,1,10,13583.214285969734
"{'type': 'Point', 'coordinates': [5.3674338226141405, 7.523390504500992]}",323.10988842807024,377,0,0,10,14820.563158430072
"{'type': 'Point', 'coordinates': [9.589515657975891, 6.849654041411351]}",30.0,183,0,0,20,21917.044617205065
"{'type': 'Point', 'coordinates': [12.194629981922503, 8.960694959092226]}",283.0194339616981,304,0,0,40,11477.281552440938
"{'type': 'Point', 'coordinates': [10.353083649477485, 8.781031902268323]}",60.0,123,0,0,20,11060.75701350985
"{'type': 'Point', 'coordinates': [6.8047382772053755, 6.5352436919695185]}",84.8528137423857,28,0,0,10,16789.34438288212
"{'type': 'Point', 'coordinates': [3.66063478278705, 7.253895919265136]}",270.0,153,0,1,10,13558.007622164194
"{'type': 'Point', 'coordinates': [8.511537317032467, 8.376790024414538]}",94.86832980505139,195,0,0,40,13702.420467384127
"{'type': 'Point', 'coordinates': [3.031814083903385, 8.46662155282649]}",258.0697580112788,343,0,0,20,12200.651587289096
"{'type': 'Point', 'coordinates': [7.164064390853183, 12.23954574612848]}",218.40329667841553,516,0,0,20,8212.925366316063
"{'type': 'Point', 'coordinates': [7.119148626647208, 9.634431422181867]}",169.7056274847714,498,0,0,40,14602.96310242982
"{'type': 'Point', 'coordinates': [7.792885089736849, 8.91577919488625]}",201.24611797498108,363,0,1,40,13483.499874900108
"{'type': 'Point', 'coordinates': [6.265749106733662, 10.84715705574322]}",484.6648326421053,453,0,0,20,12610.334554766887
"{'type': 'Point', 'coordinates': [4.514034302700596, 11.386146226214935]}",150.0,198,0,0,40,10421.640854708054
"{'type': 'Point', 'coordinates': [11.251398933597006, 8.601368845444417]}",318.9043743820395,193,0,0,40,13910.88253936047
"{'type': 'Point', 'coordinates': [6.5352436919695185, 11.925135396686647]}",161.55494421403512,509,0,0,30,9980.556757194388
"{'type': 'Point', 'coordinates': [6.939485569823304, 8.286958496002585]}",161.55494421403512,166,0,0,10,11925.478856204261
"{'type': 'Point', 'coordinates': [7.253895919265136, 8.46662155282649]}",284.60498941515414,192,0,1,20,12045.605304630037
"{'type': 'Point', 'coordinates': [10.263252121065532, 7.8378008539428246]}",150.0,190,0,1,20,14813.335167415997
"{'type': 'Point', 'coordinates': [6.580159456175495, 10.712409763125294]}",361.2478373637689,466,0,0,40,12238.632083900025
"{'type': 'Point', 'coordinates': [12.509040331364336, 10.936988584155173]}",381.8376618407357,459,0,0,20,10071.252716015719
"{'type': 'Point', 'coordinates': [8.197126967590634, 11.026820112567126]}",108.16653826391968,673,0,0,40,11462.804705774877
"{'type': 'Point', 'coordinates': [10.532746706301388, 7.8378008539428246]}",283.0194339616981,177,0,1,20,15793.979044598556
"{'type': 'Point', 'coordinates': [7.65813779711892, 8.781031902268323]}",201.24611797498108,277,0,0,40,13060.712737682205
"{'type': 'Point', 'coordinates': [8.556453081238441, 10.622578234713341]}",108.16653826391968,729,0,0,40,13032.226335905492
"{'type': 'Point', 'coordinates': [6.984401334029279, 6.445412163557567]}",60.0,23,0,1,30,16878.508356470615
"{'type': 'Point', 'coordinates': [4.109792424846811, 10.353083649477485]}",84.8528137423857,278,0,0,20,11733.530182821522
"{'type': 'Point', 'coordinates': [6.086086049909758, 10.442915177889438]}",364.96575181789314,346,0,1,20,12466.028154487256
"{'type': 'Point', 'coordinates': [9.364936836946011, 8.017463910766729]}",0.0,84,1,1,40,11418.361171288925
"{'type': 'Point', 'coordinates': [10.353083649477485, 8.152211203384658]}",182.48287590894657,144,0,1,20,13014.792343750274
"{'type': 'Point', 'coordinates': [6.984401334029279, 6.041170285703782]}",152.97058540778355,258,0,0,10,19915.548155382276
"{'type': 'Point', 'coordinates': [8.960694959092226, 6.490327927763542]}",391.15214431215895,145,0,1,10,19529.91920556142
"{'type': 'Point', 'coordinates': [8.197126967590634, 6.445412163557567]}",234.30749027719963,66,0,0,40,18515.773350117728
"{'type': 'Point', 'coordinates': [3.840297839610954, 6.5352436919695185]}",60.0,11,0,1,10,17288.161855278828
"{'type': 'Point', 'coordinates': [8.960694959092226, 8.197126967590634]}",212.13203435596427,207,0,1,20,12459.649209462079
"{'type': 'Point', 'coordinates': [10.218336356859556, 8.960694959092226]}",182.48287590894657,178,0,0,40,10253.4037311633
"{'type': 'Point', 'coordinates': [10.667493998919317, 10.353083649477485]}",523.9274758971894,376,0,0,40,9464.488441035292
"{'type': 'Point', 'coordinates': [12.91328220921812, 9.589515657975891]}",150.0,256,0,0,40,9750.269193656277
"{'type': 'Point', 'coordinates': [10.667493998919317, 8.556453081238441]}",123.69316876852982,150,0,0,40,12223.699739954904
"{'type': 'Point', 'coordinates': [12.643787623982265, 9.050526487504179]}",152.97058540778355,195,0,0,40,10587.158834771719
"{'type': 'Point', 'coordinates': [3.480971725963146, 8.736116138062346]}",94.86832980505139,422,0,0,20,11239.02672801519
"{'type': 'Point', 'coordinates': [7.43355897608904, 9.903926007417724]}",67.0820393249937,565,0,1,20,14249.226207265825
"{'type': 'Point', 'coordinates': [10.532746706301388, 6.984401334029279]}",123.69316876852982,358,0,1,10,25671.193998142116
"{'type': 'Point', 'coordinates': [5.008107708966333, 11.116651640979079]}",182.48287590894657,260,0,0,40,11227.04465108435
"{'type': 'Point', 'coordinates': [4.4691185384946195, 8.376790024414538]}",60.0,343,0,1,20,12159.680335956957
"{'type': 'Point', 'coordinates': [7.65813779711892, 9.185273780122108]}",120.0,490,0,1,20,14081.284104748114
"{'type': 'Point', 'coordinates': [3.750466311199002, 11.970051160892623]}",127.27922061357854,226,0,0,40,8213.06979444528
"{'type': 'Point', 'coordinates': [9.544599893769915, 7.972548146560753]}",60.0,143,0,0,20,11081.880905971764
"{'type': 'Point', 'coordinates': [7.298811683471112, 11.925135396686647]}",212.13203435596427,558,0,0,30,8725.098824506913
"{'type': 'Point', 'coordinates': [10.218336356859556, 9.589515657975891]}",424.26406871192853,504,0,1,20,10645.557169335894
"{'type': 'Point', 'coordinates': [7.119148626647208, 9.275105308534059]}",67.0820393249937,366,0,1,20,14226.92406587438
"{'type': 'Point', 'coordinates': [9.095442251710155, 9.993757535829676]}",108.16653826391968,937,0,0,20,12612.680310455744
"{'type': 'Point', 'coordinates': [9.005610723298203, 7.478474740295016]}",60.0,163,0,0,40,12944.104940402322
"{'type': 'Point', 'coordinates': [7.613222032912945, 5.6369284078499975]}",241.86773244895647,104,0,1,10,22712.869790476907
"{'type': 'Point', 'coordinates': [6.086086049909758, 9.859010243211747]}",60.0,165,0,0,40,12107.328773372632
"{'type': 'Point', 'coordinates': [5.3674338226141405, 12.509040331364336]}",108.16653826391968,292,0,0,40,7629.341248031908
"{'type': 'Point', 'coordinates': [7.43355897608904, 5.008107708966333]}",161.55494421403512,49,0,1,10,23361.715298853815
"{'type': 'Point', 'coordinates': [2.9419825554914327, 8.646284609650394]}",271.66155414412253,311,0,0,40,12140.066805879978
"{'type': 'Point', 'coordinates': [8.91577919488625, 11.116651640979079]}",268.3281572999748,610,0,1,30,11523.464449813488
"{'type': 'Point', 'coordinates': [10.712409763125294, 10.532746706301388]}",480.0,442,0,1,20,9132.91256765139
"{'type': 'Point', 'coordinates': [10.892072819949197, 6.849654041411351]}",212.13203435596427,575,0,1,10,21492.418032213973
"{'type': 'Point', 'coordinates': [9.364936836946011, 9.993757535829676]}",276.5863337187866,775,0,1,30,12788.57175739932
"{'type': 'Point', 'coordinates': [13.676850200719715, 11.251398933597006]}",384.1874542459709,354,0,0,30,9169.308409937563
"{'type': 'Point', 'coordinates': [2.7623194986675284, 8.781031902268323]}",394.58839313897715,302,0,0,20,12545.219176875391
"{'type': 'Point', 'coordinates': [4.154708189052787, 8.197126967590634]}",30.0,356,0,0,20,12067.420470459161
"{'type': 'Point', 'coordinates': [8.781031902268323, 6.759822512999399]}",426.38011210655685,89,0,0,20,16512.752841651272
"{'type': 'Point', 'coordinates': [6.355580635145614, 12.059882689304576]}",189.73665961010278,417,0,0,40,9661.855741431049
"{'type': 'Point', 'coordinates': [6.086086049909758, 7.20898015505916]}",362.49137920783716,268,0,1,10,14700.321859139483
"{'type': 'Point', 'coordinates': [9.993757535829676, 8.017463910766729]}",42.42640687119285,152,0,1,20,12052.520619060051
"{'type': 'Point', 'coordinates': [5.592012643644021, 7.8378008539428246]}",210.0,553,0,1,10,15213.925088539167
"{'type': 'Point', 'coordinates': [9.814094479005773, 10.577662470507365]}",94.86832980505139,555,0,0,30,10981.611027786334
"{'type': 'Point', 'coordinates': [11.79038810406872, 9.185273780122108]}",150.0,353,0,0,40,10116.33402060354
"{'type': 'Point', 'coordinates': [5.861507228879877, 7.298811683471112]}",403.6087214122113,314,0,1,10,15003.67158725299
"{'type': 'Point', 'coordinates': [7.298811683471112, 7.119148626647208]}",390.0,185,0,0,10,13185.406904694624
"{'type': 'Point', 'coordinates': [4.91827618055438, 11.296314697802982]}",182.48287590894657,243,0,0,20,10913.58338097276
"{'type': 'Point', 'coordinates': [4.514034302700596, 11.835303868274694]}",256.3201123595259,235,0,0,40,8881.225857204776
"{'type': 'Point', 'coordinates': [13.721765964925691, 11.161567405185055]}",450.0,392,0,0,30,8780.444985512175
"{'type': 'Point', 'coordinates': [4.6038658311125475, 12.149714217716529]}",152.97058540778355,243,0,0,40,7902.816329060266
"{'type': 'Point', 'coordinates': [10.622578234713341, 10.442915177889438]}",510.0,404,0,1,20,9565.428576794082
"{'type': 'Point', 'coordinates': [8.197126967590634, 8.870863430680274]}",335.4101966249685,387,0,1,20,14536.076645050945
"{'type': 'Point', 'coordinates': [8.421705788620514, 7.882716618148801]}",60.0,101,0,1,20,11959.823161178923
"{'type': 'Point', 'coordinates': [5.277602294202189, 9.72426295059382]}",342.05262752974136,213,0,0,40,12067.523112145975
"{'type': 'Point', 'coordinates': [11.520893518832862, 9.409852601151988]}",30.0,134,1,1,40,8844.454128588624
"{'type': 'Point', 'coordinates': [4.6038658311125475, 6.40049639935159]}",84.8528137423857,14,0,1,10,19791.079301293474
"{'type': 'Point', 'coordinates': [4.334371245876691, 11.431061990420911]}",108.16653826391968,220,0,0,20,10039.901487695788
"{'type': 'Point', 'coordinates': [6.131001814115734, 11.475977754626888]}",558.0322571321483,442,0,0,40,10477.87387488039
"{'type': 'Point', 'coordinates': [7.972548146560753, 8.556453081238441]}",94.86832980505139,284,0,1,40,13520.060980763505
"{'type': 'Point', 'coordinates': [7.747969325530873, 5.412349586820117]}",174.92855684535903,27,0,0,10,24740.51741060208
"{'type': 'Point', 'coordinates': [4.514034302700596, 7.568306268706968]}",212.13203435596427,266,0,1,10,15656.35073613262
"{'type': 'Point', 'coordinates': [5.681844172055973, 9.005610723298203]}",90.0,172,0,0,20,11636.270534056126
"{'type': 'Point', 'coordinates': [13.317524087071906, 11.79038810406872]}",60.0,315,0,0,30,6854.139593587767
"{'type': 'Point', 'coordinates': [7.298811683471112, 8.511537317032467]}",305.9411708155671,225,0,1,10,12708.283077168966
"{'type': 'Point', 'coordinates': [3.3013086691392415, 7.478474740295016]}",127.27922061357854,159,0,1,40,12088.9037704156
"{'type': 'Point', 'coordinates': [9.320021072740035, 8.197126967590634]}",123.69316876852982,115,0,1,40,11273.030878549394
"{'type': 'Point', 'coordinates': [8.91577919488625, 7.253895919265136]}",201.24611797498108,148,0,0,40,13110.729899067992
"{'type': 'Point', 'coordinates': [6.8047382772053755, 10.532746706301388]}",247.38633753705963,508,0,1,20,12441.512386279413
"{'type': 'Point', 'coordinates': [8.646284609650394, 9.72426295059382]}",30.0,1026,0,0,30,12886.587234440405
"{'type': 'Point', 'coordinates': [7.074232862441232, 6.894569805617327]}",241.86773244895647,93,0,1,20,14324.496406632883
"{'type': 'Point', 'coordinates': [8.825947666474299, 6.894569805617327]}",349.85711369071805,121,0,0,40,15193.471224382361
"{'type': 'Point', 'coordinates': [9.364936836946011, 7.65813779711892]}",150.0,163,0,1,40,12494.696845109638
"{'type': 'Point', 'coordinates': [6.131001814115734, 8.870863430680274]}",67.0820393249937,64,1,0,40,11152.509442622597
"{'type': 'Point', 'coordinates': [7.7030535613248965, 4.91827618055438]}",150.0,45,0,1,10,24337.08942553401
"{'type': 'Point', 'coordinates': [4.828444652142428, 11.251398933597006]}",192.09372712298546,262,0,0,40,10716.804775791337
"{'type': 'Point', 'coordinates': [10.577662470507365, 8.601368845444417]}",84.8528137423857,110,1,0,40,11372.579285410868
"{'type': 'Point', 'coordinates': [13.901429021749594, 11.296314697802982]}",474.3416490252569,341,0,0,30,8970.239774017526
"{'type': 'Point', 'coordinates': [8.646284609650394, 6.17591757832171]}",120.0,92,0,1,10,22169.75477706641
"{'type': 'Point', 'coordinates': [12.958197973424097, 11.116651640979079]}",429.5346318982906,385,0,0,30,9787.312918386648
"{'type': 'Point', 'coordinates': [4.91827618055438, 10.75732552733127]}",123.69316876852982,246,0,0,20,11615.114877484051
"{'type': 'Point', 'coordinates': [7.43355897608904, 9.634431422181867]}",180.0,553,0,1,20,15739.729050062933
"{'type': 'Point', 'coordinates': [5.322518058408165, 6.265749106733662]}",182.48287590894657,24,0,1,10,21873.89369771257
"{'type': 'Point', 'coordinates': [6.984401334029279, 11.116651640979079]}",0.0,656,0,0,40,10252.863104313219
"{'type': 'Point', 'coordinates': [7.65813779711892, 6.40049639935159]}",0.0,98,0,1,10,17557.267557750616
"{'type': 'Point', 'coordinates': [6.939485569823304, 9.72426295059382]}",60.0,425,0,0,40,13519.254564312625
"{'type': 'Point', 'coordinates': [9.814094479005773, 10.622578234713341]}",123.69316876852982,527,0,0,40,10942.774476512976
"{'type': 'Point', 'coordinates': [6.086086049909758, 5.412349586820117]}",134.1640786499874,16,0,0,10,25011.943272826018
"{'type': 'Point', 'coordinates': [10.892072819949197, 9.903926007417724]}",276.5863337187866,559,0,0,40,9844.44497320382
"{'type': 'Point', 'coordinates': [9.49968412956394, 8.91577919488625]}",42.42640687119285,281,0,0,40,11966.061769239503
"{'type': 'Point', 'coordinates': [4.738613123730476, 11.296314697802982]}",174.92855684535903,194,0,0,40,10614.677491724477
"{'type': 'Point', 'coordinates': [3.0767298481093612, 6.6699909845874465]}",123.69316876852982,54,0,0,50,15361.806197186786
"{'type': 'Point', 'coordinates': [4.963191944760356, 7.298811683471112]}",474.3416490252569,303,0,1,10,16151.46341900155
"{'type': 'Point', 'coordinates': [5.861507228879877, 5.95133875729183]}",123.69316876852982,41,0,1,30,20736.66678901075
"{'type': 'Point', 'coordinates': [7.8378008539428246, 10.98190434836115]}",94.86832980505139,646,0,0,40,10372.765967925428
"{'type': 'Point', 'coordinates': [4.514034302700596, 9.859010243211747]}",30.0,172,0,0,50,12167.134473556333
"{'type': 'Point', 'coordinates': [11.610725047244815, 8.960694959092226]}",271.66155414412253,481,0,0,40,11221.971345209291
"{'type': 'Point', 'coordinates': [11.386146226214935, 11.026820112567126]}",228.47319317591726,307,0,0,40,8173.589608958915
"{'type': 'Point', 'coordinates': [7.43355897608904, 7.478474740295016]}",349.85711369071805,298,0,1,10,13933.9099721089
"{'type': 'Point', 'coordinates': [5.097939237378284, 6.310664870939639]}",241.86773244895647,26,0,0,10,21347.55912533775
"{'type': 'Point', 'coordinates': [9.275105308534059, 6.849654041411351]}",169.7056274847714,221,0,0,30,18195.134951460957
"{'type': 'Point', 'coordinates': [3.9750451322288827, 10.577662470507365]}",108.16653826391968,281,0,0,40,11695.094077865977
"{'type': 'Point', 'coordinates': [3.750466311199002, 7.7030535613248965]}",300.0,228,0,1,30,12955.318460808932
"{'type': 'Point', 'coordinates': [11.970051160892623, 9.993757535829676]}",150.0,183,1,1,40,9380.48729941895
"{'type': 'Point', 'coordinates': [10.84715705574322, 10.802241291537246]}",429.5346318982906,456,0,0,40,9644.395706411058
"{'type': 'Point', 'coordinates': [5.502181115232069, 6.625075220381471]}",420.0,72,0,0,10,18087.88075195253
"{'type': 'Point', 'coordinates': [4.154708189052787, 9.589515657975891]}",270.0,308,0,0,20,12399.73841500748
"{'type': 'Point', 'coordinates': [7.298811683471112, 7.927632382354777]}",60.0,134,0,1,40,12329.612734810702
"{'type': 'Point', 'coordinates': [3.4360559617571695, 6.849654041411351]}",152.97058540778355,30,0,1,10,15724.345734432634
"{'type': 'Point', 'coordinates': [8.781031902268323, 7.927632382354777]}",90.0,135,0,0,20,12020.062370337924
"{'type': 'Point', 'coordinates': [4.514034302700596, 9.005610723298203]}",161.55494421403512,282,0,1,20,11490.233274468163
"{'type': 'Point', 'coordinates': [7.074232862441232, 10.218336356859556]}",108.16653826391968,561,0,1,20,12955.495875132021
"{'type': 'Point', 'coordinates': [7.568306268706968, 5.232686529996212]}",270.0,86,0,1,10,22878.30976783475
"{'type': 'Point', 'coordinates': [6.355580635145614, 9.050526487504179]}",216.33307652783935,118,0,0,40,11203.668199072981
"{'type': 'Point', 'coordinates': [10.263252121065532, 10.218336356859556]}",295.4657340538831,480,0,0,40,9714.517367380253
"{'type': 'Point', 'coordinates': [8.107295439178682, 8.825947666474299]}",295.4657340538831,359,0,1,20,14538.421233140778
"{'type': 'Point', 'coordinates': [4.109792424846811, 7.927632382354777]}",161.55494421403512,294,0,1,10,13174.41321474238
"{'type': 'Point', 'coordinates': [4.289455481670715, 8.331874260208561]}",108.16653826391968,376,0,1,20,12639.794979150494
"{'type': 'Point', 'coordinates': [7.478474740295016, 4.514034302700596]}",0.0,7,0,0,95,36334.57421613997
"{'type': 'Point', 'coordinates': [7.119148626647208, 6.759822512999399]}",258.0697580112788,104,0,1,20,15307.193529277545
"{'type': 'Point', 'coordinates': [5.906422993085854, 4.828444652142428]}",60.0,21,0,1,10,30097.862961875624
"{'type': 'Point', 'coordinates': [5.053023473172308, 8.601368845444417]}",308.86890422961005,302,0,1,20,13084.02134536276
"{'type': 'Point', 'coordinates': [9.409852601151988, 7.613222032912945]}",150.0,150,0,0,40,12809.728346583659
"{'type': 'Point', 'coordinates': [8.646284609650394, 7.20898015505916]}",335.4101966249685,131,0,0,40,13016.98420299682
"{'type': 'Point', 'coordinates': [12.194629981922503, 9.230189544328082]}",150.0,191,0,0,40,9587.569959316948
"{'type': 'Point', 'coordinates': [6.8047382772053755, 7.613222032912945]}",60.0,170,0,0,10,14132.352242980152
"{'type': 'Point', 'coordinates': [7.388643211883064, 5.6369284078499975]}",391.15214431215895,91,0,1,10,22651.494786298575
"{'type': 'Point', 'coordinates': [2.9419825554914327, 6.40049639935159]}",0.0,4,0,1,10,14489.256121982471
"{'type': 'Point', 'coordinates': [6.265749106733662, 5.95133875729183]}",247.38633753705963,43,0,1,30,19878.15044354275
"{'type': 'Point', 'coordinates': [5.592012643644021, 9.140358015916132]}",123.69316876852982,183,0,0,20,11485.34773012856
"{'type': 'Point', 'coordinates': [10.353083649477485, 7.568306268706968]}",108.16653826391968,307,0,0,10,18321.59724462771
"{'type': 'Point', 'coordinates': [10.397999413683461, 8.152211203384658]}",174.92855684535903,141,0,1,40,13014.792343750274
"{'type': 'Point', 'coordinates': [9.72426295059382, 9.095442251710155]}",42.42640687119285,349,0,0,40,11289.773398014455
"{'type': 'Point', 'coordinates': [7.568306268706968, 5.142855001584261]}",241.86773244895647,84,0,1,10,22815.8887790069
"{'type': 'Point', 'coordinates': [12.23954574612848, 11.565809283038838]}",666.1080993352356,400,0,0,30,8438.236742270525
"{'type': 'Point', 'coordinates': [3.9301293680229064, 8.376790024414538]}",150.0,355,0,1,10,12801.783600622872
"{'type': 'Point', 'coordinates': [11.700556575656767, 9.140358015916132]}",152.97058540778355,317,0,0,40,10316.256358098157
"{'type': 'Point', 'coordinates': [12.91328220921812, 11.161567405185055]}",416.7733196834941,393,0,0,30,9895.613220594598
"{'type': 'Point', 'coordinates': [12.419208802952385, 9.454768365357964]}",67.0820393249937,195,0,1,20,9271.021563821458
"{'type': 'Point', 'coordinates': [6.265749106733662, 6.580159456175495]}",241.86773244895647,298,0,0,10,17867.59645873797
"{'type': 'Point', 'coordinates': [4.6038658311125475, 10.84715705574322]}",67.0820393249937,228,0,0,20,10180.916327121598
"{'type': 'Point', 'coordinates': [6.265749106733662, 4.514034302700596]}",0.0,8,0,0,95,31941.93829061836
"{'type': 'Point', 'coordinates': [8.736116138062346, 10.263252121065532]}",254.5584412271571,821,0,0,40,13285.206776423613
"{'type': 'Point', 'coordinates': [6.17591757832171, 7.65813779711892]}",94.86832980505139,316,0,1,20,13653.070596528705
"{'type': 'Point', 'coordinates': [3.8852136038169305, 8.107295439178682]}",67.0820393249937,300,0,0,40,11988.293865506646
"{'type': 'Point', 'coordinates': [6.041170285703782, 5.726759936261949]}",212.13203435596427,21,0,1,30,20974.226461552083
"{'type': 'Point', 'coordinates': [4.424202774288643, 9.095442251710155]}",189.73665961010278,299,0,0,20,11238.35887118589
"{'type': 'Point', 'coordinates': [10.218336356859556, 7.43355897608904]}",0.0,176,0,1,20,19053.54391189157
"{'type': 'Point', 'coordinates': [5.681844172055973, 9.993757535829676]}",296.98484809834997,208,0,1,10,12222.58681517768
"{'type': 'Point', 'coordinates': [9.454768365357964, 7.388643211883064]}",84.8528137423857,165,0,0,40,14120.00516105842
"{'type': 'Point', 'coordinates': [7.8378008539428246, 9.903926007417724]}",123.69316876852982,745,0,1,20,14270.076195462068
"{'type': 'Point', 'coordinates': [7.65813779711892, 7.8378008539428246]}",94.86832980505139,228,0,0,10,13494.883228413048
"{'type': 'Point', 'coordinates': [8.511537317032467, 9.320021072740035]}",152.97058540778355,591,0,1,40,14178.652563926762
"{'type': 'Point', 'coordinates': [8.46662155282649, 8.331874260208561]}",60.0,216,0,0,40,13167.044325952804
"{'type': 'Point', 'coordinates': [10.75732552733127, 8.242042731796609]}",42.42640687119285,167,0,1,40,13766.527478120457
"{'type': 'Point', 'coordinates': [6.041170285703782, 9.275105308534059]}",123.69316876852982,132,0,1,40,11331.946674560328
"{'type': 'Point', 'coordinates': [12.329377274540432, 8.646284609650394]}",295.4657340538831,401,0,0,40,12696.768402062662
"{'type': 'Point', 'coordinates': [9.095442251710155, 6.714906748793423]}",318.9043743820395,188,0,1,60,16694.86372866149
"{'type': 'Point', 'coordinates': [7.388643211883064, 11.20648316939103]}",67.0820393249937,645,0,0,40,10045.965493487949
"{'type': 'Point', 'coordinates': [9.050526487504179, 7.882716618148801]}",0.0,80,1,1,40,11877.694610515508
"{'type': 'Point', 'coordinates': [6.220833342527686, 9.364936836946011]}",189.73665961010278,109,0,0,40,10875.481514642453
"{'type': 'Point', 'coordinates': [9.095442251710155, 6.086086049909758]}",421.07006542854594,123,0,1,10,26992.50954381749
"{'type': 'Point', 'coordinates': [5.187770765790236, 12.194629981922503]}",30.0,252,0,0,40,7908.766484699332
"{'type': 'Point', 'coordinates': [6.625075220381471, 9.005610723298203]}",150.0,143,0,0,40,11945.272927884262
"{'type': 'Point', 'coordinates': [7.613222032912945, 10.173420592653581]}",127.27922061357854,604,0,0,20,13952.570280601853
"{'type': 'Point', 'coordinates': [9.185273780122108, 10.038673300035653]}",174.92855684535903,906,0,1,20,12493.887729976048
"{'type': 'Point', 'coordinates': [5.547096879438045, 6.265749106733662]}",182.48287590894657,48,0,0,10,21634.677593048662
"{'type': 'Point', 'coordinates': [8.646284609650394, 8.960694959092226]}",276.5863337187866,391,0,1,20,15825.001989183616
"{'type': 'Point', 'coordinates': [12.778534916600194, 11.745472339862744]}",301.4962686336267,352,0,0,30,7110.257592473665
"{'type': 'Point', 'coordinates': [6.490327927763542, 6.759822512999399]}",90.0,106,0,1,10,15718.230598590802
"{'type': 'Point', 'coordinates': [7.65813779711892, 10.532746706301388]}",84.8528137423857,648,0,0,20,12585.829017530777
"{'type': 'Point', 'coordinates': [7.343727447677088, 7.65813779711892]}",216.33307652783935,367,0,1,10,13943.20999849056
"{'type': 'Point', 'coordinates': [6.220833342527686, 7.523390504500992]}",134.1640786499874,409,0,1,10,13178.486881309655
"{'type': 'Point', 'coordinates': [11.431061990420911, 6.625075220381471]}",84.8528137423857,1577,0,0,30,18832.039667762965
"{'type': 'Point', 'coordinates': [4.289455481670715, 9.005610723298203]}",295.4657340538831,341,0,1,20,11419.243425911147
"{'type': 'Point', 'coordinates': [12.374293038746409, 9.814094479005773]}",212.13203435596427,361,0,0,40,10124.483078923979
"{'type': 'Point', 'coordinates': [5.906422993085854, 10.98190434836115]}",424.26406871192853,424,0,0,40,10878.485599718488
"{'type': 'Point', 'coordinates': [7.747969325530873, 9.185273780122108]}",174.92855684535903,382,0,1,40,14093.148834249536
"{'type': 'Point', 'coordinates': [12.823450680806168, 10.442915177889438]}",483.73546489791295,467,0,0,30,11408.20592349126
"{'type': 'Point', 'coordinates': [11.565809283038838, 7.478474740295016]}",457.93012567421243,662,0,0,10,21530.936338031548
"{'type': 'Point', 'coordinates': [7.747969325530873, 6.849654041411351]}",305.9411708155671,186,0,0,10,14414.823129235652
"{'type': 'Point', 'coordinates': [9.454768365357964, 10.442915177889438]}",270.0,603,0,0,30,12186.953023554292
"{'type': 'Point', 'coordinates': [7.074232862441232, 5.547096879438045]}",216.33307652783935,124,0,1,10,21612.93137374171
"{'type': 'Point', 'coordinates': [7.298811683471112, 5.547096879438045]}",351.14099732158877,162,0,1,10,21731.996297305115
"{'type': 'Point', 'coordinates': [9.859010243211747, 10.667493998919317]}",150.0,527,0,0,30,10780.87330257977
"{'type': 'Point', 'coordinates': [4.289455481670715, 6.714906748793423]}",127.27922061357854,31,0,1,10,18629.677042560448
"{'type': 'Point', 'coordinates': [6.759822512999399, 9.679347186387844]}",84.8528137423857,358,0,0,40,12989.54418862902
"{'type': 'Point', 'coordinates': [9.589515657975891, 10.353083649477485]}",182.48287590894657,622,0,0,30,11644.592872194713
"{'type': 'Point', 'coordinates': [6.939485569823304, 5.816591464673902]}",108.16653826391968,161,0,0,10,21187.950973608997
"{'type': 'Point', 'coordinates': [4.873360416348404, 10.622578234713341]}",67.0820393249937,199,0,1,40,11304.69642071548
"{'type': 'Point', 'coordinates': [3.9301293680229064, 8.46662155282649]}",192.09372712298546,376,0,1,10,12343.909809124041
"{'type': 'Point', 'coordinates': [7.164064390853183, 8.107295439178682]}",67.0820393249937,151,0,1,20,12301.455989077374
"{'type': 'Point', 'coordinates': [8.376790024414538, 6.490327927763542]}",212.13203435596427,42,0,0,40,18330.29385923827
"{'type': 'Point', 'coordinates': [7.164064390853183, 11.610725047244815]}",0.0,631,0,0,40,9669.536458514427
"{'type': 'Point', 'coordinates': [7.478474740295016, 7.7030535613248965]}",212.13203435596427,315,0,1,10,13842.851715912238
"{'type': 'Point', 'coordinates': [6.6699909845874465, 5.861507228879877]}",0.0,21,1,1,10,21105.32367042452
"{'type': 'Point', 'coordinates': [3.256392904933265, 7.792885089736849]}",305.9411708155671,182,0,0,20,12055.037388888974
"{'type': 'Point', 'coordinates': [6.939485569823304, 6.6699909845874465]}",152.97058540778355,30,0,0,30,15245.854358426295
"{'type': 'Point', 'coordinates': [7.43355897608904, 6.220833342527686]}",192.09372712298546,192,0,1,10,18764.69840545021
"{'type': 'Point', 'coordinates': [11.835303868274694, 9.634431422181867]}",60.0,179,0,0,40,8563.540558550158
"{'type': 'Point', 'coordinates': [2.8521510270794805, 6.939485569823304]}",318.9043743820395,49,0,1,10,12281.226063709408
"{'type': 'Point', 'coordinates': [7.792885089736849, 7.882716618148801]}",60.0,98,0,0,20,12832.30861886384
"{'type': 'Point', 'coordinates': [13.542102908101786, 11.745472339862744]}",152.97058540778355,312,0,0,30,7386.992489680612
"{'type': 'Point', 'coordinates': [10.442915177889438, 12.23954574612848]}",234.30749027719963,360,0,0,30,5603.004082861598
"{'type': 'Point', 'coordinates': [13.811597493337642, 12.91328220921812]}",84.8528137423857,286,0,0,30,4481.3640693515445
"{'type': 'Point', 'coordinates': [7.388643211883064, 5.726759936261949]}",390.0,108,0,1,10,22899.46869653478
"{'type': 'Point', 'coordinates': [8.421705788620514, 8.736116138062346]}",256.3201123595259,501,0,1,20,15114.163077185385
"{'type': 'Point', 'coordinates': [13.542102908101786, 11.20648316939103]}",362.49137920783716,364,0,0,30,9042.10090036875
"{'type': 'Point', 'coordinates': [8.601368845444417, 6.6699909845874465]}",342.05262752974136,53,0,1,20,16208.325360819814
"{'type': 'Point', 'coordinates': [6.984401334029279, 8.062379674972705]}",94.86832980505139,199,0,1,10,11889.974607046071
"{'type': 'Point', 'coordinates': [4.693697359524499, 6.220833342527686]}",30.0,9,0,1,90,20590.152673054836
"{'type': 'Point', 'coordinates': [5.95133875729183, 10.667493998919317]}",429.5346318982906,390,0,1,40,11350.69041150529
"{'type': 'Point', 'coordinates': [8.242042731796609, 6.849654041411351]}",465.72524088780074,57,0,0,10,15492.44592858213
"{'type': 'Point', 'coordinates': [13.182776794453977, 10.038673300035653]}",212.13203435596427,725,0,0,40,11529.4899826223
"{'type': 'Point', 'coordinates': [7.523390504500992, 8.91577919488625]}",90.0,474,0,1,40,13729.921678177187
"{'type': 'Point', 'coordinates': [3.750466311199002, 9.814094479005773]}",509.1168824543142,287,0,1,20,13050.624095818988
"{'type': 'Point', 'coordinates': [5.232686529996212, 8.781031902268323]}",152.97058540778355,242,0,0,40,11364.073514778265
"{'type': 'Point', 'coordinates': [2.986898319697409, 7.388643211883064]}",123.69316876852982,212,0,0,20,12179.886985933379
"{'type': 'Point', 'coordinates': [11.610725047244815, 7.747969325530873]}",617.7378084592201,350,0,1,10,20312.349162658975
"{'type': 'Point', 'coordinates': [8.511537317032467, 6.265749106733662]}",67.0820393249937,37,0,1,10,20526.406702007283
"{'type': 'Point', 'coordinates': [9.230189544328082, 8.421705788620514]}",234.30749027719963,121,0,1,40,12293.280734065993
"{'type': 'Point', 'coordinates': [9.9488417716237, 7.074232862441232]}",192.09372712298546,322,0,0,20,22085.642362271436
"{'type': 'Point', 'coordinates': [5.681844172055973, 9.9488417716237]}",276.5863337187866,249,0,1,40,12157.909318798027
"{'type': 'Point', 'coordinates': [5.996254521497805, 6.265749106733662]}",318.9043743820395,77,0,0,30,17624.723837580532
"{'type': 'Point', 'coordinates': [7.8378008539428246, 10.397999413683461]}",60.0,666,0,1,20,12996.773327786588
"{'type': 'Point', 'coordinates': [3.480971725963146, 8.197126967590634]}",152.97058540778355,306,0,1,20,12240.00424270743
"{'type': 'Point', 'coordinates': [8.331874260208561, 7.029317098235255]}",474.3416490252569,74,0,0,40,14080.07342706446
"{'type': 'Point', 'coordinates': [5.502181115232069, 12.509040331364336]}",189.73665961010278,286,0,0,40,7466.128688944344
"{'type': 'Point', 'coordinates': [5.592012643644021, 6.445412163557567]}",305.9411708155671,138,0,0,10,18812.0542784289
"{'type': 'Point', 'coordinates': [4.244539717464739, 7.972548146560753]}",123.69316876852982,366,0,1,10,13070.902671946445
"{'type': 'Point', 'coordinates': [5.7716757004679256, 7.43355897608904]}",402.49223594996215,357,0,0,10,14658.841963537037
"{'type': 'Point', 'coordinates': [11.610725047244815, 8.91577919488625]}",300.0,440,0,0,30,11844.183092009034
"{'type': 'Point', 'coordinates': [3.9750451322288827, 10.936988584155173]}",254.5584412271571,288,0,0,20,10972.735891339084
"{'type': 'Point', 'coordinates': [4.558950066906571, 8.646284609650394]}",123.69316876852982,287,0,0,20,12812.09220283246
"{'type': 'Point', 'coordinates': [5.3674338226141405, 8.152211203384658]}",150.0,342,0,1,20,13964.963895990983
"{'type': 'Point', 'coordinates': [9.589515657975891, 9.140358015916132]}",120.0,874,0,1,20,11550.915026175207
"{'type': 'Point', 'coordinates': [9.993757535829676, 10.128504828447605]}",201.24611797498108,521,0,0,30,10639.378906619182
"{'type': 'Point', 'coordinates': [6.759822512999399, 7.523390504500992]}",30.0,345,0,1,10,14483.969123684754
"{'type': 'Point', 'coordinates': [6.849654041411351, 11.565809283038838]}",174.92855684535903,692,0,0,20,10243.267309327315
"{'type': 'Point', 'coordinates': [3.570803254375098, 7.882716618148801]}",216.33307652783935,256,0,1,20,12342.44003630562
"{'type': 'Point', 'coordinates': [4.6038658311125475, 11.565809283038838]}",276.5863337187866,222,0,1,20,9938.230434023997
"{'type': 'Point', 'coordinates': [3.2114771407272893, 8.556453081238441]}",127.27922061357854,363,0,1,20,12001.837316545385
"{'type': 'Point', 'coordinates': [3.570803254375098, 8.286958496002585]}",94.86832980505139,360,0,1,40,11981.567406758557
"{'type': 'Point', 'coordinates': [8.46662155282649, 10.308167885271509]}",210.0,803,0,1,40,12734.064084981102
"{'type': 'Point', 'coordinates': [5.187770765790236, 10.128504828447605]}",201.24611797498108,302,0,1,40,12033.362586935
"{'type': 'Point', 'coordinates': [6.714906748793423, 7.343727447677088]}",0.0,47,1,1,10,13305.285251019319
"{'type': 'Point', 'coordinates': [3.705550546993026, 7.43355897608904]}",323.10988842807024,210,0,1,10,14224.499141650376
"{'type': 'Point', 'coordinates': [4.244539717464739, 8.601368845444417]}",241.86773244895647,332,0,1,20,11900.938863265023
"{'type': 'Point', 'coordinates': [12.329377274540432, 9.095442251710155]}",161.55494421403512,304,0,1,20,10677.233842796471
"{'type': 'Point', 'coordinates': [8.152211203384658, 8.152211203384658]}",127.27922061357854,121,0,1,20,12525.686709751593
"{'type': 'Point', 'coordinates': [11.565809283038838, 7.613222032912945]}",536.6563145999496,374,0,0,10,20023.736689751226
"{'type': 'Point', 'coordinates': [7.298811683471112, 9.454768365357964]}",123.69316876852982,543,0,0,40,14727.515666948539
"{'type': 'Point', 'coordinates': [8.69120037385637, 7.164064390853183]}",342.05262752974136,100,0,1,40,13373.74637006782
"{'type': 'Point', 'coordinates': [6.6699909845874465, 11.296314697802982]}",182.48287590894657,548,0,0,20,11177.037166997034
"{'type': 'Point', 'coordinates': [10.442915177889438, 7.7030535613248965]}",189.73665961010278,179,0,1,40,16105.289915464477
"{'type': 'Point', 'coordinates': [2.9419825554914327, 7.972548146560753]}",371.0795063055894,205,0,1,20,12589.330623548223
"{'type': 'Point', 'coordinates': [11.161567405185055, 10.667493998919317]}",201.24611797498108,528,0,0,20,8750.593984922136
"{'type': 'Point', 'coordinates': [13.227692558659953, 9.993757535829676]}",189.73665961010278,618,0,0,40,10871.904549584204
"{'type': 'Point', 'coordinates': [5.277602294202189, 11.88021963248067]}",182.48287590894657,373,0,0,20,9289.356063201394
"{'type': 'Point', 'coordinates': [11.251398933597006, 10.892072819949197]}",216.33307652783935,514,0,0,40,8449.21923702533
"{'type': 'Point', 'coordinates': [10.083589064241629, 10.397999413683461]}",150.0,514,0,0,30,9978.884231907428
"{'type': 'Point', 'coordinates': [7.43355897608904, 8.781031902268323]}",180.0,491,0,1,10,13484.01791924208
"{'type': 'Point', 'coordinates': [6.490327927763542, 6.086086049909758]}",150.0,77,0,1,10,19194.12732411269
"{'type': 'Point', 'coordinates': [5.097939237378284, 11.20648316939103]}",108.16653826391968,309,0,0,40,11014.198030672691
"{'type': 'Point', 'coordinates': [3.9750451322288827, 11.565809283038838]}",30.0,157,1,0,40,9853.139981809283
"{'type': 'Point', 'coordinates': [11.970051160892623, 7.613222032912945]}",655.2098900352466,941,0,0,10,19087.9963219997
"{'type': 'Point', 'coordinates': [8.556453081238441, 9.814094479005773]}",94.86832980505139,778,0,0,40,12874.182009752096
"{'type': 'Point', 'coordinates': [11.79038810406872, 9.72426295059382]}",120.0,437,0,0,30,9330.039456849609
"{'type': 'Point', 'coordinates': [5.906422993085854, 9.275105308534059]}",42.42640687119285,136,0,0,40,10890.153268351214
"{'type': 'Point', 'coordinates': [7.972548146560753, 8.286958496002585]}",94.86832980505139,134,0,1,40,12583.148815822029
"{'type': 'Point', 'coordinates': [10.218336356859556, 11.655640811450791]}",301.4962686336267,421,0,0,40,8572.051397159543
"{'type': 'Point', 'coordinates': [10.622578234713341, 7.343727447677088]}",94.86832980505139,617,0,1,30,21824.36467326968
"{'type': 'Point', 'coordinates': [12.059882689304576, 7.882716618148801]}",595.4829972383762,562,0,0,10,15626.086913350811
"{'type': 'Point', 'coordinates': [6.445412163557567, 8.511537317032467]}",0.0,50,1,1,30,11727.514784117142
"{'type': 'Point', 'coordinates': [9.005610723298203, 6.355580635145614]}",379.47331922020555,707,0,1,10,22595.03188491737
"{'type': 'Point', 'coordinates': [8.242042731796609, 10.802241291537246]}",90.0,697,0,0,40,12588.09838359803
"{'type': 'Point', 'coordinates': [10.038673300035653, 7.388643211883064]}",108.16653826391968,210,0,0,20,17850.138934733463
"{'type': 'Point', 'coordinates': [11.026820112567126, 9.9488417716237]}",201.24611797498108,409,0,0,40,9986.693968472071
"{'type': 'Point', 'coordinates': [3.166561376521313, 7.119148626647208]}",94.86832980505139,91,0,1,10,12789.512951870609
"{'type': 'Point', 'coordinates': [5.906422993085854, 8.421705788620514]}",210.0,221,0,1,20,12880.625469048184
"{'type': 'Point', 'coordinates': [6.5352436919695185, 8.242042731796609]}",30.0,116,0,1,20,11195.745287731756
"{'type': 'Point', 'coordinates': [10.308167885271509, 8.331874260208561]}",152.97058540778355,139,0,0,20,11761.361567534816
"{'type': 'Point', 'coordinates': [9.185273780122108, 10.487830942095414]}",417.85164831552356,755,0,0,20,13462.298105936032
"{'type': 'Point', 'coordinates': [6.445412163557567, 8.107295439178682]}",120.0,254,0,1,10,12880.996642214466
"{'type': 'Point', 'coordinates': [5.906422993085854, 5.861507228879877]}",152.97058540778355,35,0,1,30,21492.534513948485
"{'type': 'Point', 'coordinates': [11.296314697802982, 6.759822512999399]}",30.0,1473,0,1,30,19540.543921942128
"{'type': 'Point', 'coordinates': [5.187770765790236, 10.038673300035653]}",256.3201123595259,248,0,0,40,12213.193964717015
"{'type': 'Point', 'coordinates': [6.40049639935159, 5.457265351026093]}",67.0820393249937,21,0,1,10,26478.934279467096
"{'type': 'Point', 'coordinates': [5.142855001584261, 8.91577919488625]}",94.86832980505139,185,0,0,40,10856.746486302607
"{'type': 'Point', 'coordinates': [6.8047382772053755, 11.026820112567126]}",108.16653826391968,560,0,1,20,11249.67740038193
"{'type': 'Point', 'coordinates': [8.825947666474299, 7.029317098235255]}",313.20919526731655,149,0,0,40,14369.062544352375
"{'type': 'Point', 'coordinates': [5.816591464673902, 11.161567405185055]}",364.96575181789314,457,0,0,40,11193.094050894408
"{'type': 'Point', 'coordinates': [7.65813779711892, 7.882716618148801]}",67.0820393249937,269,0,1,10,13126.749417678671
"{'type': 'Point', 'coordinates': [10.532746706301388, 9.72426295059382]}",513.5172830587107,292,0,0,30,9809.437983526843
"{'type': 'Point', 'coordinates': [8.601368845444417, 9.544599893769915]}",127.27922061357854,821,0,0,20,13154.546556137007
"{'type': 'Point', 'coordinates': [6.939485569823304, 7.43355897608904]}",150.0,217,0,1,10,13744.84605551837
"{'type': 'Point', 'coordinates': [5.232686529996212, 8.736116138062346]}",182.48287590894657,277,0,0,20,12579.369917185344
"{'type': 'Point', 'coordinates': [9.544599893769915, 6.849654041411351]}",42.42640687119285,206,0,0,40,21058.47201001559
"{'type': 'Point', 'coordinates': [7.523390504500992, 7.523390504500992]}",323.10988842807024,422,0,1,10,13455.221252614165
"{'type': 'Point', 'coordinates': [9.769178714799796, 8.062379674972705]}",67.0820393249937,142,0,0,20,10759.161356054128
"{'type': 'Point', 'coordinates': [5.547096879438045, 10.622578234713341]}",192.09372712298546,362,0,0,40,12115.733251438032
"{'type': 'Point', 'coordinates': [4.91827618055438, 6.220833342527686]}",108.16653826391968,11,0,0,10,22461.030421954114
"{'type': 'Point', 'coordinates': [9.859010243211747, 11.251398933597006]}",30.0,436,0,0,40,9299.257975469074
"{'type': 'Point', 'coordinates': [13.49718714389581, 12.104798453510552]}",295.4657340538831,300,0,0,30,6805.908559052575
"{'type': 'Point', 'coordinates': [9.050526487504179, 8.646284609650394]}",60.0,183,0,1,40,13380.27084664136
"{'type': 'Point', 'coordinates': [5.053023473172308, 7.8378008539428246]}",127.27922061357854,488,0,1,10,14969.000754453678
"{'type': 'Point', 'coordinates': [7.8378008539428246, 8.286958496002585]}",108.16653826391968,177,0,1,40,12743.048215664392
"{'type': 'Point', 'coordinates': [10.442915177889438, 9.679347186387844]}",524.785670536077,312,0,0,20,10004.668981545372
"{'type': 'Point', 'coordinates': [11.341230462008959, 7.43355897608904]}",371.0795063055894,407,0,1,10,21030.77988096839
"{'type': 'Point', 'coordinates': [12.0149669250986, 8.69120037385637]}",499.29950931279717,469,0,0,40,13498.87631048663
"{'type': 'Point', 'coordinates': [13.676850200719715, 10.892072819949197]}",553.1726674375732,800,0,0,20,10145.201622082297
"{'type': 'Point', 'coordinates': [8.646284609650394, 7.747969325530873]}",0.0,81,1,0,40,11825.336995291022
"{'type': 'Point', 'coordinates': [7.523390504500992, 7.298811683471112]}",465.72524088780074,263,0,0,10,13598.172991816391
"{'type': 'Point', 'coordinates': [4.379287010082667, 9.903926007417724]}",120.0,238,0,0,30,12163.213082530943
"{'type': 'Point', 'coordinates': [5.547096879438045, 6.8047382772053755]}",540.8326913195983,82,0,0,10,17591.977863430977
"{'type': 'Point', 'coordinates': [6.939485569823304, 4.424202774288643]}",0.0,14,0,0,95,31462.20015900582
"{'type': 'Point', 'coordinates': [6.265749106733662, 6.6699909845874465]}",240.0,339,0,1,10,16353.932177195325
"{'type': 'Point', 'coordinates': [9.185273780122108, 8.556453081238441]}",161.55494421403512,125,0,0,40,12457.714221991617
"{'type': 'Point', 'coordinates': [9.589515657975891, 7.388643211883064]}",161.55494421403512,171,0,0,40,14555.078413409195
"{'type': 'Point', 'coordinates': [5.457265351026093, 7.074232862441232]}",626.4183905346331,252,0,0,10,15599.319246441126
"{'type': 'Point', 'coordinates': [5.6369284078499975, 10.667493998919317]}",254.5584412271571,365,0,0,40,11995.420629821623
"{'type': 'Point', 'coordinates': [6.984401334029279, 8.825947666474299]}",308.86890422961005,158,0,0,40,12117.158088869452
"{'type': 'Point', 'coordinates': [6.580159456175495, 6.265749106733662]}",90.0,192,0,1,10,17109.730401839595
"{'type': 'Point', 'coordinates': [5.681844172055973, 8.91577919488625]}",42.42640687119285,67,1,1,40,11361.916551892195
"{'type': 'Point', 'coordinates': [7.568306268706968, 10.263252121065532]}",120.0,642,0,1,20,13341.146075613728
"{'type': 'Point', 'coordinates': [5.502181115232069, 6.894569805617327]}",600.0,107,0,0,10,16673.75119669549
"{'type': 'Point', 'coordinates': [8.781031902268323, 6.8047382772053755]}",408.0441152620633,73,0,0,40,15544.810629607959
"{'type': 'Point', 'coordinates': [5.996254521497805, 6.041170285703782]}",228.47319317591726,93,0,1,10,21799.563415177166
"{'type': 'Point', 'coordinates': [7.119148626647208, 10.442915177889438]}",67.0820393249937,602,0,0,20,12712.74253555771
"{'type': 'Point', 'coordinates': [6.445412163557567, 7.972548146560753]}",30.0,269,0,1,20,13156.478838872174
"{'type': 'Point', 'coordinates': [8.960694959092226, 9.903926007417724]}",0.0,1306,0,1,40,12578.313533745912
"{'type': 'Point', 'coordinates': [8.46662155282649, 5.996254521497805]}",84.8528137423857,51,0,0,10,25553.06391103752
"{'type': 'Point', 'coordinates': [12.374293038746409, 10.038673300035653]}",276.5863337187866,728,0,0,40,11363.630364169832
"{'type': 'Point', 'coordinates': [13.991260550161547, 12.329377274540432]}",271.66155414412253,289,0,0,30,7060.979504613497
"{'type': 'Point', 'coordinates': [11.565809283038838, 11.745472339862744]}",600.7495318350236,417,0,0,40,7782.248956584414
"{'type': 'Point', 'coordinates': [11.610725047244815, 8.870863430680274]}",324.4996147917591,705,0,0,30,12451.780739029718
"{'type': 'Point', 'coordinates': [4.558950066906571, 8.107295439178682]}",120.0,383,0,1,10,13605.83376841285
"{'type': 'Point', 'coordinates': [11.655640811450791, 9.185273780122108]}",120.0,279,0,0,40,9710.835267849343
"{'type': 'Point', 'coordinates': [6.580159456175495, 11.88021963248067]}",182.48287590894657,526,0,0,40,9844.647111993589
"{'type': 'Point', 'coordinates': [6.849654041411351, 6.894569805617327]}",94.86832980505139,34,0,0,30,14252.357867423445
"{'type': 'Point', 'coordinates': [8.46662155282649, 12.598871859776288]}",42.42640687119285,424,0,1,40,6855.773164224698
"{'type': 'Point', 'coordinates': [8.017463910766729, 10.98190434836115]}",169.7056274847714,665,0,1,40,10712.023252386716
"{'type': 'Point', 'coordinates': [11.026820112567126, 7.613222032912945]}",403.6087214122113,297,0,1,10,19795.576099640406
"{'type': 'Point', 'coordinates': [6.714906748793423, 5.142855001584261]}",94.86832980505139,30,0,1,10,24984.58533269912
"{'type': 'Point', 'coordinates': [7.253895919265136, 6.8047382772053755]}",339.4112549695428,319,0,0,10,14734.85274360283
"{'type': 'Point', 'coordinates': [13.227692558659953, 10.577662470507365]}",375.89892258425004,470,0,0,40,10310.46313965302
"{'type': 'Point', 'coordinates': [4.424202774288643, 10.397999413683461]}",0.0,168,1,0,40,12018.247436226213
"{'type': 'Point', 'coordinates': [6.355580635145614, 6.984401334029279]}",189.73665961010278,59,0,1,10,13745.919987929752
"{'type': 'Point', 'coordinates': [10.84715705574322, 8.46662155282649]}",182.48287590894657,241,0,0,40,13552.915869291079
"{'type': 'Point', 'coordinates': [4.289455481670715, 10.308167885271509]}",30.0,223,0,0,40,11624.698926118854
"{'type': 'Point', 'coordinates': [9.409852601151988, 8.736116138062346]}",30.0,217,0,0,40,12290.982276066425
"{'type': 'Point', 'coordinates': [5.142855001584261, 11.341230462008959]}",30.0,318,0,0,40,11015.025048312444
"{'type': 'Point', 'coordinates': [3.7953820754049783, 6.8047382772053755]}",120.0,24,0,1,10,16371.00211389592
"{'type': 'Point', 'coordinates': [6.490327927763542, 10.308167885271509]}",201.24611797498108,396,0,1,20,12551.929925266897
"{'type': 'Point', 'coordinates': [5.502181115232069, 8.646284609650394]}",150.0,270,0,0,40,12916.029081052264
"{'type': 'Point', 'coordinates': [5.502181115232069, 12.23954574612848]}",182.48287590894657,287,0,0,20,8031.803093530796
"{'type': 'Point', 'coordinates': [7.253895919265136, 9.814094479005773]}",192.09372712298546,486,0,1,20,15126.799119227557
"{'type': 'Point', 'coordinates': [7.43355897608904, 6.40049639935159]}",150.0,391,0,0,10,18060.741078685038
"{'type': 'Point', 'coordinates': [8.781031902268323, 11.116651640979079]}",192.09372712298546,598,0,1,20,11252.203388639507
"{'type': 'Point', 'coordinates': [8.242042731796609, 10.75732552733127]}",94.86832980505139,708,0,0,40,12619.90632868465
"{'type': 'Point', 'coordinates': [11.475977754626888, 7.388643211883064]}",375.89892258425004,409,0,1,10,20525.53409570735
"{'type': 'Point', 'coordinates': [4.109792424846811, 7.119148626647208]}",360.0,162,0,1,10,15800.1651827842
"{'type': 'Point', 'coordinates': [4.064876660640834, 11.475977754626888]}",0.0,154,1,0,40,10727.824602779245
"{'type': 'Point', 'coordinates': [10.75732552733127, 7.7030535613248965]}",331.36083051561786,718,0,1,10,18558.2351604916
"{'type': 'Point', 'coordinates': [5.232686529996212, 10.75732552733127]}",212.13203435596427,259,0,0,40,11754.486086214512
"{'type': 'Point', 'coordinates': [4.514034302700596, 7.792885089736849]}",67.0820393249937,313,0,0,50,14295.02840575506
"{'type': 'Point', 'coordinates': [8.242042731796609, 6.759822512999399]}",408.0441152620633,56,0,0,10,16399.066045368832
"{'type': 'Point', 'coordinates': [7.927632382354777, 7.164064390853183]}",484.6648326421053,180,0,1,10,12539.334131287877
"{'type': 'Point', 'coordinates': [8.646284609650394, 6.086086049909758]}",123.69316876852982,64,0,0,10,23729.473464221694
"{'type': 'Point', 'coordinates': [5.547096879438045, 7.7030535613248965]}",300.0,474,0,0,10,15433.228803673648
"{'type': 'Point', 'coordinates': [3.4360559617571695, 8.646284609650394]}",67.0820393249937,464,0,1,20,11605.821783299198
"{'type': 'Point', 'coordinates': [3.3462244333452174, 7.164064390853183]}",84.8528137423857,62,0,1,50,11436.887363322545
"{'type': 'Point', 'coordinates': [12.464124567158361, 9.993757535829676]}",308.86890422961005,615,0,1,40,10947.63756703303
"{'type': 'Point', 'coordinates': [3.031814083903385, 7.164064390853183]}",134.1640786499874,105,0,1,20,11942.782819168453
"{'type': 'Point', 'coordinates': [8.825947666474299, 6.131001814115734]}",240.0,101,0,1,10,24523.64026246406
"{'type': 'Point', 'coordinates': [9.72426295059382, 10.353083649477485]}",94.86832980505139,617,0,0,30,11647.831581606632
"{'type': 'Point', 'coordinates': [12.23954574612848, 9.589515657975891]}",42.42640687119285,285,0,0,20,9335.863655976427
"{'type': 'Point', 'coordinates': [9.72426295059382, 7.164064390853183]}",150.0,205,0,0,40,18847.15021998738
"{'type': 'Point', 'coordinates': [11.026820112567126, 11.296314697802982]}",361.2478373637689,428,0,0,40,8419.13665195553
"{'type': 'Point', 'coordinates': [5.861507228879877, 9.49968412956394]}",30.0,137,0,1,20,11352.643037993628
"{'type': 'Point', 'coordinates': [7.523390504500992, 10.802241291537246]}",30.0,672,0,1,40,11521.151242247986
"{'type': 'Point', 'coordinates': [5.547096879438045, 12.23954574612848]}",212.13203435596427,290,0,0,20,8031.803093530796
"{'type': 'Point', 'coordinates': [5.816591464673902, 10.442915177889438]}",301.4962686336267,310,0,0,40,11952.250408572567
"{'type': 'Point', 'coordinates': [10.397999413683461, 12.823450680806168]}",108.16653826391968,347,1,0,90,5380.419567373054
"{'type': 'Point', 'coordinates': [9.320021072740035, 9.72426295059382]}",241.86773244895647,900,0,1,20,12238.735108356783
"{'type': 'Point', 'coordinates': [8.646284609650394, 8.736116138062346]}",218.40329667841553,245,0,0,40,15496.83211722699
"{'type': 'Point', 'coordinates': [8.107295439178682, 10.308167885271509]}",192.09372712298546,684,0,0,20,13338.552557998642
"{'type': 'Point', 'coordinates': [4.334371245876691, 9.050526487504179]}",254.5584412271571,294,0,0,20,11436.295611524896
"{'type': 'Point', 'coordinates': [5.277602294202189, 12.149714217716529]}",30.0,242,0,0,40,8291.808862631311
"{'type': 'Point', 'coordinates': [5.008107708966333, 11.970051160892623]}",123.69316876852982,271,0,0,30,8576.989993865067
"{'type': 'Point', 'coordinates': [5.322518058408165, 9.903926007417724]}",330.0,279,0,0,40,11964.747197693832
"{'type': 'Point', 'coordinates': [5.681844172055973, 9.589515657975891]}",150.0,176,0,0,40,11274.842966887518
"{'type': 'Point', 'coordinates': [4.963191944760356, 7.8378008539428246]}",174.92855684535903,401,0,1,10,15011.274426864862
"{'type': 'Point', 'coordinates': [13.676850200719715, 13.27260832286593]}",174.92855684535903,282,0,0,90,3272.280066427845
"{'type': 'Point', 'coordinates': [13.04802950183605, 10.622578234713341]}",468.61498055439927,510,0,0,40,10401.80883591762
"{'type': 'Point', 'coordinates': [9.005610723298203, 7.613222032912945]}",30.0,91,0,1,40,12543.977099871476
"{'type': 'Point', 'coordinates': [6.355580635145614, 8.960694959092226]}",161.55494421403512,132,0,0,40,11259.87244003306
"{'type': 'Point', 'coordinates': [10.532746706301388, 8.421705788620514]}",30.0,142,0,0,40,11821.586389489723
"{'type': 'Point', 'coordinates': [7.972548146560753, 8.017463910766729]}",42.42640687119285,61,1,1,40,12208.72736029714
"{'type': 'Point', 'coordinates': [7.927632382354777, 9.679347186387844]}",67.0820393249937,725,0,1,40,15421.93609118716
"{'type': 'Point', 'coordinates': [7.882716618148801, 5.053023473172308]}",108.16653826391968,72,0,0,50,24348.068739831448
"{'type': 'Point', 'coordinates': [6.265749106733662, 10.083589064241629]}",120.0,225,0,0,20,12099.931828753004
"{'type': 'Point', 'coordinates': [10.712409763125294, 10.173420592653581]}",457.93012567421243,335,0,0,40,9414.160794866271
"{'type': 'Point', 'coordinates': [12.91328220921812, 11.835303868274694]}",228.47319317591726,341,0,0,40,6984.711260844
"{'type': 'Point', 'coordinates': [2.8521510270794805, 8.152211203384658]}",301.4962686336267,270,0,1,20,13380.062019273813
"{'type': 'Point', 'coordinates': [9.769178714799796, 9.903926007417724]}",335.4101966249685,546,0,0,30,10689.916145566536
"{'type': 'Point', 'coordinates': [9.72426295059382, 7.20898015505916]}",169.7056274847714,222,0,0,40,18033.76858451948
"{'type': 'Point', 'coordinates': [6.625075220381471, 4.379287010082667]}",30.0,8,0,0,95,27626.03817331791
"{'type': 'Point', 'coordinates': [11.251398933597006, 7.029317098235255]}",94.86832980505139,1619,0,1,30,20493.732757671736
"{'type': 'Point', 'coordinates': [14.036176314367523, 11.386146226214935]}",523.9274758971894,316,0,0,30,8461.94548504001
"{'type': 'Point', 'coordinates': [8.062379674972705, 7.882716618148801]}",30.0,64,1,1,40,12213.345644999747
"{'type': 'Point', 'coordinates': [6.894569805617327, 8.601368845444417]}",258.0697580112788,115,0,1,40,11685.15695614113
"{'type': 'Point', 'coordinates': [12.329377274540432, 9.9488417716237]}",216.33307652783935,627,0,1,20,10865.627640223654
"{'type': 'Point', 'coordinates': [5.996254521497805, 4.424202774288643]}",0.0,8,0,0,95,29230.69202798605
"{'type': 'Point', 'coordinates': [3.66063478278705, 9.185273780122108]}",150.0,322,0,0,20,10999.786136389834
"{'type': 'Point', 'coordinates': [6.849654041411351, 10.218336356859556]}",42.42640687119285,422,0,1,40,12599.981420408212
"{'type': 'Point', 'coordinates': [3.9301293680229064, 6.580159456175495]}",30.0,10,0,1,10,16244.786176654452
"{'type': 'Point', 'coordinates': [2.8072352628735047, 7.164064390853183]}",247.38633753705963,56,0,1,30,11648.159913643569
"{'type': 'Point', 'coordinates': [4.514034302700596, 11.161567405185055]}",0.0,147,0,0,40,10460.738919395102
"{'type': 'Point', 'coordinates': [5.6369284078499975, 7.029317098235255]}",636.3961030678928,211,0,1,10,15983.391245285049
"{'type': 'Point', 'coordinates': [9.544599893769915, 7.927632382354777]}",84.8528137423857,157,0,0,20,11549.142164955334
"{'type': 'Point', 'coordinates': [4.693697359524499, 11.700556575656767]}",349.85711369071805,213,0,0,20,9514.557259738243
"{'type': 'Point', 'coordinates': [8.736116138062346, 7.119148626647208]}",349.85711369071805,113,0,0,40,13618.803950619418
"{'type': 'Point', 'coordinates': [9.230189544328082, 9.9488417716237]}",182.48287590894657,817,0,0,30,12561.985314298563
"{'type': 'Point', 'coordinates': [10.802241291537246, 11.161567405185055]}",371.0795063055894,424,0,0,20,8364.313911999823
"{'type': 'Point', 'coordinates': [5.008107708966333, 9.005610723298203]}",108.16653826391968,181,0,0,40,10671.043571799179
"{'type': 'Point', 'coordinates': [12.419208802952385, 10.98190434836115]}",366.1966684720111,481,0,0,20,9599.106761066181
"{'type': 'Point', 'coordinates': [9.050526487504179, 9.050526487504179]}",218.40329667841553,480,0,1,20,12381.65271986444
"{'type': 'Point', 'coordinates': [13.003113737630073, 9.769178714799796]}",276.5863337187866,681,0,1,20,11149.697898464827
"{'type': 'Point', 'coordinates': [6.894569805617327, 5.726759936261949]}",60.0,81,0,1,10,22095.05718107085
"{'type': 'Point', 'coordinates': [7.792885089736849, 5.232686529996212]}",120.0,71,0,1,10,24209.88977307292
"{'type': 'Point', 'coordinates': [4.963191944760356, 6.445412163557567]}",241.86773244895647,42,0,1,10,20444.014272702858
"{'type': 'Point', 'coordinates': [3.66063478278705, 7.65813779711892]}",335.4101966249685,207,0,0,20,13170.275044397655
"{'type': 'Point', 'coordinates': [5.097939237378284, 9.9488417716237]}",301.4962686336267,250,0,0,20,12855.876679218516
"{'type': 'Point', 'coordinates': [5.816591464673902, 6.894569805617327]}",540.0,135,0,0,10,16329.389704098227
"{'type': 'Point', 'coordinates': [10.622578234713341, 8.870863430680274]}",108.16653826391968,171,0,0,20,11034.858054630302
"{'type': 'Point', 'coordinates': [7.343727447677088, 6.580159456175495]}",241.86773244895647,365,0,1,10,16436.343441701494
"{'type': 'Point', 'coordinates': [12.598871859776288, 10.936988584155173]}",426.38011210655685,458,0,0,30,9977.750060987612
"{'type': 'Point', 'coordinates': [9.589515657975891, 10.173420592653581]}",234.30749027719963,633,0,0,30,11224.859700975281
"{'type': 'Point', 'coordinates': [4.109792424846811, 6.580159456175495]}",0.0,9,1,1,10,19024.55252941721
"{'type': 'Point', 'coordinates': [5.3674338226141405, 12.778534916600194]}",150.0,291,0,1,30,7264.44568343868
"{'type': 'Point', 'coordinates': [13.27260832286593, 10.487830942095414]}",308.86890422961005,491,0,0,40,10208.790060958927
"{'type': 'Point', 'coordinates': [7.523390504500992, 11.520893518832862]}",84.8528137423857,646,0,0,40,9962.05018617824
"{'type': 'Point', 'coordinates': [5.277602294202189, 10.98190434836115]}",60.0,298,0,0,40,11308.535742245764
"{'type': 'Point', 'coordinates': [11.520893518832862, 8.960694959092226]}",241.86773244895647,446,0,0,40,11239.44025936843
"{'type': 'Point', 'coordinates': [4.6038658311125475, 7.074232862441232]}",445.9820624195552,174,0,0,10,17531.43207569234
"{'type': 'Point', 'coordinates': [6.8047382772053755, 7.164064390853183]}",60.0,136,0,1,10,12277.074866305105
"{'type': 'Point', 'coordinates': [3.615719018581074, 8.91577919488625]}",174.92855684535903,418,0,1,20,11757.758346598846
"{'type': 'Point', 'coordinates': [8.062379674972705, 8.062379674972705]}",90.0,97,0,1,20,12307.947089828804
"{'type': 'Point', 'coordinates': [10.532746706301388, 8.960694959092226]}",150.0,157,0,0,40,10722.493812688746
"{'type': 'Point', 'coordinates': [8.825947666474299, 7.613222032912945]}",94.86832980505139,148,0,0,40,12194.213081251868
"{'type': 'Point', 'coordinates': [12.284461510334456, 10.308167885271509]}",192.09372712298546,496,0,0,20,10975.32518961775
"{'type': 'Point', 'coordinates': [12.104798453510552, 11.296314697802982]}",510.0,428,0,0,20,8800.803197662386
"{'type': 'Point', 'coordinates': [8.107295439178682, 11.296314697802982]}",150.0,625,0,0,40,9599.917556652515
"{'type': 'Point', 'coordinates': [13.092945266042026, 10.442915177889438]}",361.2478373637689,488,0,0,30,10709.118667699122
"{'type': 'Point', 'coordinates': [4.289455481670715, 7.119148626647208]}",371.0795063055894,174,0,1,10,16886.976967839524
"{'type': 'Point', 'coordinates': [7.568306268706968, 9.095442251710155]}",42.42640687119285,652,0,1,10,14606.68510176864
"{'type': 'Point', 'coordinates': [3.9301293680229064, 10.84715705574322]}",268.3281572999748,323,0,0,40,11709.067966053473
"{'type': 'Point', 'coordinates': [5.008107708966333, 9.769178714799796]}",240.0,241,0,0,20,12693.172582519946
"{'type': 'Point', 'coordinates': [8.197126967590634, 6.984401334029279]}",530.7541803886239,93,0,0,20,14186.584180164384
"{'type': 'Point', 'coordinates': [7.074232862441232, 9.409852601151988]}",150.0,475,0,1,40,14396.316820705702
"{'type': 'Point', 'coordinates': [9.275105308534059, 9.185273780122108]}",241.86773244895647,884,0,0,20,11159.961927827397
"{'type': 'Point', 'coordinates': [9.454768365357964, 6.894569805617327]}",67.0820393249937,196,0,1,20,21267.474677215585
"{'type': 'Point', 'coordinates': [13.631934436513738, 12.598871859776288]}",201.24611797498108,291,0,0,30,6311.451453371519
"{'type': 'Point', 'coordinates': [7.253895919265136, 4.91827618055438]}",134.1640786499874,21,0,1,10,24342.96245572483
"{'type': 'Point', 'coordinates': [5.322518058408165, 6.8047382772053755]}",540.8326913195983,93,0,0,10,17937.229847045615
"{'type': 'Point', 'coordinates': [7.298811683471112, 12.464124567158361]}",123.69316876852982,491,0,0,30,8405.494426387198
"{'type': 'Point', 'coordinates': [6.849654041411351, 11.79038810406872]}",234.30749027719963,576,0,0,40,9972.204955006266
"{'type': 'Point', 'coordinates': [10.128504828447605, 9.72426295059382]}",457.93012567421243,399,0,0,20,11037.794147530967
"{'type': 'Point', 'coordinates': [5.906422993085854, 9.364936836946011]}",30.0,101,0,0,40,10857.37675644661
"{'type': 'Point', 'coordinates': [5.681844172055973, 6.40049639935159]}",295.4657340538831,120,0,0,10,18701.049260995525
"{'type': 'Point', 'coordinates': [11.610725047244815, 9.769178714799796]}",90.0,660,0,1,20,9913.4021505063
"{'type': 'Point', 'coordinates': [6.939485569823304, 4.738613123730476]}",0.0,11,0,0,95,26620.46233431995
"{'type': 'Point', 'coordinates': [5.187770765790236, 11.700556575656767]}",189.73665961010278,436,0,1,20,9759.380973458798
"{'type': 'Point', 'coordinates': [11.116651640979079, 9.005610723298203]}",67.0820393249937,171,0,0,40,10467.782110303186
"{'type': 'Point', 'coordinates': [4.019960896434859, 7.298811683471112]}",458.91175622335066,176,0,1,10,14518.142695181072
"{'type': 'Point', 'coordinates': [9.49968412956394, 10.442915177889438]}",240.0,611,0,0,30,12186.953023554292
"{'type': 'Point', 'coordinates': [6.310664870939639, 12.0149669250986]}",228.47319317591726,394,0,0,40,9516.014046696837
"{'type': 'Point', 'coordinates': [11.026820112567126, 7.119148626647208]}",192.09372712298546,1379,0,0,30,23396.572853746708
"{'type': 'Point', 'coordinates': [10.442915177889438, 10.128504828447605]}",429.5346318982906,415,0,0,40,9655.048580112401
"{'type': 'Point', 'coordinates': [9.005610723298203, 10.577662470507365]}",379.47331922020555,884,0,0,40,13917.946282842371
"{'type': 'Point', 'coordinates': [4.693697359524499, 9.140358015916132]}",30.0,201,0,1,20,11611.835610648763
"{'type': 'Point', 'coordinates': [8.69120037385637, 10.442915177889438]}",258.0697580112788,811,0,0,40,13815.903190728277
"{'type': 'Point', 'coordinates': [3.9750451322288827, 11.655640811450791]}",90.0,183,0,0,40,9072.435337003706
"{'type': 'Point', 'coordinates': [9.49968412956394, 6.939485569823304]}",30.0,190,0,0,20,20422.659641801845
"{'type': 'Point', 'coordinates': [6.131001814115734, 6.17591757832171]}",349.85711369071805,144,0,0,10,18447.0091289524
"{'type': 'Point', 'coordinates': [7.613222032912945, 4.873360416348404]}",84.8528137423857,45,0,1,10,25656.05750900507
"{'type': 'Point', 'coordinates': [10.128504828447605, 7.119148626647208]}",127.27922061357854,268,0,1,20,22733.08700441604
"{'type': 'Point', 'coordinates': [10.083589064241629, 8.46662155282649]}",42.42640687119285,100,1,1,40,11332.44053736129
"{'type': 'Point', 'coordinates': [4.738613123730476, 7.343727447677088]}",379.47331922020555,257,0,1,10,16185.114112000912
"{'type': 'Point', 'coordinates': [7.074232862441232, 5.142855001584261]}",210.0,43,0,1,10,23768.41207538545
"{'type': 'Point', 'coordinates': [4.154708189052787, 8.736116138062346]}",296.98484809834997,347,0,1,20,11363.82144827715
"{'type': 'Point', 'coordinates': [2.8072352628735047, 7.253895919265136]}",240.0,78,0,1,40,11154.096467288968
"{'type': 'Point', 'coordinates': [13.04802950183605, 9.544599893769915]}",150.0,213,0,0,40,9500.937814868696
"{'type': 'Point', 'coordinates': [5.95133875729183, 8.017463910766729]}",201.24611797498108,393,0,1,10,14348.07059327059
"{'type': 'Point', 'coordinates': [10.577662470507365, 8.421705788620514]}",42.42640687119285,160,0,0,40,12293.136490287918
"{'type': 'Point', 'coordinates': [12.868366445012144, 10.308167885271509]}",445.9820624195552,486,0,0,40,11992.142163421631
"{'type': 'Point', 'coordinates': [10.802241291537246, 7.478474740295016]}",234.30749027719963,676,0,1,10,21342.926174239685
"{'type': 'Point', 'coordinates': [7.568306268706968, 5.3674338226141405]}",276.5863337187866,125,0,0,10,22722.24551529897
"{'type': 'Point', 'coordinates': [7.972548146560753, 6.984401334029279]}",442.944691807002,116,0,0,20,13707.49260826921
"{'type': 'Point', 'coordinates': [3.66063478278705, 6.580159456175495]}",0.0,4,1,1,10,17471.218994132683
"{'type': 'Point', 'coordinates': [3.4360559617571695, 6.6699909845874465]}",42.42640687119285,12,0,0,10,16303.3019416897
"{'type': 'Point', 'coordinates': [4.783528887936452, 10.802241291537246]}",30.0,204,0,0,20,10267.034001213951
"{'type': 'Point', 'coordinates': [11.520893518832862, 6.6699909845874465]}",123.69316876852982,1600,0,0,30,18173.41040135541
"{'type': 'Point', 'coordinates': [8.376790024414538, 7.43355897608904]}",216.33307652783935,113,0,1,20,12462.047246358648
"{'type': 'Point', 'coordinates': [6.086086049909758, 8.286958496002585]}",268.3281572999748,321,0,1,10,13418.932376584238
"{'type': 'Point', 'coordinates': [5.142855001584261, 6.580159456175495]}",384.1874542459709,16,0,1,10,19347.29470857419
"{'type': 'Point', 'coordinates': [11.341230462008959, 10.442915177889438]}",84.8528137423857,290,0,0,40,8924.153956097623
"{'type': 'Point', 'coordinates': [12.509040331364336, 9.859010243211747]}",283.0194339616981,372,0,0,20,10764.08327250956
"{'type': 'Point', 'coordinates': [11.251398933597006, 7.927632382354777]}",349.85711369071805,278,0,1,10,16744.972675556113
"{'type': 'Point', 'coordinates': [6.714906748793423, 7.253895919265136]}",0.0,43,0,0,20,13377.311449696484
"{'type': 'Point', 'coordinates': [6.265749106733662, 9.140358015916132]}",247.38633753705963,137,0,0,40,11223.015186087994
"{'type': 'Point', 'coordinates': [4.514034302700596, 7.7030535613248965]}",123.69316876852982,340,0,0,10,13653.038710206112
"{'type': 'Point', 'coordinates': [3.8852136038169305, 9.050526487504179]}",30.0,383,0,0,20,11316.020046796417
"{'type': 'Point', 'coordinates': [5.906422993085854, 10.353083649477485]}",349.85711369071805,254,0,0,40,11849.012543448784
"{'type': 'Point', 'coordinates': [7.074232862441232, 9.275105308534059]}",94.86832980505139,283,0,1,40,13985.337288904804
"{'type': 'Point', 'coordinates': [4.963191944760356, 11.296314697802982]}",152.97058540778355,260,0,0,20,11116.807208698405
"{'type': 'Point', 'coordinates': [10.353083649477485, 12.194629981922503]}",228.47319317591726,362,0,0,40,5873.1376910171175
"{'type': 'Point', 'coordinates': [10.802241291537246, 9.993757535829676]}",351.14099732158877,457,0,0,40,9978.87464560452
"{'type': 'Point', 'coordinates': [10.397999413683461, 7.792885089736849]}",192.09372712298546,160,0,1,20,15693.492020317979
"{'type': 'Point', 'coordinates': [7.43355897608904, 5.457265351026093]}",364.96575181789314,139,0,0,10,22746.175572585154
"{'type': 'Point', 'coordinates': [11.655640811450791, 10.353083649477485]}",120.0,312,0,0,40,9764.74908910062
"{'type': 'Point', 'coordinates': [8.646284609650394, 7.792885089736849]}",30.0,101,0,0,40,12100.160048202575
"{'type': 'Point', 'coordinates': [3.3013086691392415, 6.8047382772053755]}",169.7056274847714,16,0,0,10,16024.252173204499
"{'type': 'Point', 'coordinates': [9.230189544328082, 7.074232862441232]}",67.0820393249937,160,0,0,40,15422.130162672605
"{'type': 'Point', 'coordinates': [11.925135396686647, 11.161567405185055]}",403.6087214122113,412,0,0,40,8448.927077051296
"{'type': 'Point', 'coordinates': [8.152211203384658, 6.310664870939639]}",174.92855684535903,39,0,0,50,19329.818092640024
"{'type': 'Point', 'coordinates': [9.49968412956394, 8.69120037385637]}",42.42640687119285,157,0,0,40,11968.3346186352
"{'type': 'Point', 'coordinates': [3.570803254375098, 9.275105308534059]}",234.30749027719963,387,0,0,20,11599.957013906052
"{'type': 'Point', 'coordinates': [12.643787623982265, 13.27260832286593]}",150.0,307,0,0,40,4094.3986760078637
"{'type': 'Point', 'coordinates': [6.894569805617327, 5.906422993085854]}",120.0,63,0,1,10,19702.98283839872
"{'type': 'Point', 'coordinates': [11.79038810406872, 10.712409763125294]}",150.0,350,0,0,30,8937.705513420256
"{'type': 'Point', 'coordinates': [4.558950066906571, 6.714906748793423]}",256.3201123595259,83,0,1,10,19280.653964683435
"{'type': 'Point', 'coordinates': [5.906422993085854, 5.6369284078499975]}",108.16653826391968,16,0,1,10,23604.79490242066
"{'type': 'Point', 'coordinates': [4.109792424846811, 11.610725047244815]}",94.86832980505139,207,0,0,40,9295.190457767361
"{'type': 'Point', 'coordinates': [5.457265351026093, 10.667493998919317]}",174.92855684535903,327,0,0,40,11736.40859904232
"{'type': 'Point', 'coordinates': [8.601368845444417, 8.197126967590634]}",174.92855684535903,176,0,0,40,12904.420733520728
"{'type': 'Point', 'coordinates': [9.005610723298203, 9.140358015916132]}",152.97058540778355,1041,0,0,30,12240.236230394949
"{'type': 'Point', 'coordinates': [13.182776794453977, 10.98190434836115]}",480.93658625644196,389,0,0,30,9235.128537352557
"{'type': 'Point', 'coordinates': [8.421705788620514, 8.960694959092226]}",342.05262752974136,439,0,1,20,15926.597217494425
"{'type': 'Point', 'coordinates': [8.870863430680274, 7.343727447677088]}",174.92855684535903,154,0,1,40,12820.385236217466
"{'type': 'Point', 'coordinates': [13.94634478595557, 11.700556575656767]}",420.0,307,0,0,30,7470.797050363863
"{'type': 'Point', 'coordinates': [8.152211203384658, 5.816591464673902]}",84.8528137423857,62,0,1,10,22678.94350284821
"{'type': 'Point', 'coordinates': [10.442915177889438, 10.712409763125294]}",408.0441152620633,404,0,0,40,9110.783316065465
"{'type': 'Point', 'coordinates': [5.816591464673902, 6.17591757832171]}",192.09372712298546,68,0,1,10,20035.82278112136
"{'type': 'Point', 'coordinates': [6.310664870939639, 5.726759936261949]}",174.92855684535903,24,0,1,10,20560.0598075781
"{'type': 'Point', 'coordinates': [7.972548146560753, 7.253895919265136]}",417.85164831552356,209,0,0,20,12465.232040991308
"{'type': 'Point', 'coordinates': [6.041170285703782, 6.984401334029279]}",394.58839313897715,141,0,1,10,13871.134308023611
"{'type': 'Point', 'coordinates': [14.260755135397403, 11.970051160892623]}",436.80659335683106,295,0,0,30,7014.233565427124
"{'type': 'Point', 'coordinates': [5.996254521497805, 5.592012643644021]}",134.1640786499874,18,0,1,30,23966.036809371
"{'type': 'Point', 'coordinates': [11.610725047244815, 9.275105308534059]}",67.0820393249937,185,0,0,40,9192.353305783916
"{'type': 'Point', 'coordinates': [6.625075220381471, 6.265749106733662]}",60.0,166,0,0,10,17191.75695492167
"{'type': 'Point', 'coordinates': [7.65813779711892, 10.263252121065532]}",67.0820393249937,669,0,0,30,13411.008881548543
"{'type': 'Point', 'coordinates': [6.355580635145614, 10.892072819949197]}",417.85164831552356,452,0,0,20,12304.843993842285
"{'type': 'Point', 'coordinates': [5.996254521497805, 9.679347186387844]}",0.0,89,1,1,40,11467.744725498342
"{'type': 'Point', 'coordinates': [5.996254521497805, 6.6699909845874465]}",420.0,226,0,1,10,16790.579435875174
"{'type': 'Point', 'coordinates': [8.197126967590634, 7.478474740295016]}",240.0,156,0,0,20,12430.706598168312
"{'type': 'Point', 'coordinates': [7.164064390853183, 5.142855001584261]}",218.40329667841553,54,0,1,10,23748.724911527708
"{'type': 'Point', 'coordinates': [13.362439851277882, 13.631934436513738]}",192.09372712298546,281,0,0,30,3025.9017013750604
"{'type': 'Point', 'coordinates': [6.6699909845874465, 5.142855001584261]}",67.0820393249937,18,0,1,10,24912.031474642456
"{'type': 'Point', 'coordinates': [7.164064390853183, 6.131001814115734]}",234.30749027719963,63,0,0,10,19318.541500430554
"{'type': 'Point', 'coordinates': [5.502181115232069, 8.556453081238441]}",201.24611797498108,303,0,1,20,13043.57665253584
"{'type': 'Point', 'coordinates': [3.2114771407272893, 9.275105308534059]}",400.24992192379,391,0,0,20,11442.889345311174
"{'type': 'Point', 'coordinates': [6.310664870939639, 9.993757535829676]}",67.0820393249937,299,0,1,10,12223.378744925285
"{'type': 'Point', 'coordinates': [11.88021963248067, 9.275105308534059]}",134.1640786499874,263,0,1,40,9264.716139880868
"{'type': 'Point', 'coordinates': [6.625075220381471, 9.679347186387844]}",60.0,326,0,0,40,12364.932875036351
"{'type': 'Point', 'coordinates': [3.570803254375098, 9.364936836946011]}",276.5863337187866,363,0,0,20,11529.835485641554
"{'type': 'Point', 'coordinates': [7.7030535613248965, 6.849654041411351]}",301.4962686336267,203,0,0,10,14414.823129235652
"{'type': 'Point', 'coordinates': [5.502181115232069, 7.882716618148801]}",189.73665961010278,517,0,1,10,15049.232253911177
"{'type': 'Point', 'coordinates': [5.142855001584261, 7.164064390853183]}",540.8326913195983,331,0,1,10,16041.612174796406
"{'type': 'Point', 'coordinates': [12.598871859776288, 11.655640811450791]}",421.07006542854594,359,0,0,30,7826.12819804721
"{'type': 'Point', 'coordinates': [9.275105308534059, 10.802241291537246]}",424.26406871192853,590,0,1,40,12311.291033535028
"{'type': 'Point', 'coordinates': [9.140358015916132, 10.038673300035653]}",150.0,947,0,0,40,12604.830366082406
"{'type': 'Point', 'coordinates': [8.017463910766729, 4.828444652142428]}",94.86832980505139,48,0,1,10,27712.89907003194
"{'type': 'Point', 'coordinates': [9.49968412956394, 6.5352436919695185]}",247.38633753705963,374,0,1,10,24026.569963417223
"{'type': 'Point', 'coordinates': [6.6699909845874465, 12.194629981922503]}",42.42640687119285,463,0,0,40,10246.39199803393
"{'type': 'Point', 'coordinates': [11.386146226214935, 10.487830942095414]}",42.42640687119285,264,0,0,40,8732.238808419668
"{'type': 'Point', 'coordinates': [8.152211203384658, 6.131001814115734]}",94.86832980505139,50,0,0,40,20004.263126870617
"{'type': 'Point', 'coordinates': [11.251398933597006, 7.523390504500992]}",421.07006542854594,553,0,0,10,20460.029911243946
"{'type': 'Point', 'coordinates': [6.041170285703782, 10.75732552733127]}",510.0,426,0,0,40,12023.078234085973
"{'type': 'Point', 'coordinates': [8.331874260208561, 6.086086049909758]}",0.0,51,0,1,10,21257.35343702743
"{'type': 'Point', 'coordinates': [5.726759936261949, 5.861507228879877]}",42.42640687119285,12,0,0,50,22407.792219730094
"{'type': 'Point', 'coordinates': [10.712409763125294, 7.613222032912945]}",284.60498941515414,524,0,1,10,19488.96350672065
"{'type': 'Point', 'coordinates': [6.625075220381471, 7.613222032912945]}",60.0,86,0,0,20,12832.58509436762
"{'type': 'Point', 'coordinates': [10.038673300035653, 8.69120037385637]}",134.1640786499874,141,0,1,20,11306.678640158581
"{'type': 'Point', 'coordinates': [6.220833342527686, 4.4691185384946195]}",0.0,7,0,0,95,31210.525860100985
"{'type': 'Point', 'coordinates': [9.9488417716237, 7.65813779711892]}",60.0,192,0,0,40,14343.438382610851
"{'type': 'Point', 'coordinates': [8.062379674972705, 5.097939237378284]}",30.0,12,0,1,10,27326.757493123412
"{'type': 'Point', 'coordinates': [3.615719018581074, 9.814094479005773]}",531.6013544000805,310,0,1,20,13661.341765997146
"{'type': 'Point', 'coordinates': [5.008107708966333, 7.029317098235255]}",577.0615218501403,202,0,1,10,18441.38957713917
"{'type': 'Point', 'coordinates': [7.478474740295016, 5.053023473172308]}",182.48287590894657,64,0,1,10,23330.647952251136
"{'type': 'Point', 'coordinates': [4.828444652142428, 9.49968412956394]}",60.0,199,0,0,40,11789.744727833015
"{'type': 'Point', 'coordinates': [11.026820112567126, 10.128504828447605]}",276.5863337187866,436,0,0,40,9668.095014635473
"{'type': 'Point', 'coordinates': [4.064876660640834, 11.20648316939103]}",94.86832980505139,208,0,0,40,10810.329981083414
"{'type': 'Point', 'coordinates': [6.6699909845874465, 7.568306268706968]}",30.0,44,0,0,40,12676.056239077123
"{'type': 'Point', 'coordinates': [7.523390504500992, 8.062379674972705]}",0.0,53,1,1,30,12619.335322342416
"{'type': 'Point', 'coordinates': [4.693697359524499, 7.029317098235255]}",468.61498055439927,208,0,0,10,17949.087783789262
"{'type': 'Point', 'coordinates': [12.958197973424097, 9.903926007417724]}",361.2478373637689,453,0,1,30,10839.658699092528
"{'type': 'Point', 'coordinates': [10.263252121065532, 8.286958496002585]}",152.97058540778355,147,0,1,20,11821.565929004853
"{'type': 'Point', 'coordinates': [5.322518058408165, 5.996254521497805]}",30.0,18,0,0,10,24155.844106521457
"{'type': 'Point', 'coordinates': [6.580159456175495, 11.20648316939103]}",241.86773244895647,480,0,1,40,11169.836531267589
"{'type': 'Point', 'coordinates': [3.166561376521313, 9.454768365357964]}",523.9274758971894,407,0,1,20,11848.316299324346
"{'type': 'Point', 'coordinates': [6.445412163557567, 11.925135396686647]}",192.09372712298546,469,0,0,40,9863.360377556592
"{'type': 'Point', 'coordinates': [5.906422993085854, 12.509040331364336]}",123.69316876852982,345,0,1,40,7778.576536900984
"{'type': 'Point', 'coordinates': [3.5258874901691217, 9.544599893769915]}",391.15214431215895,367,0,0,20,12123.539910353953
"{'type': 'Point', 'coordinates': [7.119148626647208, 8.69120037385637]}",318.9043743820395,223,0,1,40,12594.68629448449
"{'type': 'Point', 'coordinates': [6.490327927763542, 8.825947666474299]}",127.27922061357854,123,0,1,40,11330.499029176528
"{'type': 'Point', 'coordinates': [4.558950066906571, 12.0149669250986]}",169.7056274847714,258,0,0,20,8337.192563211775
"{'type': 'Point', 'coordinates': [8.017463910766729, 10.622578234713341]}",189.73665961010278,650,0,0,40,12792.709148183527
"{'type': 'Point', 'coordinates': [3.031814083903385, 7.927632382354777]}",400.24992192379,201,0,1,10,12270.936017184184
"{'type': 'Point', 'coordinates': [9.634431422181867, 8.107295439178682]}",30.0,96,1,1,10,10189.791279512454
"{'type': 'Point', 'coordinates': [5.547096879438045, 6.939485569823304]}",630.7138812488591,125,0,1,10,16322.729638850316
"{'type': 'Point', 'coordinates': [6.984401334029279, 5.232686529996212]}",247.38633753705963,48,0,1,10,22249.243258786482
"{'type': 'Point', 'coordinates': [11.475977754626888, 11.116651640979079]}",271.66155414412253,297,0,0,30,8042.673572984917
"{'type': 'Point', 'coordinates': [4.828444652142428, 12.778534916600194]}",84.8528137423857,262,0,1,30,6581.077929192116
"{'type': 'Point', 'coordinates': [7.253895919265136, 6.490327927763542]}",241.86773244895647,218,0,1,10,16709.074393521878
"{'type': 'Point', 'coordinates': [11.700556575656767, 10.667493998919317]}",84.8528137423857,270,0,0,40,9553.143659397632
"{'type': 'Point', 'coordinates': [9.005610723298203, 6.265749106733662]}",364.96575181789314,166,0,1,10,25096.268171205047
"{'type': 'Point', 'coordinates': [6.131001814115734, 10.532746706301388]}",421.07006542854594,370,0,0,40,12155.9082463191
"{'type': 'Point', 'coordinates': [8.017463910766729, 10.308167885271509]}",161.55494421403512,657,0,1,20,13520.849394900622
"{'type': 'Point', 'coordinates': [9.589515657975891, 7.8378008539428246]}",150.0,157,0,1,40,12146.649214659992
"{'type': 'Point', 'coordinates': [5.906422993085854, 5.277602294202189]}",60.0,15,0,1,10,27215.950754160527
"{'type': 'Point', 'coordinates': [6.849654041411351, 7.747969325530873]}",60.0,87,0,1,10,12865.204091840737
"{'type': 'Point', 'coordinates': [6.490327927763542, 10.218336356859556]}",150.0,382,0,0,20,12797.016278706738
"{'type': 'Point', 'coordinates': [10.84715705574322, 10.442915177889438]}",394.58839313897715,414,0,0,40,9235.043549147973
"{'type': 'Point', 'coordinates': [4.693697359524499, 10.397999413683461]}",30.0,149,0,0,40,13204.664491339801
"{'type': 'Point', 'coordinates': [3.840297839610954, 9.814094479005773]}",456.9463863518345,287,0,1,20,12786.723722627343
"{'type': 'Point', 'coordinates': [12.284461510334456, 9.589515657975891]}",60.0,277,0,0,20,9169.731047613266
"{'type': 'Point', 'coordinates': [8.870863430680274, 8.017463910766729]}",127.27922061357854,143,0,0,20,12411.362079561542
"{'type': 'Point', 'coordinates': [3.4360559617571695, 8.107295439178682]}",201.24611797498108,334,0,1,20,12315.872945194664
"{'type': 'Point', 'coordinates': [9.185273780122108, 7.343727447677088]}",30.0,124,0,0,40,13709.821324146027
"{'type': 'Point', 'coordinates': [5.412349586820117, 5.232686529996212]}",30.0,10,0,0,95,33719.16670690733
"{'type': 'Point', 'coordinates': [6.086086049909758, 7.7030535613248965]}",150.0,419,0,1,10,13772.524171728475
"{'type': 'Point', 'coordinates': [7.029317098235255, 11.431061990420911]}",30.0,678,0,0,40,10075.813952247192
"{'type': 'Point', 'coordinates': [10.308167885271509, 7.927632382354777]}",152.97058540778355,171,0,1,20,13690.985222613865
"{'type': 'Point', 'coordinates': [11.700556575656767, 8.286958496002585]}",602.9925372672534,679,0,0,10,15849.216517962264
"{'type': 'Point', 'coordinates': [4.244539717464739, 8.556453081238441]}",228.47319317591726,326,0,1,20,11945.39681990329
"{'type': 'Point', 'coordinates': [3.9750451322288827, 8.242042731796609]}",123.69316876852982,349,0,1,10,12404.740458495904
"{'type': 'Point', 'coordinates': [6.220833342527686, 11.026820112567126]}",483.73546489791295,469,0,0,20,12311.917770646245
"{'type': 'Point', 'coordinates': [7.882716618148801, 9.9488417716237]}",94.86832980505139,797,0,1,20,13983.71148779695
"{'type': 'Point', 'coordinates': [11.341230462008959, 9.72426295059382]}",67.0820393249937,505,0,0,20,10223.338938234609
"{'type': 'Point', 'coordinates': [3.256392904933265, 8.870863430680274]}",134.1640786499874,387,0,0,20,12161.15581121511
"{'type': 'Point', 'coordinates': [11.655640811450791, 10.936988584155173]}",174.92855684535903,288,0,0,40,8335.606027518323
"{'type': 'Point', 'coordinates': [9.859010243211747, 8.601368845444417]}",108.16653826391968,154,0,0,40,11177.379767807928
"{'type': 'Point', 'coordinates': [11.79038810406872, 11.071735876773102]}",300.0,371,0,0,40,8220.205046776526
"{'type': 'Point', 'coordinates': [8.870863430680274, 9.634431422181867]}",0.0,1277,0,0,40,12578.547940696531
"{'type': 'Point', 'coordinates': [8.286958496002585, 6.625075220381471]}",313.20919526731655,60,0,0,40,17085.274076571746
"{'type': 'Point', 'coordinates': [3.3911401975511937, 8.511537317032467]}",123.69316876852982,347,0,0,20,11379.423453148305
"{'type': 'Point', 'coordinates': [12.509040331364336, 10.173420592653581]}",361.2478373637689,498,0,1,30,11557.597968587415
"{'type': 'Point', 'coordinates': [12.688703388188241, 10.892072819949197]}",457.93012567421243,459,0,0,30,10005.73130450252
"{'type': 'Point', 'coordinates': [4.828444652142428, 11.565809283038838]}",283.0194339616981,309,0,0,20,10261.891926328695
"{'type': 'Point', 'coordinates': [3.840297839610954, 6.939485569823304]}",210.0,59,0,1,10,15830.435518624494
"{'type': 'Point', 'coordinates': [6.310664870939639, 7.253895919265136]}",240.0,368,0,0,10,13156.545483849244
"{'type': 'Point', 'coordinates': [11.655640811450791, 7.20898015505916]}",366.1966684720111,626,0,0,10,19858.56819823348
"{'type': 'Point', 'coordinates': [7.119148626647208, 9.454768365357964]}",150.0,489,0,0,40,14481.776158115485
"{'type': 'Point', 'coordinates': [10.712409763125294, 9.9488417716237]}",400.24992192379,309,0,0,20,9273.859842507401
"{'type': 'Point', 'coordinates': [5.7716757004679256, 10.442915177889438]}",271.66155414412253,330,0,0,40,12165.087308100403
"{'type': 'Point', 'coordinates': [10.622578234713341, 8.781031902268323]}",67.0820393249937,125,0,1,20,11394.717062563352
"{'type': 'Point', 'coordinates': [3.840297839610954, 10.263252121065532]}",234.30749027719963,287,0,0,20,12554.272052080321
"{'type': 'Point', 'coordinates': [12.329377274540432, 9.050526487504179]}",189.73665961010278,341,0,1,20,10677.233842796471
"{'type': 'Point', 'coordinates': [11.610725047244815, 8.286958496002585]}",543.3231082882451,672,0,1,10,16136.85723534715
"{'type': 'Point', 'coordinates': [6.355580635145614, 5.816591464673902]}",180.0,27,0,1,10,22291.532830831595
"{'type': 'Point', 'coordinates': [5.6369284078499975, 8.646284609650394]}",108.16653826391968,167,0,0,10,12482.170718814734
"{'type': 'Point', 'coordinates': [6.984401334029279, 12.284461510334456]}",256.3201123595259,442,0,0,40,8577.418902126134
"{'type': 'Point', 'coordinates': [7.747969325530873, 11.026820112567126]}",67.0820393249937,625,0,1,40,10336.003255298332
"{'type': 'Point', 'coordinates': [10.892072819949197, 10.892072819949197]}",432.6661530556787,416,0,0,40,9175.037906953981
"{'type': 'Point', 'coordinates': [9.769178714799796, 7.388643211883064]}",254.5584412271571,222,0,0,40,15827.118779434331
"{'type': 'Point', 'coordinates': [6.310664870939639, 8.107295439178682]}",150.0,401,0,1,10,13203.463030785066
"{'type': 'Point', 'coordinates': [9.589515657975891, 6.984401334029279]}",30.0,229,0,0,10,20294.899407921126
"{'type': 'Point', 'coordinates': [6.939485569823304, 5.097939237378284]}",152.97058540778355,42,0,1,10,23985.581922635436
"{'type': 'Point', 'coordinates': [9.409852601151988, 7.792885089736849]}",123.69316876852982,136,0,0,40,12426.039956470686
"{'type': 'Point', 'coordinates': [11.161567405185055, 7.613222032912945]}",457.93012567421243,350,0,1,10,19815.29470933728
"{'type': 'Point', 'coordinates': [8.421705788620514, 8.69120037385637]}",228.47319317591726,166,0,1,40,14632.677646982682
"{'type': 'Point', 'coordinates': [7.7030535613248965, 5.322518058408165]}",182.48287590894657,104,0,0,10,24406.62520229593
"{'type': 'Point', 'coordinates': [12.553956095570312, 8.69120037385637]}",192.09372712298546,1134,0,0,10,14076.868054060935
"{'type': 'Point', 'coordinates': [10.487830942095414, 12.194629981922503]}",276.5863337187866,362,0,0,40,5681.63719607421
"{'type': 'Point', 'coordinates': [5.547096879438045, 11.565809283038838]}",201.24611797498108,389,0,0,40,10186.509420650476
"{'type': 'Point', 'coordinates': [6.714906748793423, 8.960694959092226]}",189.73665961010278,178,0,0,40,12333.287131199279
"{'type': 'Point', 'coordinates': [7.43355897608904, 11.20648316939103]}",94.86832980505139,670,0,0,40,10141.563404093069
"{'type': 'Point', 'coordinates': [5.816591464673902, 10.353083649477485]}",301.4962686336267,269,0,0,40,12107.058238117459
"{'type': 'Point', 'coordinates': [7.20898015505916, 10.667493998919317]}",134.1640786499874,593,0,1,20,11705.78894793248
"{'type': 'Point', 'coordinates': [8.152211203384658, 9.454768365357964]}",150.0,664,0,0,20,15923.562719823103
"{'type': 'Point', 'coordinates': [6.8047382772053755, 10.98190434836115]}",127.27922061357854,592,0,0,20,10906.357058933017
"{'type': 'Point', 'coordinates': [8.107295439178682, 6.984401334029279]}",492.0365840057018,77,0,0,20,14009.59989810898
"{'type': 'Point', 'coordinates': [6.265749106733662, 12.464124567158361]}",30.0,357,0,0,30,8367.173353778266
"{'type': 'Point', 'coordinates': [9.005610723298203, 10.308167885271509]}",271.66155414412253,879,0,0,40,13153.968867544085
"{'type': 'Point', 'coordinates': [6.265749106733662, 7.882716618148801]}",123.69316876852982,414,0,0,20,13228.154680766176
"{'type': 'Point', 'coordinates': [10.98190434836115, 6.984401334029279]}",161.55494421403512,1247,0,1,10,21425.28640998737
"{'type': 'Point', 'coordinates': [6.759822512999399, 6.355580635145614]}",30.0,26,0,1,40,16769.9893040983
"{'type': 'Point', 'coordinates': [9.544599893769915, 9.72426295059382]}",379.47331922020555,680,0,0,30,11221.818611583622
"{'type': 'Point', 'coordinates': [3.3013086691392415, 9.140358015916132]}",301.4962686336267,408,0,0,20,11714.023672521693
"{'type': 'Point', 'coordinates': [8.46662155282649, 7.523390504500992]}",134.1640786499874,124,0,0,20,12164.59238517096
"{'type': 'Point', 'coordinates': [11.88021963248067, 12.958197973424097]}",400.24992192379,324,0,1,40,4675.265732223717
"{'type': 'Point', 'coordinates': [9.364936836946011, 8.46662155282649]}",161.55494421403512,130,0,0,40,12039.15375470322
"{'type': 'Point', 'coordinates': [5.726759936261949, 6.849654041411351]}",589.406481131655,119,0,1,10,16063.823605718091
"{'type': 'Point', 'coordinates': [11.565809283038838, 8.46662155282649]}",530.7541803886239,374,0,1,10,15152.280392054423
"{'type': 'Point', 'coordinates': [5.906422993085854, 8.601368845444417]}",90.0,118,0,1,40,12201.614909314752
"{'type': 'Point', 'coordinates': [5.187770765790236, 7.298811683471112]}",450.0,371,0,1,10,13932.995959772787
"{'type': 'Point', 'coordinates': [4.648781595318524, 11.610725047244815]}",313.20919526731655,223,0,0,30,9684.255112910836
"{'type': 'Point', 'coordinates': [7.972548146560753, 11.161567405185055]}",90.0,670,0,0,40,9423.604522763662
"{'type': 'Point', 'coordinates': [4.783528887936452, 10.487830942095414]}",90.0,202,0,0,40,11227.492877886943
"{'type': 'Point', 'coordinates': [6.759822512999399, 11.071735876773102]}",123.69316876852982,535,0,1,20,11206.248821247966
"{'type': 'Point', 'coordinates': [6.714906748793423, 10.622578234713341]}",323.10988842807024,522,0,1,20,12445.41229068255
"{'type': 'Point', 'coordinates': [5.996254521497805, 4.738613123730476]}",30.0,16,0,1,10,30868.645437211635
"{'type': 'Point', 'coordinates': [4.648781595318524, 7.972548146560753]}",67.0820393249937,369,0,1,10,14673.159441201016
"{'type': 'Point', 'coordinates': [7.882716618148801, 9.49968412956394]}",67.0820393249937,700,0,1,40,15954.6237057605
"{'type': 'Point', 'coordinates': [11.296314697802982, 9.72426295059382]}",60.0,549,0,0,20,10564.674382073952
"{'type': 'Point', 'coordinates': [4.154708189052787, 8.017463910766729]}",94.86832980505139,310,0,1,50,12980.953719081532
"{'type': 'Point', 'coordinates': [3.750466311199002, 11.79038810406872]}",94.86832980505139,218,0,0,40,9019.986291148565
"{'type': 'Point', 'coordinates': [5.097939237378284, 8.242042731796609]}",189.73665961010278,572,0,1,10,13849.138459439473
"{'type': 'Point', 'coordinates': [13.631934436513738, 11.610725047244815]}",218.40329667841553,317,0,0,30,8172.996035010823
"{'type': 'Point', 'coordinates': [7.478474740295016, 6.131001814115734]}",216.33307652783935,286,0,0,10,20055.33728652401
"{'type': 'Point', 'coordinates': [6.5352436919695185, 5.906422993085854]}",67.0820393249937,27,0,1,10,20675.987623482943
"{'type': 'Point', 'coordinates': [3.121645612315337, 8.825947666474299]}",174.92855684535903,330,0,0,20,12206.50277013424
"{'type': 'Point', 'coordinates': [7.43355897608904, 6.5352436919695185]}",174.92855684535903,393,0,1,10,18092.648306200397
"{'type': 'Point', 'coordinates': [9.9488417716237, 10.353083649477485]}",67.0820393249937,534,0,0,40,10644.484829627632
"{'type': 'Point', 'coordinates': [7.388643211883064, 9.050526487504179]}",30.0,440,0,1,50,13806.774123525043
"{'type': 'Point', 'coordinates': [9.275105308534059, 6.6699909845874465]}",254.5584412271571,272,0,0,10,18485.477322422426
"{'type': 'Point', 'coordinates': [11.161567405185055, 9.993757535829676]}",150.0,435,0,0,40,9785.888305809349
"{'type': 'Point', 'coordinates': [4.109792424846811, 8.197126967590634]}",60.0,387,0,0,20,12246.678697781004
"{'type': 'Point', 'coordinates': [9.005610723298203, 7.029317098235255]}",201.24611797498108,183,0,0,40,15301.686693124007
"{'type': 'Point', 'coordinates': [6.220833342527686, 6.40049639935159]}",300.0,155,0,1,10,17858.076344614034
"{'type': 'Point', 'coordinates': [11.970051160892623, 11.655640811450791]}",697.7822009767805,411,0,0,40,7973.19874083994
"{'type': 'Point', 'coordinates': [4.334371245876691, 6.490327927763542]}",90.0,22,0,1,10,19161.593039304018
"{'type': 'Point', 'coordinates': [12.643787623982265, 9.230189544328082]}",42.42640687119285,202,0,0,40,9572.050309520879
"{'type': 'Point', 'coordinates': [7.478474740295016, 8.870863430680274]}",123.69316876852982,515,0,1,40,13273.34035729275
"{'type': 'Point', 'coordinates': [9.634431422181867, 10.397999413683461]}",150.0,600,0,0,30,11501.754777264941
"{'type': 'Point', 'coordinates': [7.074232862441232, 10.083589064241629]}",42.42640687119285,421,0,1,20,13607.859270578716
"{'type': 'Point', 'coordinates': [5.412349586820117, 8.152211203384658]}",120.0,363,0,1,20,13775.847469062079
"{'type': 'Point', 'coordinates': [4.693697359524499, 7.747969325530873]}",127.27922061357854,353,0,1,10,14794.204305215633
"{'type': 'Point', 'coordinates': [8.107295439178682, 5.008107708966333]}",0.0,12,0,0,10,27502.91192369908
"{'type': 'Point', 'coordinates': [8.601368845444417, 9.859010243211747]}",84.8528137423857,879,0,0,20,12905.205086084581
"{'type': 'Point', 'coordinates': [12.509040331364336, 8.825947666474299]}",283.0194339616981,386,0,0,20,12831.97078931192
"{'type': 'Point', 'coordinates': [11.565809283038838, 11.79038810406872]}",602.9925372672534,391,0,0,40,7971.112991553678
"{'type': 'Point', 'coordinates': [3.121645612315337, 7.927632382354777]}",391.15214431215895,205,0,1,10,12370.523778745628
"{'type': 'Point', 'coordinates': [13.587018672307762, 13.631934436513738]}",120.0,279,0,1,90,2858.325100866715
"{'type': 'Point', 'coordinates': [13.407355615483858, 13.631934436513738]}",169.7056274847714,280,0,1,30,2936.1200680001784
"{'type': 'Point', 'coordinates': [13.04802950183605, 10.397999413683461]}",366.1966684720111,508,0,0,40,10864.08065069621
"{'type': 'Point', 'coordinates': [11.925135396686647, 10.083589064241629]}",212.13203435596427,245,0,0,40,9798.415016086074
"{'type': 'Point', 'coordinates': [12.958197973424097, 10.353083649477485]}",402.49223594996215,516,0,0,40,11406.22509803898
"{'type': 'Point', 'coordinates': [5.592012643644021, 6.17591757832171]}",134.1640786499874,35,0,1,10,22027.103874590248
"{'type': 'Point', 'coordinates': [11.251398933597006, 10.128504828447605]}",192.09372712298546,427,0,0,40,9128.919334413775
"{'type': 'Point', 'coordinates': [6.086086049909758, 7.343727447677088]}",283.0194339616981,388,0,1,10,14553.893865167804
"{'type': 'Point', 'coordinates': [4.109792424846811, 8.107295439178682]}",67.0820393249937,321,0,0,20,12040.466740236872
"{'type': 'Point', 'coordinates': [7.478474740295016, 11.520893518832862]}",67.0820393249937,644,0,1,40,9873.988095090492
"{'type': 'Point', 'coordinates': [9.320021072740035, 8.46662155282649]}",189.73665961010278,120,0,1,40,12292.15817591019
"{'type': 'Point', 'coordinates': [6.445412163557567, 9.769178714799796]}",60.0,269,0,0,40,12007.688412454469
"{'type': 'Point', 'coordinates': [12.059882689304576, 11.520893518832862]}",648.9992295835182,427,0,0,40,8457.205105826943
"{'type': 'Point', 'coordinates': [6.894569805617327, 10.577662470507365]}",241.86773244895647,597,0,1,20,12159.47962667013
"{'type': 'Point', 'coordinates': [7.8378008539428246, 7.478474740295016]}",323.10988842807024,243,0,1,10,13245.23217279464
"{'type': 'Point', 'coordinates': [11.296314697802982, 10.802241291537246]}",161.55494421403512,422,0,0,40,8504.432798406815
"{'type': 'Point', 'coordinates': [5.053023473172308, 6.625075220381471]}",375.89892258425004,23,0,1,10,19059.03807117045
"{'type': 'Point', 'coordinates': [4.334371245876691, 9.993757535829676]}",108.16653826391968,210,0,0,20,12464.351389435062
"{'type': 'Point', 'coordinates': [4.064876660640834, 7.029317098235255]}",295.4657340538831,98,0,1,10,16323.444760531012
"{'type': 'Point', 'coordinates': [6.8047382772053755, 4.783528887936452]}",30.0,8,0,1,95,25682.25846991688
"{'type': 'Point', 'coordinates': [8.331874260208561, 11.655640811450791]}",67.0820393249937,482,0,0,40,9701.2662904206
"{'type': 'Point', 'coordinates': [3.3462244333452174, 7.7030535613248965]}",268.3281572999748,180,0,1,20,11685.857682641477
"{'type': 'Point', 'coordinates': [7.927632382354777, 6.17591757832171]}",201.24611797498108,49,0,0,10,18692.870597071946
"{'type': 'Point', 'coordinates': [10.532746706301388, 12.509040331364336]}",174.92855684535903,350,1,1,40,5140.378376764581
"{'type': 'Point', 'coordinates': [5.187770765790236, 6.40049639935159]}",295.4657340538831,57,0,0,10,20465.829014101997
"{'type': 'Point', 'coordinates': [7.43355897608904, 10.802241291537246]}",90.0,665,0,1,30,11413.59199890284
"{'type': 'Point', 'coordinates': [13.137861030248002, 10.892072819949197]}",543.3231082882451,423,0,0,20,9877.363686352763
"{'type': 'Point', 'coordinates': [6.086086049909758, 5.457265351026093]}",161.55494421403512,17,0,1,10,24155.25095182786
"{'type': 'Point', 'coordinates': [5.906422993085854, 4.783528887936452]}",60.0,19,0,1,10,31051.578845548385
"{'type': 'Point', 'coordinates': [10.622578234713341, 7.972548146560753]}",192.09372712298546,199,0,1,20,14639.684069451365
"{'type': 'Point', 'coordinates': [7.568306268706968, 5.906422993085854]}",271.66155414412253,61,0,0,40,19448.59259933338
"{'type': 'Point', 'coordinates': [11.475977754626888, 7.792885089736849]}",524.785670536077,267,0,1,10,18885.949676924014
"{'type': 'Point', 'coordinates': [7.298811683471112, 10.308167885271509]}",42.42640687119285,633,0,0,20,12860.247314073371
"{'type': 'Point', 'coordinates': [10.353083649477485, 8.197126967590634]}",169.7056274847714,174,0,0,40,13014.792343750274
"{'type': 'Point', 'coordinates': [4.963191944760356, 8.286958496002585]}",161.55494421403512,440,0,1,20,14755.158212011069
"{'type': 'Point', 'coordinates': [10.397999413683461, 10.667493998919317]}",390.0,414,0,0,20,9330.62364263133
"{'type': 'Point', 'coordinates': [8.107295439178682, 6.894569805617327]}",445.9820624195552,84,0,0,20,15205.561868076258
"{'type': 'Point', 'coordinates': [10.308167885271509, 7.43355897608904]}",30.0,193,0,0,40,19028.288320641303
"{'type': 'Point', 'coordinates': [6.5352436919695185, 11.610725047244815]}",361.2478373637689,561,0,0,40,10434.565800345383
"{'type': 'Point', 'coordinates': [11.116651640979079, 7.972548146560753]}",258.0697580112788,236,0,1,40,16096.082844350025
"{'type': 'Point', 'coordinates': [10.98190434836115, 6.894569805617327]}",150.0,1406,0,1,30,21071.06049112878
"{'type': 'Point', 'coordinates': [5.6369284078499975, 6.310664870939639]}",228.47319317591726,73,0,0,50,18327.260696798097
"{'type': 'Point', 'coordinates': [10.038673300035653, 10.083589064241629]}",241.86773244895647,497,0,0,40,10253.0931049207
"{'type': 'Point', 'coordinates': [4.109792424846811, 9.679347186387844]}",300.0,288,0,1,40,12722.82287900601
"{'type': 'Point', 'coordinates': [5.816591464673902, 5.457265351026093]}",30.0,11,0,1,10,24943.543515984813
"{'type': 'Point', 'coordinates': [7.747969325530873, 5.142855001584261]}",152.97058540778355,94,0,1,10,23823.543965566903
"{'type': 'Point', 'coordinates': [3.3462244333452174, 6.625075220381471]}",67.0820393249937,39,0,0,50,14856.499095726904
"{'type': 'Point', 'coordinates': [8.46662155282649, 11.475977754626888]}",0.0,515,0,0,40,9887.509327282794
"{'type': 'Point', 'coordinates': [7.074232862441232, 4.648781595318524]}",30.0,5,0,0,95,30124.495118372142
"{'type': 'Point', 'coordinates': [2.9419825554914327, 6.714906748793423]}",189.73665961010278,50,0,1,10,14351.501737116138
"{'type': 'Point', 'coordinates': [3.5258874901691217, 9.814094479005773]}",551.5432893255071,340,0,0,20,13391.768277783995
"{'type': 'Point', 'coordinates': [10.577662470507365, 8.242042731796609]}",94.86832980505139,153,0,0,40,13378.159983590434
"{'type': 'Point', 'coordinates': [4.334371245876691, 11.026820112567126]}",90.0,205,0,0,40,10974.839553408754
"{'type': 'Point', 'coordinates': [10.936988584155173, 8.91577919488625]}",30.0,119,1,1,40,10462.162242992747
"{'type': 'Point', 'coordinates': [5.053023473172308, 7.568306268706968]}",284.60498941515414,406,0,1,10,15511.482429487369
"{'type': 'Point', 'coordinates': [9.544599893769915, 7.20898015505916]}",94.86832980505139,185,0,0,40,15374.057870296761
"{'type': 'Point', 'coordinates': [7.029317098235255, 11.071735876773102]}",42.42640687119285,659,0,0,40,10657.559908456198
"{'type': 'Point', 'coordinates': [6.220833342527686, 4.648781595318524]}",0.0,14,0,1,10,31035.24383045733
"{'type': 'Point', 'coordinates': [10.84715705574322, 10.487830942095414]}",391.15214431215895,402,0,0,40,9079.278758571803
"{'type': 'Point', 'coordinates': [3.0767298481093612, 7.253895919265136]}",84.8528137423857,159,0,1,20,11897.631365883499
"{'type': 'Point', 'coordinates': [8.960694959092226, 10.397999413683461]}",330.0,1229,0,1,20,13877.667043505237
"{'type': 'Point', 'coordinates': [6.984401334029279, 6.220833342527686]}",108.16653826391968,150,0,1,10,15812.963717999868
"{'type': 'Point', 'coordinates': [6.445412163557567, 10.218336356859556]}",169.7056274847714,354,0,0,30,12418.075263114855
"{'type': 'Point', 'coordinates': [5.142855001584261, 6.6699909845874465]}",432.6661530556787,45,0,0,10,18493.082606937736
"{'type': 'Point', 'coordinates': [11.925135396686647, 9.859010243211747]}",67.0820393249937,225,0,0,40,9060.475055932184
"{'type': 'Point', 'coordinates': [9.454768365357964, 8.91577919488625]}",67.0820393249937,224,0,0,40,11966.061769239503
"{'type': 'Point', 'coordinates': [6.310664870939639, 10.353083649477485]}",295.4657340538831,358,0,0,40,12084.167820717113
"{'type': 'Point', 'coordinates': [4.963191944760356, 6.355580635145614]}",192.09372712298546,22,0,1,30,20958.18796155043
"{'type': 'Point', 'coordinates': [5.906422993085854, 6.445412163557567]}",375.89892258425004,155,0,1,10,17781.29707524553
"{'type': 'Point', 'coordinates': [4.244539717464739, 9.320021072740035]}",240.0,289,0,0,20,11251.638617822315
"{'type': 'Point', 'coordinates': [11.655640811450791, 11.835303868274694]}",666.1080993352356,395,0,0,40,7537.750566001402
"{'type': 'Point', 'coordinates': [9.275105308534059, 9.230189544328082]}",228.47319317591726,924,0,0,20,10867.476681888087
"{'type': 'Point', 'coordinates': [9.859010243211747, 7.613222032912945]}",123.69316876852982,203,0,0,40,14572.321984366368
"{'type': 'Point', 'coordinates': [5.6369284078499975, 5.322518058408165]}",0.0,8,0,0,95,30543.90269108268
"{'type': 'Point', 'coordinates': [5.457265351026093, 6.041170285703782]}",30.0,17,0,1,10,23788.040489513427
"{'type': 'Point', 'coordinates': [9.005610723298203, 9.095442251710155]}",182.48287590894657,968,0,1,20,12774.465869214891
"{'type': 'Point', 'coordinates': [5.906422993085854, 12.059882689304576]}",342.05262752974136,351,0,0,40,9270.474553371292
"{'type': 'Point', 'coordinates': [9.634431422181867, 6.984401334029279]}",60.0,233,0,0,20,21199.080018315057
"{'type': 'Point', 'coordinates': [14.036176314367523, 12.509040331364336]}",161.55494421403512,285,0,0,30,6319.698988616883
"{'type': 'Point', 'coordinates': [5.053023473172308, 6.40049639935159]}",254.5584412271571,30,0,1,10,20166.117162210867
"{'type': 'Point', 'coordinates': [6.086086049909758, 7.388643211883064]}",258.0697580112788,349,0,0,20,13963.21227708843
"{'type': 'Point', 'coordinates': [13.991260550161547, 11.610725047244815]}",453.9823785126467,304,0,0,30,7731.137381003209
"{'type': 'Point', 'coordinates': [10.667493998919317, 7.927632382354777]}",201.24611797498108,213,0,0,40,15551.956642531024
"{'type': 'Point', 'coordinates': [8.91577919488625, 10.802241291537246]}",301.4962686336267,716,0,1,20,13213.389626964869
"{'type': 'Point', 'coordinates': [5.187770765790236, 8.91577919488625]}",84.8528137423857,154,0,0,40,10687.752926699795
"{'type': 'Point', 'coordinates': [5.726759936261949, 10.802241291537246]}",349.85711369071805,409,0,0,40,11983.675100477289
"{'type': 'Point', 'coordinates': [10.802241291537246, 8.107295439178682]}",60.0,152,0,1,40,14343.385660984202
"{'type': 'Point', 'coordinates': [5.322518058408165, 10.442915177889438]}",0.0,300,0,0,40,11988.55859137702
"{'type': 'Point', 'coordinates': [11.341230462008959, 13.317524087071906]}",764.8529270389178,338,0,0,30,3972.911064771052
"{'type': 'Point', 'coordinates': [8.421705788620514, 5.3674338226141405]}",216.33307652783935,157,0,1,10,28840.64540053904
"{'type': 'Point', 'coordinates': [5.6369284078499975, 11.700556575656767]}",300.0,386,0,0,40,9709.657220591918
"{'type': 'Point', 'coordinates': [5.681844172055973, 7.164064390853183]}",553.1726674375732,277,0,1,10,14048.335455395281
"{'type': 'Point', 'coordinates': [9.005610723298203, 9.589515657975891]}",30.0,1219,0,0,30,12106.620554343175
"{'type': 'Point', 'coordinates': [8.601368845444417, 6.759822512999399]}",400.24992192379,69,0,1,20,16593.633035742154
"{'type': 'Point', 'coordinates': [4.019960896434859, 6.445412163557567]}",0.0,9,0,1,10,17373.6235947361
"{'type': 'Point', 'coordinates': [11.431061990420911, 7.43355897608904]}",390.0,394,0,1,10,20538.372335074833
"{'type': 'Point', 'coordinates': [11.071735876773102, 9.634431422181867]}",192.09372712298546,352,0,0,40,10066.180343588316
"{'type': 'Point', 'coordinates': [6.310664870939639, 11.520893518832862]}",456.9463863518345,454,0,0,40,10381.45339434034
"{'type': 'Point', 'coordinates': [9.364936836946011, 10.487830942095414]}",331.36083051561786,640,0,1,20,12634.613291863381
"{'type': 'Point', 'coordinates': [10.712409763125294, 10.487830942095414]}",480.93658625644196,418,0,1,40,9181.283535107827
"{'type': 'Point', 'coordinates': [7.074232862441232, 7.074232862441232]}",240.0,65,0,0,10,12918.637152776093
"{'type': 'Point', 'coordinates': [2.9419825554914327, 8.286958496002585]}",379.47331922020555,296,0,1,20,13396.095500947353
"{'type': 'Point', 'coordinates': [9.49968412956394, 9.993757535829676]}",361.2478373637689,715,0,1,20,12485.88373244126
"{'type': 'Point', 'coordinates': [7.8378008539428246, 9.409852601151988]}",42.42640687119285,608,0,1,20,15786.387168615604
"{'type': 'Point', 'coordinates': [9.814094479005773, 8.556453081238441]}",67.0820393249937,147,0,0,40,11248.497555652937
"{'type': 'Point', 'coordinates': [6.984401334029279, 5.6369284078499975]}",134.1640786499874,109,0,1,10,22737.26632619842
"{'type': 'Point', 'coordinates': [6.8047382772053755, 8.781031902268323]}",268.3281572999748,98,0,1,40,12320.583704240411
"{'type': 'Point', 'coordinates': [8.46662155282649, 9.9488417716237]}",30.0,783,0,1,40,12315.343869271532
"{'type': 'Point', 'coordinates': [7.20898015505916, 6.086086049909758]}",276.5863337187866,86,0,1,10,20008.53959263442
"{'type': 'Point', 'coordinates': [13.137861030248002, 12.329377274540432]}",424.26406871192853,303,0,0,30,6526.712607395353
"{'type': 'Point', 'coordinates': [8.781031902268323, 6.086086049909758]}",212.13203435596427,87,0,1,10,25200.551322275773
"{'type': 'Point', 'coordinates': [6.310664870939639, 11.161567405185055]}",421.07006542854594,470,0,0,20,11681.490986399443
"{'type': 'Point', 'coordinates': [11.475977754626888, 7.927632382354777]}",484.6648326421053,310,0,0,10,16537.059089832946
"{'type': 'Point', 'coordinates': [7.523390504500992, 10.98190434836115]}",108.16653826391968,642,0,1,40,10734.223250052688
"{'type': 'Point', 'coordinates': [4.91827618055438, 7.029317098235255]}",550.7267925205746,220,0,1,10,17812.023357901722
"{'type': 'Point', 'coordinates': [7.478474740295016, 6.086086049909758]}",241.86773244895647,244,0,0,10,20336.165466197766
"{'type': 'Point', 'coordinates': [13.811597493337642, 12.149714217716529]}",394.58839313897715,294,0,0,30,6938.383213241756
"{'type': 'Point', 'coordinates': [6.5352436919695185, 7.253895919265136]}",90.0,154,0,0,20,13487.87840874662
"{'type': 'Point', 'coordinates': [9.769178714799796, 10.667493998919317]}",161.55494421403512,550,0,0,40,11253.248436438504
"{'type': 'Point', 'coordinates': [12.464124567158361, 11.431061990420911]}",540.8326913195983,408,0,0,30,8921.043268795669
"{'type': 'Point', 'coordinates': [6.40049639935159, 10.75732552733127]}",432.6661530556787,422,0,1,20,12510.789093762563
"{'type': 'Point', 'coordinates': [10.577662470507365, 7.388643211883064]}",120.0,566,0,1,30,20482.638785641087
"{'type': 'Point', 'coordinates': [4.963191944760356, 6.40049639935159]}",216.33307652783935,31,0,1,10,20444.014272702858
"{'type': 'Point', 'coordinates': [8.331874260208561, 8.870863430680274]}",331.36083051561786,371,0,1,20,15303.419169608533
"{'type': 'Point', 'coordinates': [6.6699909845874465, 6.131001814115734]}",42.42640687119285,29,0,0,10,17789.77532273298
"{'type': 'Point', 'coordinates': [9.769178714799796, 7.7030535613248965]}",180.0,178,0,0,40,13029.428139155974
"{'type': 'Point', 'coordinates': [6.40049639935159, 10.128504828447605]}",134.1640786499874,330,0,0,20,12485.557477118797
"{'type': 'Point', 'coordinates': [6.849654041411351, 7.20898015505916]}",90.0,239,0,1,10,12294.997890281655
"{'type': 'Point', 'coordinates': [7.119148626647208, 6.086086049909758]}",228.47319317591726,121,0,1,10,19539.31824072171
"{'type': 'Point', 'coordinates': [7.927632382354777, 5.547096879438045]}",30.0,41,0,1,10,24928.38392001018
"{'type': 'Point', 'coordinates': [12.598871859776288, 9.49968412956394]}",150.0,237,0,0,40,9398.641375555424
"{'type': 'Point', 'coordinates': [4.424202774288643, 8.242042731796609]}",127.27922061357854,353,0,0,20,12175.318020981085
"{'type': 'Point', 'coordinates': [11.475977754626888, 9.005610723298203]}",201.24611797498108,480,0,0,20,11481.15408811062
"{'type': 'Point', 'coordinates': [7.20898015505916, 10.802241291537246]}",192.09372712298546,645,0,0,20,11362.885051974561
"{'type': 'Point', 'coordinates': [11.296314697802982, 11.296314697802982]}",417.85164831552356,446,0,0,20,8479.87962635736
"{'type': 'Point', 'coordinates': [9.769178714799796, 11.026820112567126]}",94.86832980505139,502,0,0,40,10627.763591094328
"{'type': 'Point', 'coordinates': [8.017463910766729, 10.487830942095414]}",189.73665961010278,674,0,1,40,13178.562235726728
"{'type': 'Point', 'coordinates': [5.502181115232069, 8.601368845444417]}",174.92855684535903,301,0,1,20,12916.029081052264
"{'type': 'Point', 'coordinates': [8.646284609650394, 10.173420592653581]}",169.7056274847714,804,0,0,40,13072.717770854593
"{'type': 'Point', 'coordinates': [3.570803254375098, 6.939485569823304]}",218.40329667841553,113,0,1,10,15230.777277318492
"{'type': 'Point', 'coordinates': [3.2114771407272893, 9.050526487504179]}",256.3201123595259,418,0,1,20,11752.170378384944
"{'type': 'Point', 'coordinates': [7.792885089736849, 5.457265351026093]}",134.1640786499874,27,0,1,10,24167.583076846477
"{'type': 'Point', 'coordinates': [9.095442251710155, 11.071735876773102]}",339.4112549695428,760,0,1,20,12416.82988931454
"{'type': 'Point', 'coordinates': [3.0767298481093612, 7.388643211883064]}",67.0820393249937,98,0,0,20,11861.312899355617
"{'type': 'Point', 'coordinates': [4.828444652142428, 7.568306268706968]}",276.5863337187866,406,0,1,10,16342.978991862852
"{'type': 'Point', 'coordinates': [5.097939237378284, 6.40049639935159]}",276.5863337187866,18,0,1,10,20166.117162210867
"{'type': 'Point', 'coordinates': [3.480971725963146, 7.43355897608904]}",192.09372712298546,103,0,1,20,12166.245371971716
"{'type': 'Point', 'coordinates': [8.825947666474299, 7.792885089736849]}",0.0,78,1,1,30,12166.87419371467
"{'type': 'Point', 'coordinates': [3.615719018581074, 8.556453081238441]}",201.24611797498108,374,0,1,20,11800.407287717095
"{'type': 'Point', 'coordinates': [5.681844172055973, 9.454768365357964]}",120.0,117,0,1,10,11866.697815000007
"{'type': 'Point', 'coordinates': [5.232686529996212, 11.071735876773102]}",30.0,340,0,0,40,11328.603551080581
"{'type': 'Point', 'coordinates': [7.972548146560753, 11.026820112567126]}",127.27922061357854,650,0,1,40,10405.77044426836
"{'type': 'Point', 'coordinates': [9.050526487504179, 6.6699909845874465]}",361.2478373637689,157,0,0,20,17055.514910483726
"{'type': 'Point', 'coordinates': [7.253895919265136, 6.759822512999399]}",318.9043743820395,276,0,0,10,15128.973628873471
"{'type': 'Point', 'coordinates': [10.173420592653581, 8.107295439178682]}",60.0,109,0,0,40,12148.16781632264
"{'type': 'Point', 'coordinates': [8.646284609650394, 5.816591464673902]}",241.86773244895647,139,0,1,10,25944.242795379832
"{'type': 'Point', 'coordinates': [5.7716757004679256, 11.610725047244815]}",351.14099732158877,419,0,0,40,10149.313207946205
"{'type': 'Point', 'coordinates': [9.859010243211747, 7.164064390853183]}",201.24611797498108,229,0,1,20,19515.39272578247
"{'type': 'Point', 'coordinates': [4.648781595318524, 11.835303868274694]}",296.98484809834997,300,0,0,20,8948.84052183358
"{'type': 'Point', 'coordinates': [9.454768365357964, 10.038673300035653]}",342.05262752974136,756,0,0,30,12138.470973929798
"{'type': 'Point', 'coordinates': [3.3013086691392415, 9.230189544328082]}",361.2478373637689,355,0,0,20,11390.49009254754
"{'type': 'Point', 'coordinates': [6.759822512999399, 9.364936836946011]}",127.27922061357854,343,0,0,40,13084.838445420584
"{'type': 'Point', 'coordinates': [12.329377274540432, 11.386146226214935]}",589.406481131655,427,0,0,30,9264.91737436238
"{'type': 'Point', 'coordinates': [13.362439851277882, 10.98190434836115]}",480.93658625644196,404,0,0,40,9297.792464972568
"{'type': 'Point', 'coordinates': [5.726759936261949, 8.286958496002585]}",84.8528137423857,249,0,1,10,13958.49710183802
"{'type': 'Point', 'coordinates': [9.769178714799796, 9.859010243211747]}",364.96575181789314,576,0,0,30,10864.597295885276
"{'type': 'Point', 'coordinates': [6.759822512999399, 10.577662470507365]}",284.60498941515414,496,0,1,20,12411.293263871663
"{'type': 'Point', 'coordinates': [6.580159456175495, 11.116651640979079]}",240.0,501,0,1,20,11494.526085885205
"{'type': 'Point', 'coordinates': [13.092945266042026, 9.814094479005773]}",323.10988842807024,579,0,0,40,10926.175459309461
"{'type': 'Point', 'coordinates': [9.544599893769915, 6.625075220381471]}",182.48287590894657,449,0,1,10,22729.019933207175
"{'type': 'Point', 'coordinates': [3.2114771407272893, 9.140358015916132]}",313.20919526731655,409,0,0,20,11362.700657155623
"{'type': 'Point', 'coordinates': [4.648781595318524, 6.310664870939639]}",42.42640687119285,12,0,1,10,20831.58737514168
"{'type': 'Point', 'coordinates': [6.580159456175495, 4.514034302700596]}",0.0,7,0,1,95,26521.914159074426
"{'type': 'Point', 'coordinates': [11.071735876773102, 10.083589064241629]}",234.30749027719963,538,0,0,40,9695.657489797199
"{'type': 'Point', 'coordinates': [11.116651640979079, 6.5352436919695185]}",94.86832980505139,1327,0,1,30,19868.826257103938
"{'type': 'Point', 'coordinates': [5.6369284078499975, 12.553956095570312]}",174.92855684535903,308,0,0,30,7527.848411153176
"{'type': 'Point', 'coordinates': [12.149714217716529, 7.972548146560753]}",510.8815909777921,470,0,0,20,14350.674316802095
"{'type': 'Point', 'coordinates': [9.544599893769915, 6.894569805617327]}",30.0,180,0,1,40,20529.460401301
"{'type': 'Point', 'coordinates': [5.681844172055973, 11.116651640979079]}",271.66155414412253,413,0,0,40,11180.581199735923
"{'type': 'Point', 'coordinates': [6.086086049909758, 6.580159456175495]}",361.2478373637689,173,0,1,10,17744.546237957897
"{'type': 'Point', 'coordinates': [9.230189544328082, 8.736116138062346]}",150.0,194,0,0,40,12236.393310900356
"{'type': 'Point', 'coordinates': [7.972548146560753, 10.802241291537246]}",161.55494421403512,643,0,0,40,11598.455043589696
"{'type': 'Point', 'coordinates': [8.511537317032467, 9.275105308534059]}",161.55494421403512,499,0,1,40,14560.714517949807
"{'type': 'Point', 'coordinates': [13.003113737630073, 9.993757535829676]}",335.4101966249685,472,0,1,30,10641.308902592036
"{'type': 'Point', 'coordinates': [11.970051160892623, 8.825947666474299]}",416.7733196834941,428,0,0,40,12623.748912058581
"{'type': 'Point', 'coordinates': [8.646284609650394, 5.95133875729183]}",169.7056274847714,64,0,1,10,23686.627858653665
"{'type': 'Point', 'coordinates': [10.218336356859556, 9.903926007417724]}",408.0441152620633,575,0,0,20,10345.291109413723
"{'type': 'Point', 'coordinates': [13.721765964925691, 11.88021963248067]}",295.4657340538831,303,0,0,30,7236.667130286474
"{'type': 'Point', 'coordinates': [5.187770765790236, 8.870863430680274]}",108.16653826391968,157,0,1,40,11415.167951105876
"{'type': 'Point', 'coordinates': [9.230189544328082, 7.792885089736849]}",90.0,199,0,0,40,12266.256222230666
"{'type': 'Point', 'coordinates': [6.8047382772053755, 5.053023473172308]}",134.1640786499874,27,0,1,10,25020.706820756197
"{'type': 'Point', 'coordinates': [5.95133875729183, 5.412349586820117]}",94.86832980505139,14,0,1,10,24722.0139197697
"{'type': 'Point', 'coordinates': [4.154708189052787, 10.173420592653581]}",150.0,257,0,0,20,11720.0403514965
"{'type': 'Point', 'coordinates': [13.991260550161547, 11.475977754626888]}",474.3416490252569,309,0,0,30,8454.32073619256
"{'type': 'Point', 'coordinates': [11.20648316939103, 10.622578234713341]}",161.55494421403512,470,0,0,40,8623.553829279548
"{'type': 'Point', 'coordinates': [6.041170285703782, 6.310664870939639]}",361.2478373637689,77,0,1,10,18368.287404926494
"{'type': 'Point', 'coordinates': [11.970051160892623, 8.376790024414538]}",513.5172830587107,802,0,1,30,14674.61320947744
"{'type': 'Point', 'coordinates': [6.40049639935159, 4.4691185384946195]}",30.0,9,0,0,95,27392.435756459832
"{'type': 'Point', 'coordinates': [8.781031902268323, 6.355580635145614]}",241.86773244895647,192,0,0,10,21143.29363820697
"{'type': 'Point', 'coordinates': [3.570803254375098, 9.679347186387844]}",456.9463863518345,330,0,1,20,12338.334954848484
"{'type': 'Point', 'coordinates': [6.849654041411351, 7.029317098235255]}",94.86832980505139,43,0,1,10,14750.634070107364
"{'type': 'Point', 'coordinates': [12.91328220921812, 10.442915177889438]}",457.93012567421243,477,0,0,30,11628.747621572378
"{'type': 'Point', 'coordinates': [4.738613123730476, 8.870863430680274]}",150.0,256,0,0,20,12002.426517627871
"{'type': 'Point', 'coordinates': [3.9301293680229064, 9.993757535829676]}",339.4112549695428,253,0,0,20,13053.693972655967
"{'type': 'Point', 'coordinates': [8.46662155282649, 7.8378008539428246]}",30.0,97,0,0,40,12052.072951084992
"{'type': 'Point', 'coordinates': [5.906422993085854, 12.823450680806168]}",94.86832980505139,318,0,1,20,6698.912750733034
"{'type': 'Point', 'coordinates': [5.502181115232069, 10.98190434836115]}",161.55494421403512,317,0,0,40,11638.832320732734
"{'type': 'Point', 'coordinates': [11.341230462008959, 7.882716618148801]}",416.7733196834941,359,0,1,10,17119.890307705467
"{'type': 'Point', 'coordinates': [14.036176314367523, 12.643787623982265]}",84.8528137423857,284,0,0,90,5321.4298621763455
"{'type': 'Point', 'coordinates': [5.906422993085854, 10.84715705574322]}",445.9820624195552,415,0,1,40,11538.890096775394
"{'type': 'Point', 'coordinates': [13.542102908101786, 11.296314697802982]}",308.86890422961005,354,0,0,20,9102.828670472196
"{'type': 'Point', 'coordinates': [7.253895919265136, 10.487830942095414]}",30.0,586,0,1,40,12020.786717902753
"{'type': 'Point', 'coordinates': [9.409852601151988, 7.927632382354777]}",42.42640687119285,129,0,0,20,11680.88882830909
"{'type': 'Point', 'coordinates': [5.861507228879877, 4.693697359524499]}",60.0,22,0,0,10,32150.899839013815
"{'type': 'Point', 'coordinates': [6.40049639935159, 6.355580635145614]}",182.48287590894657,200,0,1,10,17854.24807850481
"{'type': 'Point', 'coordinates': [4.1996239532587625, 9.409852601151988]}",247.38633753705963,300,0,0,40,11777.255869050845
"{'type': 'Point', 'coordinates': [5.816591464673902, 11.475977754626888]}",361.2478373637689,440,0,0,40,10696.123152901844
"{'type': 'Point', 'coordinates': [13.003113737630073, 10.802241291537246]}",582.494635168428,493,0,0,30,10285.91362502825
"{'type': 'Point', 'coordinates': [4.738613123730476, 8.062379674972705]}",90.0,405,0,1,10,14547.162207615991
"{'type': 'Point', 'coordinates': [6.580159456175495, 11.700556575656767]}",301.4962686336267,558,0,0,40,10109.490679342905
"{'type': 'Point', 'coordinates': [4.873360416348404, 11.116651640979079]}",169.7056274847714,278,0,0,20,11223.47900406154
"{'type': 'Point', 'coordinates': [8.601368845444417, 10.802241291537246]}",94.86832980505139,722,0,0,40,13097.892197353714
"{'type': 'Point', 'coordinates': [5.187770765790236, 5.6369284078499975]}",30.0,10,0,0,95,6521.81605815822
"{'type': 'Point', 'coordinates': [4.783528887936452, 10.218336356859556]}",90.0,228,0,0,40,11327.98615272723
"{'type': 'Point', 'coordinates': [5.861507228879877, 6.220833342527686]}",234.30749027719963,54,0,0,30,19018.143890392967
"{'type': 'Point', 'coordinates': [4.648781595318524, 6.580159456175495]}",201.24611797498108,47,0,1,10,18884.33096718788
"{'type': 'Point', 'coordinates': [4.783528887936452, 7.7030535613248965]}",192.09372712298546,365,0,1,10,15602.243348575259
"{'type': 'Point', 'coordinates': [3.7953820754049783, 11.386146226214935]}",108.16653826391968,256,0,1,20,10908.578816980973
"{'type': 'Point', 'coordinates': [7.43355897608904, 5.232686529996212]}",305.9411708155671,95,0,1,10,22254.864569941725
"{'type': 'Point', 'coordinates': [13.856513257543618, 13.317524087071906]}",123.69316876852982,281,0,0,90,2755.7767435941764
"{'type': 'Point', 'coordinates': [9.49968412956394, 7.747969325530873]}",174.92855684535903,139,0,0,40,12458.66472707918
"{'type': 'Point', 'coordinates': [12.958197973424097, 11.026820112567126]}",484.6648326421053,410,0,0,30,10247.830558211017
"{'type': 'Point', 'coordinates': [5.7716757004679256, 8.825947666474299]}",30.0,61,1,1,30,12153.276057901896
"{'type': 'Point', 'coordinates': [7.20898015505916, 12.509040331364336]}",189.73665961010278,485,0,0,30,8362.350326910797
"{'type': 'Point', 'coordinates': [11.071735876773102, 9.589515657975891]}",212.13203435596427,337,0,0,40,10210.153330621511
"{'type': 'Point', 'coordinates': [7.119148626647208, 9.72426295059382]}",134.1640786499874,484,0,1,20,14311.718196399293
"{'type': 'Point', 'coordinates': [11.161567405185055, 8.781031902268323]}",192.09372712298546,199,0,0,40,12548.054079597217
"{'type': 'Point', 'coordinates': [13.542102908101786, 11.970051160892623]}",234.30749027719963,303,0,0,30,7012.109665539678
"{'type': 'Point', 'coordinates': [5.6369284078499975, 7.164064390853183]}",576.2811813689564,315,0,1,10,13703.406674591824
"{'type': 'Point', 'coordinates': [8.242042731796609, 6.310664870939639]}",150.0,70,0,0,20,19273.876539648976
"{'type': 'Point', 'coordinates': [6.6699909845874465, 6.8047382772053755]}",30.0,32,0,1,40,14603.826943415916
"{'type': 'Point', 'coordinates': [9.140358015916132, 10.84715705574322]}",442.944691807002,660,0,1,30,13062.7493756935
"{'type': 'Point', 'coordinates': [2.7623194986675284, 6.445412163557567]}",0.0,4,1,1,10,14359.94490204705
"{'type': 'Point', 'coordinates': [5.681844172055973, 12.553956095570312]}",150.0,329,0,0,30,7568.298981408057
"{'type': 'Point', 'coordinates': [7.882716618148801, 9.589515657975891]}",94.86832980505139,749,0,1,20,16031.78721308938
"{'type': 'Point', 'coordinates': [3.121645612315337, 6.759822512999399]}",180.0,61,0,1,20,15439.877168043167
"{'type': 'Point', 'coordinates': [7.7030535613248965, 6.5352436919695185]}",94.86832980505139,111,0,1,10,17124.1638502758
"{'type': 'Point', 'coordinates': [7.43355897608904, 12.374293038746409]}",30.0,497,0,0,40,8424.17319910121
"{'type': 'Point', 'coordinates': [9.49968412956394, 10.397999413683461]}",240.0,645,0,0,30,12044.560869618494
"{'type': 'Point', 'coordinates': [7.613222032912945, 8.331874260208561]}",189.73665961010278,202,0,0,40,12353.51933380025
"{'type': 'Point', 'coordinates': [9.769178714799796, 10.038673300035653]}",247.38633753705963,558,0,0,40,11137.741685936755
"{'type': 'Point', 'coordinates': [12.868366445012144, 9.993757535829676]}",421.07006542854594,446,0,0,40,10554.581988213375
"{'type': 'Point', 'coordinates': [7.074232862441232, 11.20648316939103]}",30.0,687,0,0,40,9985.93241662927
"{'type': 'Point', 'coordinates': [7.343727447677088, 4.648781595318524]}",30.0,20,0,1,30,27378.623613428324
"{'type': 'Point', 'coordinates': [5.816591464673902, 10.577662470507365]}",323.10988842807024,392,0,0,20,12119.612081661122
"{'type': 'Point', 'coordinates': [7.164064390853183, 11.520893518832862]}",30.0,671,0,0,40,10045.552679968518
"{'type': 'Point', 'coordinates': [6.445412163557567, 6.17591757832171]}",189.73665961010278,161,0,1,10,18972.978524441365
"{'type': 'Point', 'coordinates': [8.197126967590634, 10.083589064241629]}",161.55494421403512,730,0,1,20,13367.70516666463
"{'type': 'Point', 'coordinates': [6.984401334029279, 9.409852601151988]}",192.09372712298546,480,0,0,40,13855.33278787808
"{'type': 'Point', 'coordinates': [10.712409763125294, 11.026820112567126]}",450.99889135118724,364,0,0,40,8518.722861362621
"{'type': 'Point', 'coordinates': [6.17591757832171, 10.353083649477485]}",300.0,289,0,0,40,12308.025193219502
"{'type': 'Point', 'coordinates': [11.700556575656767, 7.074232862441232]}",318.9043743820395,1714,0,0,10,19385.840548794717
"{'type': 'Point', 'coordinates': [11.565809283038838, 10.263252121065532]}",67.0820393249937,235,0,0,40,9170.844379728667
"{'type': 'Point', 'coordinates': [8.511537317032467, 5.996254521497805]}",94.86832980505139,43,0,0,10,22420.430154279806
"{'type': 'Point', 'coordinates': [12.0149669250986, 8.331874260208561]}",488.3646178829912,642,0,0,30,14630.44821485934
"{'type': 'Point', 'coordinates': [7.882716618148801, 4.558950066906571]}",30.0,12,0,1,10,30106.00321967248
"{'type': 'Point', 'coordinates': [6.580159456175495, 6.939485569823304]}",42.42640687119285,33,1,0,10,13506.377262832131
"{'type': 'Point', 'coordinates': [9.72426295059382, 10.802241291537246]}",216.33307652783935,542,0,0,30,11396.03036897468
"{'type': 'Point', 'coordinates': [6.445412163557567, 11.520893518832862]}",375.89892258425004,547,0,0,40,10587.483117198635
"{'type': 'Point', 'coordinates': [6.17591757832171, 12.059882689304576]}",271.66155414412253,391,0,0,30,9364.4634968705
"{'type': 'Point', 'coordinates': [4.289455481670715, 11.565809283038838]}",150.0,199,0,0,40,9923.764639526502
"{'type': 'Point', 'coordinates': [9.859010243211747, 7.7030535613248965]}",120.0,176,0,0,40,13618.45662851245
"{'type': 'Point', 'coordinates': [6.355580635145614, 6.445412163557567]}",210.0,140,0,0,10,17404.70136835333
"{'type': 'Point', 'coordinates': [13.49718714389581, 12.0149669250986]}",241.86773244895647,302,0,0,30,7010.824673382602
"{'type': 'Point', 'coordinates': [3.750466311199002, 8.107295439178682]}",30.0,266,0,1,20,12338.549580329542
"{'type': 'Point', 'coordinates': [11.79038810406872, 11.565809283038838]}",597.7457653551382,396,0,0,30,8306.070784226451
"{'type': 'Point', 'coordinates': [5.592012643644021, 8.511537317032467]}",192.09372712298546,241,0,1,10,13141.977532438113
"{'type': 'Point', 'coordinates': [5.008107708966333, 6.445412163557567]}",258.0697580112788,49,0,1,10,20042.750329310074
"{'type': 'Point', 'coordinates': [5.277602294202189, 9.769178714799796]}",361.2478373637689,248,0,0,10,12461.828774049929
"{'type': 'Point', 'coordinates': [10.75732552733127, 10.173420592653581]}",432.6661530556787,365,0,0,40,9645.110463394201
"{'type': 'Point', 'coordinates': [5.502181115232069, 11.431061990420911]}",150.0,389,0,0,40,10550.257785682546
"{'type': 'Point', 'coordinates': [7.074232862441232, 9.454768365357964]}",169.7056274847714,492,0,0,40,14331.11978330831
"{'type': 'Point', 'coordinates': [7.65813779711892, 8.421705788620514]}",180.0,222,0,1,20,12631.016433901523
"{'type': 'Point', 'coordinates': [3.750466311199002, 11.161567405185055]}",212.13203435596427,227,0,0,40,11177.779551849577
"{'type': 'Point', 'coordinates': [9.275105308534059, 9.454768365357964]}",182.48287590894657,1160,0,0,40,11801.26436030678
"{'type': 'Point', 'coordinates': [7.298811683471112, 6.6699909845874465]}",300.0,251,0,0,10,15277.133380609564
"{'type': 'Point', 'coordinates': [4.154708189052787, 10.353083649477485]}",67.0820393249937,250,0,1,20,11369.1203164931
"{'type': 'Point', 'coordinates': [7.298811683471112, 5.142855001584261]}",258.0697580112788,64,0,0,10,23264.67194601521
"{'type': 'Point', 'coordinates': [9.544599893769915, 12.284461510334456]}",123.69316876852982,376,0,0,40,6525.854683474778
"{'type': 'Point', 'coordinates': [6.131001814115734, 10.442915177889438]}",361.2478373637689,355,0,0,20,12594.82059333031
"{'type': 'Point', 'coordinates': [10.487830942095414, 7.65813779711892]}",212.13203435596427,394,0,1,10,16955.774495891194
"{'type': 'Point', 'coordinates': [6.714906748793423, 8.601368845444417]}",174.92855684535903,182,0,0,40,11749.882335247836
"{'type': 'Point', 'coordinates': [5.6369284078499975, 10.218336356859556]}",216.33307652783935,256,0,0,40,12261.448502321866
"{'type': 'Point', 'coordinates': [7.298811683471112, 6.625075220381471]}",283.0194339616981,286,0,0,30,16055.873749491759
"{'type': 'Point', 'coordinates': [10.667493998919317, 11.835303868274694]}",90.0,380,0,1,30,6652.213050636685
"{'type': 'Point', 'coordinates': [5.592012643644021, 6.490327927763542]}",335.4101966249685,128,0,1,10,18239.929139615968
"{'type': 'Point', 'coordinates': [5.547096879438045, 5.277602294202189]}",30.0,7,0,0,95,31762.128643274424
"{'type': 'Point', 'coordinates': [5.681844172055973, 5.232686529996212]}",60.0,17,0,1,10,29648.684633850673
"{'type': 'Point', 'coordinates': [5.7716757004679256, 5.142855001584261]}",30.0,14,0,0,10,30796.17361085117
"{'type': 'Point', 'coordinates': [6.580159456175495, 7.8378008539428246]}",108.16653826391968,137,0,0,20,11889.950006145518
"{'type': 'Point', 'coordinates': [4.738613123730476, 9.769178714799796]}",60.0,241,0,0,40,12728.15626950231
"{'type': 'Point', 'coordinates': [3.570803254375098, 9.005610723298203]}",182.48287590894657,370,0,0,20,11912.188663801804
"{'type': 'Point', 'coordinates': [3.8852136038169305, 7.568306268706968]}",394.58839313897715,256,0,1,10,14004.001976868749
"{'type': 'Point', 'coordinates': [12.823450680806168, 10.712409763125294]}",494.77267507411926,472,0,0,40,10027.97147199426
"{'type': 'Point', 'coordinates': [4.783528887936452, 11.026820112567126]}",84.8528137423857,182,0,0,40,10580.915239482565
"{'type': 'Point', 'coordinates': [6.445412163557567, 5.547096879438045]}",60.0,26,0,1,10,26077.573884086218
"{'type': 'Point', 'coordinates': [13.856513257543618, 11.341230462008959]}",432.6661530556787,334,0,0,40,8992.090975090892
"{'type': 'Point', 'coordinates': [5.322518058408165, 5.412349586820117]}",0.0,10,0,0,10,7460.934393644113
"{'type': 'Point', 'coordinates': [4.828444652142428, 7.074232862441232]}",550.7267925205746,255,0,0,10,15491.053478221409
"{'type': 'Point', 'coordinates': [8.242042731796609, 4.6038658311125475]}",30.0,8,0,1,10,31994.562972806394
"{'type': 'Point', 'coordinates': [7.253895919265136, 4.693697359524499]}",30.0,15,0,0,30,26748.35673817247
"{'type': 'Point', 'coordinates': [12.419208802952385, 10.263252121065532]}",276.5863337187866,372,0,0,40,11312.725181699556
"{'type': 'Point', 'coordinates': [8.91577919488625, 7.074232862441232]}",247.38633753705963,165,0,0,40,13441.67497852631
"{'type': 'Point', 'coordinates': [8.421705788620514, 10.263252121065532]}",180.0,807,0,1,40,12838.426661498379
"{'type': 'Point', 'coordinates': [12.778534916600194, 10.038673300035653]}",450.99889135118724,520,0,0,40,11582.304425460397
"{'type': 'Point', 'coordinates': [7.792885089736849, 10.353083649477485]}",42.42640687119285,665,0,1,40,13148.412333146713
"{'type': 'Point', 'coordinates': [11.79038810406872, 9.769178714799796]}",120.0,664,0,0,30,10020.005282974365
"{'type': 'Point', 'coordinates': [10.622578234713341, 9.679347186387844]}",458.91175622335066,407,0,0,20,9735.498964486615
"{'type': 'Point', 'coordinates': [5.277602294202189, 7.253895919265136]}",483.73546489791295,329,0,1,50,15068.276655156165
"{'type': 'Point', 'coordinates': [12.643787623982265, 11.745472339862744]}",391.15214431215895,363,0,0,30,7802.831177558568
"{'type': 'Point', 'coordinates': [5.726759936261949, 9.050526487504179]}",60.0,185,0,0,20,11942.39775864502
"{'type': 'Point', 'coordinates': [8.242042731796609, 6.041170285703782]}",30.0,27,0,1,10,21530.538121327758
"{'type': 'Point', 'coordinates': [12.688703388188241, 9.903926007417724]}",371.0795063055894,431,0,0,20,10707.335029484064
"{'type': 'Point', 'coordinates': [6.939485569823304, 11.700556575656767]}",150.0,619,0,0,20,9595.218890503413
"{'type': 'Point', 'coordinates': [7.882716618148801, 4.91827618055438]}",150.0,52,0,0,10,25344.478932604194
"{'type': 'Point', 'coordinates': [12.778534916600194, 9.859010243211747]}",331.36083051561786,431,0,1,20,10598.437663847883
"{'type': 'Point', 'coordinates': [12.149714217716529, 7.882716618148801]}",551.5432893255071,487,0,0,10,15616.023508319277
"{'type': 'Point', 'coordinates': [7.613222032912945, 8.736116138062346]}",218.40329667841553,269,0,0,40,12374.040880976167
"{'type': 'Point', 'coordinates': [10.75732552733127, 8.421705788620514]}",152.97058540778355,236,0,0,40,13278.163838025092
"{'type': 'Point', 'coordinates': [6.310664870939639, 5.412349586820117]}",60.0,22,0,1,10,24508.672835262172
"{'type': 'Point', 'coordinates': [8.69120037385637, 6.939485569823304]}",417.85164831552356,116,0,0,40,14613.785081016831
"{'type': 'Point', 'coordinates': [8.556453081238441, 9.859010243211747]}",108.16653826391968,783,0,0,40,12771.498812324664
"{'type': 'Point', 'coordinates': [5.906422993085854, 7.613222032912945]}",276.5863337187866,370,0,0,20,13334.530601592734
"{'type': 'Point', 'coordinates': [9.634431422181867, 11.745472339862744]}",234.30749027719963,391,0,0,40,7742.34017074244
"{'type': 'Point', 'coordinates': [7.298811683471112, 6.041170285703782]}",339.4112549695428,134,0,1,10,20564.769914146047
"{'type': 'Point', 'coordinates': [11.520893518832862, 6.894569805617327]}",150.0,1562,0,1,30,18795.71062137302
"{'type': 'Point', 'coordinates': [5.6369284078499975, 5.861507228879877]}",30.0,14,0,1,10,24120.47385134548
"{'type': 'Point', 'coordinates': [12.958197973424097, 9.634431422181867]}",182.48287590894657,269,0,0,40,10245.492595291813
"{'type': 'Point', 'coordinates': [3.166561376521313, 8.960694959092226]}",216.33307652783935,374,0,0,20,12040.86815103393
"{'type': 'Point', 'coordinates': [7.568306268706968, 5.187770765790236]}",270.0,95,0,0,10,22846.536762706935
"{'type': 'Point', 'coordinates': [4.244539717464739, 9.364936836946011]}",228.47319317591726,279,0,0,20,11543.045465176918
"{'type': 'Point', 'coordinates': [8.556453081238441, 5.7716757004679256]}",234.30749027719963,429,0,1,10,26116.396178547875
"{'type': 'Point', 'coordinates': [4.064876660640834, 7.7030535613248965]}",313.20919526731655,266,0,1,10,13476.260208015823
"{'type': 'Point', 'coordinates': [9.814094479005773, 10.487830942095414]}",42.42640687119285,580,0,1,30,11441.559733028203
"{'type': 'Point', 'coordinates': [8.960694959092226, 9.814094479005773]}",30.0,1258,0,0,40,12315.409988460342
"{'type': 'Point', 'coordinates': [11.88021963248067, 8.781031902268323]}",417.85164831552356,713,0,0,20,13767.95114407556
"{'type': 'Point', 'coordinates': [6.6699909845874465, 11.386146226214935]}",201.24611797498108,557,0,0,20,10482.566500117493
"{'type': 'Point', 'coordinates': [6.310664870939639, 5.592012643644021]}",150.0,20,0,1,10,22173.105562549725
"{'type': 'Point', 'coordinates': [13.317524087071906, 12.0149669250986]}",210.0,303,0,0,40,6874.973064102534
"{'type': 'Point', 'coordinates': [6.714906748793423, 5.053023473172308]}",127.27922061357854,21,0,1,10,24342.474377550185
"{'type': 'Point', 'coordinates': [6.759822512999399, 9.230189544328082]}",90.0,253,0,0,40,12294.994272072101
"{'type': 'Point', 'coordinates': [5.6369284078499975, 12.509040331364336]}",192.09372712298546,314,0,0,30,7673.617314477485
"{'type': 'Point', 'coordinates': [8.331874260208561, 8.825947666474299]}",301.4962686336267,339,0,1,20,15235.793040968263
"{'type': 'Point', 'coordinates': [5.547096879438045, 8.69120037385637]}",108.16653826391968,189,0,1,40,12277.406762156468
"{'type': 'Point', 'coordinates': [11.655640811450791, 11.520893518832862]}",547.4486277268397,338,0,0,40,8366.344560171754
"{'type': 'Point', 'coordinates': [5.592012643644021, 12.104798453510552]}",241.86773244895647,314,0,0,40,8366.936652671628
"{'type': 'Point', 'coordinates': [5.412349586820117, 6.849654041411351]}",570.0,140,0,0,10,17958.92197550088
"{'type': 'Point', 'coordinates': [6.265749106733662, 4.91827618055438]}",0.0,14,0,0,10,27642.744608074427
"{'type': 'Point', 'coordinates': [13.182776794453977, 11.79038810406872]}",67.0820393249937,329,0,0,50,6819.682948417261
"{'type': 'Point', 'coordinates': [4.289455481670715, 8.556453081238441]}",201.24611797498108,325,0,1,20,12316.666287883108
"{'type': 'Point', 'coordinates': [12.868366445012144, 11.610725047244815]}",247.38633753705963,357,0,0,30,7374.949105823653
"{'type': 'Point', 'coordinates': [6.5352436919695185, 9.769178714799796]}",84.8528137423857,256,0,0,40,12001.784006332055
"{'type': 'Point', 'coordinates': [8.825947666474299, 5.7716757004679256]}",339.4112549695428,103,0,1,10,27505.17323013858
"{'type': 'Point', 'coordinates': [6.714906748793423, 7.792885089736849]}",30.0,85,0,0,50,11974.835962183191
"{'type': 'Point', 'coordinates': [9.634431422181867, 8.646284609650394]}",60.0,160,0,0,40,11506.756046560044
"{'type': 'Point', 'coordinates': [3.615719018581074, 9.409852601151988]}",283.0194339616981,370,0,0,20,11765.21559436269
"{'type': 'Point', 'coordinates': [5.008107708966333, 7.65813779711892]}",241.86773244895647,518,0,1,10,15195.25724066142
"{'type': 'Point', 'coordinates': [3.66063478278705, 6.894569805617327]}",180.0,86,0,1,10,15315.211577218386
"{'type': 'Point', 'coordinates': [7.568306268706968, 5.7716757004679256]}",270.0,94,0,0,10,21694.788049715557
"{'type': 'Point', 'coordinates': [11.386146226214935, 9.814094479005773]}",60.0,496,0,0,40,9852.490839172853
"{'type': 'Point', 'coordinates': [12.643787623982265, 8.91577919488625]}",241.86773244895647,271,0,1,40,11872.678382390877
"{'type': 'Point', 'coordinates': [7.7030535613248965, 9.814094479005773]}",60.0,778,0,1,10,15356.169603363125
"{'type': 'Point', 'coordinates': [5.008107708966333, 6.131001814115734]}",108.16653826391968,14,0,0,10,24026.52583824657
"{'type': 'Point', 'coordinates': [6.8047382772053755, 9.230189544328082]}",120.0,255,0,0,40,12607.983537254053
"{'type': 'Point', 'coordinates': [8.197126967590634, 10.263252121065532]}",216.33307652783935,719,0,1,40,13364.471727482794
"{'type': 'Point', 'coordinates': [12.059882689304576, 8.825947666474299]}",408.0441152620633,407,0,0,40,12377.722945950976
"{'type': 'Point', 'coordinates': [4.424202774288643, 11.655640811450791]}",254.5584412271571,218,0,1,40,9333.265407322346
"{'type': 'Point', 'coordinates': [7.43355897608904, 9.454768365357964]}",169.7056274847714,586,0,1,40,15145.46019761739
"{'type': 'Point', 'coordinates': [4.019960896434859, 8.107295439178682]}",123.69316876852982,337,0,1,40,12597.061915169965
"{'type': 'Point', 'coordinates': [12.91328220921812, 9.859010243211747]}",330.0,461,0,1,20,10849.932631171394
"{'type': 'Point', 'coordinates': [3.705550546993026, 11.386146226214935]}",123.69316876852982,207,0,0,20,10752.0816396287
"{'type': 'Point', 'coordinates': [7.478474740295016, 11.071735876773102]}",60.0,666,0,1,40,10603.148975135817
"{'type': 'Point', 'coordinates': [12.23954574612848, 10.98190434836115]}",313.20919526731655,509,0,0,20,9308.867178641201
"{'type': 'Point', 'coordinates': [7.882716618148801, 7.029317098235255]}",445.9820624195552,164,0,0,20,13664.922682233155
"{'type': 'Point', 'coordinates': [3.3462244333452174, 9.634431422181867]}",510.8815909777921,403,0,0,20,12148.69338341066
"{'type': 'Point', 'coordinates': [4.963191944760356, 11.161567405185055]}",192.09372712298546,275,0,0,20,11491.31299799903
"{'type': 'Point', 'coordinates': [14.260755135397403, 11.341230462008959]}",510.0,313,0,0,30,8318.443818583115
"{'type': 'Point', 'coordinates': [10.667493998919317, 8.376790024414538]}",90.0,171,0,1,40,12914.520927173837
"{'type': 'Point', 'coordinates': [5.457265351026093, 7.119148626647208]}",597.7457653551382,282,0,0,10,15046.356444449164
"{'type': 'Point', 'coordinates': [12.553956095570312, 10.038673300035653]}",375.89892258425004,583,0,0,40,11367.226803950258
"{'type': 'Point', 'coordinates': [3.3013086691392415, 9.454768365357964]}",450.0,424,0,0,20,12295.631035707273
"{'type': 'Point', 'coordinates': [6.5352436919695185, 6.849654041411351]}",60.0,35,0,1,10,15896.469227371737
"{'type': 'Point', 'coordinates': [6.6699909845874465, 5.547096879438045]}",60.0,25,0,1,10,25205.83821959421
"{'type': 'Point', 'coordinates': [7.523390504500992, 8.242042731796609]}",120.0,162,0,0,40,12161.180718913822
"{'type': 'Point', 'coordinates': [9.364936836946011, 8.286958496002585]}",161.55494421403512,102,0,1,20,11038.965971277896
"{'type': 'Point', 'coordinates': [6.849654041411351, 5.6369284078499975]}",67.0820393249937,69,0,1,10,24211.121003369626
"{'type': 'Point', 'coordinates': [9.49968412956394, 7.568306268706968]}",189.73665961010278,176,0,0,40,13275.885461900742
"{'type': 'Point', 'coordinates': [7.792885089736849, 10.667493998919317]}",42.42640687119285,631,0,1,40,12729.562739299989
"{'type': 'Point', 'coordinates': [11.251398933597006, 10.532746706301388]}",120.0,395,0,1,40,8994.958554972116
"{'type': 'Point', 'coordinates': [10.802241291537246, 8.69120037385637]}",182.48287590894657,141,1,0,40,11503.155040892165
"{'type': 'Point', 'coordinates': [13.227692558659953, 11.296314697802982]}",270.0,357,0,0,30,8877.394907356736
"{'type': 'Point', 'coordinates': [6.265749106733662, 11.341230462008959]}",453.9823785126467,480,0,0,40,11225.226542317785
"{'type': 'Point', 'coordinates': [9.589515657975891, 10.936988584155173]}",228.47319317591726,479,0,0,40,10909.969326258957
"{'type': 'Point', 'coordinates': [5.277602294202189, 6.041170285703782]}",67.0820393249937,16,0,0,10,23723.530990757048
"{'type': 'Point', 'coordinates': [8.242042731796609, 8.646284609650394]}",182.48287590894657,139,0,1,20,14330.634829545092
"{'type': 'Point', 'coordinates': [3.2114771407272893, 7.029317098235255]}",150.0,102,0,1,10,13485.682537180262
"{'type': 'Point', 'coordinates': [11.475977754626888, 11.161567405185055]}",301.4962686336267,277,0,0,40,7994.213100568479
"{'type': 'Point', 'coordinates': [7.792885089736849, 4.963191944760356]}",189.73665961010278,54,0,0,10,23489.76135032624
"{'type': 'Point', 'coordinates': [4.648781595318524, 7.074232862441232]}",466.6904755831213,202,0,1,10,17531.43207569234
"{'type': 'Point', 'coordinates': [13.182776794453977, 9.589515657975891]}",218.40329667841553,311,0,0,30,10160.454858476296
"{'type': 'Point', 'coordinates': [7.343727447677088, 11.745472339862744]}",108.16653826391968,624,0,0,40,9208.329876982363
"{'type': 'Point', 'coordinates': [4.738613123730476, 11.565809283038838]}",308.86890422961005,246,0,0,40,10029.593721298123
"{'type': 'Point', 'coordinates': [11.341230462008959, 9.409852601151988]}",67.0820393249937,153,0,0,40,9500.26975438113
"{'type': 'Point', 'coordinates': [10.802241291537246, 9.230189544328082]}",152.97058540778355,255,0,0,40,10173.518443768811
"{'type': 'Point', 'coordinates': [8.736116138062346, 7.927632382354777]}",90.0,113,0,0,20,11893.061960685038
"{'type': 'Point', 'coordinates': [12.059882689304576, 11.475977754626888]}",624.2595614005444,425,0,0,30,8575.36101726233
"{'type': 'Point', 'coordinates': [4.873360416348404, 8.870863430680274]}",161.55494421403512,262,0,1,40,12004.828063563054
"{'type': 'Point', 'coordinates': [13.27260832286593, 11.251398933597006]}",300.0,365,0,0,30,8862.39291418401
"{'type': 'Point', 'coordinates': [3.9750451322288827, 7.65813779711892]}",351.14099732158877,303,0,1,10,14190.103295011446
"{'type': 'Point', 'coordinates': [7.927632382354777, 10.84715705574322]}",150.0,635,0,0,40,11575.094479057472
"{'type': 'Point', 'coordinates': [6.625075220381471, 8.511537317032467]}",94.86832980505139,115,0,1,10,11668.076780052328
"{'type': 'Point', 'coordinates': [12.509040331364336, 11.745472339862744]}",480.93658625644196,361,0,0,40,7746.964702348002
"{'type': 'Point', 'coordinates': [3.166561376521313, 9.320021072740035]}",436.80659335683106,388,0,0,20,11711.173484350757
"{'type': 'Point', 'coordinates': [13.94634478595557, 13.04802950183605]}",30.0,283,0,0,90,3290.3235412648137
"{'type': 'Point', 'coordinates': [12.509040331364336, 9.185273780122108]}",84.8528137423857,196,0,0,50,9639.813039393805
"{'type': 'Point', 'coordinates': [11.745472339862744, 7.119148626647208]}",361.2478373637689,1060,0,0,10,18863.630342668155
"{'type': 'Point', 'coordinates': [7.882716618148801, 7.343727447677088]}",390.0,232,0,0,20,12509.827141978196
"{'type': 'Point', 'coordinates': [4.1996239532587625, 8.511537317032467]}",210.0,355,0,1,20,12211.930829934943
"{'type': 'Point', 'coordinates': [7.253895919265136, 8.91577919488625]}",150.0,301,0,0,40,13198.732089351122
"{'type': 'Point', 'coordinates': [5.681844172055973, 5.861507228879877]}",30.0,13,0,0,10,23205.77571203187
"{'type': 'Point', 'coordinates': [8.331874260208561, 9.320021072740035]}",271.66155414412253,491,0,0,30,14755.869728628375
"{'type': 'Point', 'coordinates': [11.251398933597006, 10.083589064241629]}",182.48287590894657,429,0,0,40,9256.466102352366
"{'type': 'Point', 'coordinates': [10.577662470507365, 7.882716618148801]}",258.0697580112788,192,0,1,20,15275.2174776893
"{'type': 'Point', 'coordinates': [10.577662470507365, 10.353083649477485]}",480.93658625644196,379,0,0,20,9513.038788519309
"{'type': 'Point', 'coordinates': [10.622578234713341, 9.589515657975891]}",417.85164831552356,299,0,0,20,9684.552021247826
"{'type': 'Point', 'coordinates': [9.185273780122108, 6.714906748793423]}",276.5863337187866,209,0,0,10,17203.199129366018
"{'type': 'Point', 'coordinates': [7.927632382354777, 4.91827618055438]}",123.69316876852982,53,0,0,10,25640.487447038293
"{'type': 'Point', 'coordinates': [5.816591464673902, 8.825947666474299]}",0.0,64,1,0,40,11534.967382851193
"{'type': 'Point', 'coordinates': [4.828444652142428, 8.601368845444417]}",174.92855684535903,347,0,1,20,13267.207526108512
"{'type': 'Point', 'coordinates': [6.580159456175495, 11.79038810406872]}",241.86773244895647,519,0,0,40,9852.398623370114
"{'type': 'Point', 'coordinates': [5.681844172055973, 11.79038810406872]}",361.2478373637689,388,0,0,40,10010.83704566352
"{'type': 'Point', 'coordinates': [7.164064390853183, 7.613222032912945]}",201.24611797498108,378,0,0,10,13487.537702544592
"{'type': 'Point', 'coordinates': [7.119148626647208, 6.849654041411351]}",276.5863337187866,120,0,1,10,15258.926405228543
"{'type': 'Point', 'coordinates': [6.580159456175495, 10.98190434836115]}",256.3201123595259,488,0,0,20,11682.534723128887
"{'type': 'Point', 'coordinates': [10.308167885271509, 9.634431422181867]}",488.3646178829912,412,0,1,40,10219.913166014245
"{'type': 'Point', 'coordinates': [5.008107708966333, 11.700556575656767]}",254.5584412271571,275,0,1,40,9665.248350496797
"{'type': 'Point', 'coordinates': [6.8047382772053755, 5.592012643644021]}",90.0,31,0,0,10,23270.012821060314
"{'type': 'Point', 'coordinates': [10.397999413683461, 8.242042731796609]}",127.27922061357854,195,0,0,40,12930.154416404439
"{'type': 'Point', 'coordinates': [3.4360559617571695, 8.152211203384658]}",189.73665961010278,327,0,1,20,12131.292687687404
"{'type': 'Point', 'coordinates': [11.431061990420911, 11.161567405185055]}",305.9411708155671,276,0,0,40,8040.024932385655
"{'type': 'Point', 'coordinates': [3.3911401975511937, 6.759822512999399]}",108.16653826391968,14,0,1,30,16495.67203316614
"{'type': 'Point', 'coordinates': [11.341230462008959, 10.218336356859556]}",108.16653826391968,349,0,0,40,8960.748402449477
"{'type': 'Point', 'coordinates': [8.197126967590634, 9.544599893769915]}",134.1640786499874,719,0,0,20,16023.32492026905
"{'type': 'Point', 'coordinates': [7.43355897608904, 10.173420592653581]}",60.0,552,0,1,20,13179.901405692799
"{'type': 'Point', 'coordinates': [6.220833342527686, 10.308167885271509]}",270.0,304,0,0,40,12134.764716736941
"{'type': 'Point', 'coordinates': [12.688703388188241, 11.79038810406872]}",364.96575181789314,353,0,0,30,7195.636838084685
"{'type': 'Point', 'coordinates': [10.353083649477485, 10.712409763125294]}",361.2478373637689,442,0,0,40,9326.677325400833
"{'type': 'Point', 'coordinates': [8.017463910766729, 8.242042731796609]}",134.1640786499874,117,0,1,20,12348.838931432936
"{'type': 'Point', 'coordinates': [12.104798453510552, 8.062379674972705]}",499.29950931279717,478,0,0,40,14494.878848430502
"{'type': 'Point', 'coordinates': [3.3013086691392415, 8.017463910766729]}",308.86890422961005,276,0,1,10,12908.38380862298
"{'type': 'Point', 'coordinates': [8.421705788620514, 10.667493998919317]}",60.0,796,0,1,20,13009.843226681696
"{'type': 'Point', 'coordinates': [3.9750451322288827, 7.298811683471112]}",453.9823785126467,164,0,0,10,14356.162405760959
"{'type': 'Point', 'coordinates': [6.580159456175495, 6.714906748793423]}",30.0,38,0,1,10,16041.617363374215
"{'type': 'Point', 'coordinates': [8.062379674972705, 6.894569805617327]}",426.38011210655685,96,0,1,20,15161.684971383926
"{'type': 'Point', 'coordinates': [8.107295439178682, 5.277602294202189]}",42.42640687119285,58,0,1,10,26255.65983297676
"{'type': 'Point', 'coordinates': [7.8378008539428246, 7.972548146560753]}",0.0,58,1,0,40,11951.007377778209
"{'type': 'Point', 'coordinates': [9.275105308534059, 7.927632382354777]}",30.0,98,1,0,10,11640.406237249663
"{'type': 'Point', 'coordinates': [6.8047382772053755, 5.187770765790236]}",150.0,42,0,1,10,25098.960424225777
"{'type': 'Point', 'coordinates': [9.9488417716237, 8.960694959092226]}",169.7056274847714,198,0,0,40,10776.644115185496
"{'type': 'Point', 'coordinates': [7.20898015505916, 5.097939237378284]}",201.24611797498108,50,0,0,10,24323.452564749867
"{'type': 'Point', 'coordinates': [6.625075220381471, 5.7716757004679256]}",0.0,26,1,0,10,23269.118834005436
"{'type': 'Point', 'coordinates': [3.9301293680229064, 6.714906748793423]}",67.0820393249937,28,0,1,10,16900.332839216106
"{'type': 'Point', 'coordinates': [5.187770765790236, 11.475977754626888]}",67.0820393249937,436,0,0,20,10693.620559250045
"{'type': 'Point', 'coordinates': [8.242042731796609, 7.523390504500992]}",201.24611797498108,131,0,0,20,12182.86405287114
"{'type': 'Point', 'coordinates': [6.265749106733662, 8.601368845444417]}",67.0820393249937,66,0,0,40,11173.307364743965
"{'type': 'Point', 'coordinates': [10.173420592653581, 7.523390504500992]}",0.0,154,0,1,40,17299.349406993275
"{'type': 'Point', 'coordinates': [7.119148626647208, 8.062379674972705]}",67.0820393249937,166,0,1,10,12120.348423700654
"{'type': 'Point', 'coordinates': [6.355580635145614, 9.185273780122108]}",182.48287590894657,118,0,1,40,10927.425017663598
"{'type': 'Point', 'coordinates': [8.556453081238441, 4.91827618055438]}",42.42640687119285,31,0,0,10,29244.09077759832
"{'type': 'Point', 'coordinates': [10.622578234713341, 11.116651640979079]}",391.15214431215895,442,0,0,20,8438.918950746302
"{'type': 'Point', 'coordinates': [4.6038658311125475, 7.747969325530873]}",94.86832980505139,338,0,0,30,14338.79444102313
"{'type': 'Point', 'coordinates': [3.705550546993026, 12.419208802952385]}",180.0,211,0,0,30,7516.983259093473
"{'type': 'Point', 'coordinates': [8.331874260208561, 9.544599893769915]}",152.97058540778355,775,0,1,30,15818.46022229191
"{'type': 'Point', 'coordinates': [11.386146226214935, 9.769178714799796]}",67.0820393249937,567,0,0,40,10052.371843729867
"{'type': 'Point', 'coordinates': [7.253895919265136, 11.20648316939103]}",42.42640687119285,682,0,0,40,10062.620126623868
"{'type': 'Point', 'coordinates': [10.353083649477485, 9.050526487504179]}",228.47319317591726,204,0,0,20,10440.967096406133
"{'type': 'Point', 'coordinates': [5.322518058408165, 6.580159456175495]}",391.15214431215895,107,0,1,10,17938.014907963574
"{'type': 'Point', 'coordinates': [9.72426295059382, 7.119148626647208]}",134.1640786499874,189,0,0,40,20058.14563300251
"{'type': 'Point', 'coordinates': [9.230189544328082, 9.814094479005773]}",182.48287590894657,927,0,0,20,12580.060664018249
"{'type': 'Point', 'coordinates': [9.544599893769915, 8.242042731796609]}",84.8528137423857,139,0,0,40,10652.88465944934
"{'type': 'Point', 'coordinates': [6.40049639935159, 9.140358015916132]}",161.55494421403512,145,0,1,40,11445.66945000617
"{'type': 'Point', 'coordinates': [4.558950066906571, 9.095442251710155]}",108.16653826391968,269,0,1,20,11108.401000410493
"{'type': 'Point', 'coordinates': [11.251398933597006, 9.903926007417724]}",67.0820393249937,417,0,0,40,9641.478326270822
"{'type': 'Point', 'coordinates': [8.242042731796609, 9.903926007417724]}",94.86832980505139,775,0,1,20,12814.830976017387
"{'type': 'Point', 'coordinates': [3.8852136038169305, 11.341230462008959]}",108.16653826391968,194,0,1,20,11249.613276724689
"{'type': 'Point', 'coordinates': [5.996254521497805, 6.220833342527686]}",296.98484809834997,130,0,0,10,18246.91957232775
"{'type': 'Point', 'coordinates': [10.936988584155173, 6.8047382772053755]}",174.92855684535903,1273,0,1,30,20795.27859922866
"{'type': 'Point', 'coordinates': [11.745472339862744, 8.286958496002585]}",632.8506932918697,755,0,0,10,15849.216517962264
"{'type': 'Point', 'coordinates': [3.8852136038169305, 11.116651640979079]}",228.47319317591726,238,0,0,40,11339.853466881115
"{'type': 'Point', 'coordinates': [4.828444652142428, 7.029317098235255]}",523.9274758971894,236,0,1,10,17467.552421091124
"{'type': 'Point', 'coordinates': [3.750466311199002, 11.745472339862744]}",90.0,183,0,0,20,8832.068639199182
"{'type': 'Point', 'coordinates': [10.083589064241629, 8.601368845444417]}",67.0820393249937,123,0,0,40,11227.99310081969
"{'type': 'Point', 'coordinates': [5.681844172055973, 9.364936836946011]}",120.0,138,0,1,20,12169.594839216132
"{'type': 'Point', 'coordinates': [3.121645612315337, 8.69120037385637]}",150.0,341,0,0,40,11631.398464014666
"{'type': 'Point', 'coordinates': [6.625075220381471, 9.634431422181867]}",30.0,323,0,0,20,12629.497524950713
"{'type': 'Point', 'coordinates': [4.424202774288643, 12.688703388188241]}",256.3201123595259,213,1,0,40,6617.890498612117
"{'type': 'Point', 'coordinates': [9.634431422181867, 9.454768365357964]}",228.47319317591726,665,0,0,30,10860.634809319105
"{'type': 'Point', 'coordinates': [3.3462244333452174, 9.320021072740035]}",375.89892258425004,392,0,0,20,11810.828126543842
"{'type': 'Point', 'coordinates': [5.502181115232069, 7.43355897608904]}",416.7733196834941,345,0,1,10,14607.66314252137
"{'type': 'Point', 'coordinates': [6.131001814115734, 9.544599893769915]}",60.0,159,0,0,40,11156.765299256273
"{'type': 'Point', 'coordinates': [7.20898015505916, 5.6369284078499975]}",276.5863337187866,161,0,1,10,22497.553716248272
"{'type': 'Point', 'coordinates': [8.197126967590634, 7.119148626647208]}",456.9463863518345,102,0,1,10,13016.626190067283
"{'type': 'Point', 'coordinates': [2.9419825554914327, 6.580159456175495]}",108.16653826391968,28,0,0,10,14686.452898169131
"{'type': 'Point', 'coordinates': [9.140358015916132, 6.265749106733662]}",453.9823785126467,150,0,0,10,24934.749599304396
"{'type': 'Point', 'coordinates': [7.388643211883064, 5.592012643644021]}",390.0,93,0,0,10,22332.744750038655
"{'type': 'Point', 'coordinates': [6.8047382772053755, 6.310664870939639]}",0.0,26,0,0,40,16186.986894642934
"{'type': 'Point', 'coordinates': [4.244539717464739, 8.870863430680274]}",295.4657340538831,390,0,0,20,11702.73136702166
"{'type': 'Point', 'coordinates': [9.095442251710155, 10.308167885271509]}",284.60498941515414,793,0,1,40,13066.79970847629
"{'type': 'Point', 'coordinates': [6.17591757832171, 10.622578234713341]}",480.0,409,0,0,40,11867.079621666402
"{'type': 'Point', 'coordinates': [8.601368845444417, 7.298811683471112]}",271.66155414412253,143,0,0,40,12892.113076386322
"{'type': 'Point', 'coordinates': [11.116651640979079, 9.320021072740035]}",152.97058540778355,154,0,0,40,9313.18555405463
"{'type': 'Point', 'coordinates': [10.577662470507365, 9.903926007417724]}",483.73546489791295,289,0,0,20,9340.351553208777
"{'type': 'Point', 'coordinates': [5.322518058408165, 5.95133875729183]}",0.0,12,0,1,10,24155.844106521457
"{'type': 'Point', 'coordinates': [9.454768365357964, 7.074232862441232]}",0.0,154,0,0,40,18352.354720823467
"{'type': 'Point', 'coordinates': [10.622578234713341, 11.026820112567126]}",450.99889135118724,371,0,0,40,8756.666300349054
"{'type': 'Point', 'coordinates': [4.064876660640834, 8.736116138062346]}",258.0697580112788,442,0,1,20,12089.103561698226
"{'type': 'Point', 'coordinates': [2.9419825554914327, 8.511537317032467]}",295.4657340538831,290,0,0,20,12858.601723996919
"{'type': 'Point', 'coordinates': [9.140358015916132, 6.939485569823304]}",174.92855684535903,193,0,0,40,15385.36130939424
"{'type': 'Point', 'coordinates': [5.457265351026093, 9.993757535829676]}",276.5863337187866,316,0,0,40,11929.405407780348
"{'type': 'Point', 'coordinates': [7.253895919265136, 5.3674338226141405]}",379.47331922020555,103,0,1,10,23222.88874742845
"{'type': 'Point', 'coordinates': [9.185273780122108, 10.75732552733127]}",480.0,646,0,0,40,13019.695040784005
"{'type': 'Point', 'coordinates': [8.825947666474299, 7.43355897608904]}",150.0,142,0,1,40,12504.040486137994
"{'type': 'Point', 'coordinates': [8.870863430680274, 8.286958496002585]}",247.38633753705963,202,0,0,40,12925.545411440755
"{'type': 'Point', 'coordinates': [7.747969325530873, 6.759822512999399]}",247.38633753705963,157,0,0,20,14935.224621688216
"{'type': 'Point', 'coordinates': [7.65813779711892, 5.097939237378284]}",218.40329667841553,74,0,1,10,23784.84081201628
"{'type': 'Point', 'coordinates': [13.901429021749594, 12.149714217716529]}",390.0,293,0,0,30,6875.638575011551
"{'type': 'Point', 'coordinates': [9.095442251710155, 6.8047382772053755]}",268.3281572999748,177,0,0,60,16542.14589159037
"{'type': 'Point', 'coordinates': [2.986898319697409, 8.556453081238441]}",256.3201123595259,326,0,0,20,12346.936414810138
"{'type': 'Point', 'coordinates': [6.40049639935159, 5.322518058408165]}",30.0,24,0,1,10,26662.187086975
"{'type': 'Point', 'coordinates': [4.828444652142428, 8.960694959092226]}",94.86832980505139,161,0,1,20,10832.464804376064
"{'type': 'Point', 'coordinates': [7.20898015505916, 6.6699909845874465]}",258.0697580112788,176,0,0,10,15541.86630396203
"{'type': 'Point', 'coordinates': [10.397999413683461, 6.894569805617327]}",216.33307652783935,672,0,0,10,25837.255665411034
"{'type': 'Point', 'coordinates': [5.861507228879877, 5.232686529996212]}",30.0,12,0,1,10,28220.034774999833
"{'type': 'Point', 'coordinates': [6.759822512999399, 9.72426295059382]}",84.8528137423857,351,0,0,40,12488.445001525706
"{'type': 'Point', 'coordinates': [7.164064390853183, 12.194629981922503]}",228.47319317591726,503,0,0,30,8212.54796294654
"{'type': 'Point', 'coordinates': [11.970051160892623, 11.475977754626888]}",591.6924876994806,404,0,0,40,8553.853234658442
"{'type': 'Point', 'coordinates': [6.759822512999399, 4.648781595318524]}",0.0,9,0,1,95,25220.775573305786
"{'type': 'Point', 'coordinates': [10.98190434836115, 7.029317098235255]}",174.92855684535903,1134,0,1,10,21264.502028716146
"{'type': 'Point', 'coordinates': [5.277602294202189, 8.152211203384658]}",134.1640786499874,503,0,1,10,13494.66898845412
"{'type': 'Point', 'coordinates': [13.721765964925691, 11.655640811450791]}",271.66155414412253,313,0,0,30,8053.621204592963
"{'type': 'Point', 'coordinates': [7.613222032912945, 7.882716618148801]}",84.8528137423857,256,0,0,10,13536.872618482248
"{'type': 'Point', 'coordinates': [2.897066791285457, 7.613222032912945]}",254.5584412271571,165,0,1,20,11632.072880768304
"{'type': 'Point', 'coordinates': [11.475977754626888, 10.84715705574322]}",94.86832980505139,271,0,0,40,8449.460999319886
"{'type': 'Point', 'coordinates': [6.220833342527686, 9.050526487504179]}",201.24611797498108,136,0,0,40,11036.728799975617
"{'type': 'Point', 'coordinates': [5.3674338226141405, 7.253895919265136]}",494.77267507411926,323,0,0,10,15267.09829454124
"{'type': 'Point', 'coordinates': [5.3674338226141405, 10.84715705574322]}",161.55494421403512,282,0,0,40,11724.01933598532
"{'type': 'Point', 'coordinates': [3.840297839610954, 6.6699909845874465]}",30.0,25,0,1,10,17004.783927154727
"{'type': 'Point', 'coordinates': [10.75732552733127, 9.095442251710155]}",84.8528137423857,163,0,0,40,10387.784838585536
"{'type': 'Point', 'coordinates': [8.781031902268323, 6.220833342527686]}",212.13203435596427,128,0,1,10,22146.134597466873
"{'type': 'Point', 'coordinates': [6.759822512999399, 11.835303868274694]}",228.47319317591726,592,0,0,40,9849.633705127086
"{'type': 'Point', 'coordinates': [4.424202774288643, 8.197126967590634]}",150.0,344,0,0,40,12209.339869159681
"{'type': 'Point', 'coordinates': [7.43355897608904, 5.7716757004679256]}",360.0,210,0,1,10,22454.00331005502
"{'type': 'Point', 'coordinates': [9.050526487504179, 8.870863430680274]}",161.55494421403512,246,0,0,40,12767.705251900254
"{'type': 'Point', 'coordinates': [10.353083649477485, 7.747969325530873]}",150.0,175,0,1,20,15865.362001351245
"{'type': 'Point', 'coordinates': [7.43355897608904, 4.873360416348404]}",84.8528137423857,19,0,1,10,26032.63773613423
"{'type': 'Point', 'coordinates': [4.334371245876691, 9.230189544328082]}",189.73665961010278,263,0,1,20,11004.622851588705
"{'type': 'Point', 'coordinates': [2.986898319697409, 6.714906748793423]}",174.92855684535903,68,0,0,50,14738.472692236828
"{'type': 'Point', 'coordinates': [11.700556575656767, 8.46662155282649]}",590.9314681077662,472,0,1,10,14649.150160229252
"{'type': 'Point', 'coordinates': [7.388643211883064, 9.769178714799796]}",161.55494421403512,528,0,1,20,15553.097548033142
"{'type': 'Point', 'coordinates': [4.244539717464739, 11.655640811450791]}",169.7056274847714,169,1,1,40,9439.150427580718
"{'type': 'Point', 'coordinates': [5.457265351026093, 6.580159456175495]}",390.0,143,0,1,10,18046.8961999584
"{'type': 'Point', 'coordinates': [6.17591757832171, 10.892072819949197]}",531.6013544000805,417,0,0,40,11978.99784186274
"{'type': 'Point', 'coordinates': [9.140358015916132, 9.634431422181867]}",108.16653826391968,1047,0,0,40,11757.111311983084
"{'type': 'Point', 'coordinates': [8.781031902268323, 6.849654041411351]}",391.15214431215895,108,0,0,40,15544.810629607959
"{'type': 'Point', 'coordinates': [10.98190434836115, 8.46662155282649]}",216.33307652783935,222,0,0,40,14052.570548944386
"{'type': 'Point', 'coordinates': [5.322518058408165, 7.029317098235255]}",636.3961030678928,313,0,0,10,17262.643084786832
"{'type': 'Point', 'coordinates': [8.197126967590634, 8.646284609650394]}",189.73665961010278,173,0,1,10,14217.530138497914
"{'type': 'Point', 'coordinates': [11.79038810406872, 8.152211203384658]}",660.6814663663572,790,0,0,10,16044.562684849116
"{'type': 'Point', 'coordinates': [10.936988584155173, 8.152211203384658]}",94.86832980505139,180,0,1,40,15291.069769711801
"{'type': 'Point', 'coordinates': [7.388643211883064, 8.870863430680274]}",123.69316876852982,399,0,1,40,13402.412118196014
"{'type': 'Point', 'coordinates': [11.79038810406872, 7.65813779711892]}",642.0280367709809,363,0,0,10,19578.229357999517
"{'type': 'Point', 'coordinates': [7.792885089736849, 10.397999413683461]}",30.0,653,0,0,40,13148.412333146713
"{'type': 'Point', 'coordinates': [7.343727447677088, 4.91827618055438]}",150.0,26,0,1,10,24184.443227007985
"{'type': 'Point', 'coordinates': [13.587018672307762, 10.532746706301388]}",305.9411708155671,965,0,1,30,11589.363011067375
"{'type': 'Point', 'coordinates': [8.421705788620514, 10.218336356859556]}",150.0,783,0,1,20,13137.72832867755
"{'type': 'Point', 'coordinates': [5.322518058408165, 9.9488417716237]}",300.0,287,0,0,40,11964.747197693832
"{'type': 'Point', 'coordinates': [11.925135396686647, 10.128504828447605]}",241.86773244895647,306,0,0,40,10476.653722177958
"{'type': 'Point', 'coordinates': [12.868366445012144, 10.038673300035653]}",421.07006542854594,455,0,0,40,10884.733025140642
"{'type': 'Point', 'coordinates': [5.906422993085854, 12.553956095570312]}",94.86832980505139,330,0,1,40,7596.334448651985
"{'type': 'Point', 'coordinates': [6.041170285703782, 6.40049639935159]}",403.6087214122113,168,0,1,10,18523.70093924366
"{'type': 'Point', 'coordinates': [7.343727447677088, 9.634431422181867]}",240.0,536,0,1,20,15537.0593589229
"{'type': 'Point', 'coordinates': [4.6038658311125475, 9.814094479005773]}",30.0,147,0,0,20,12613.280831739234
"{'type': 'Point', 'coordinates': [9.185273780122108, 10.712409763125294]}",480.93658625644196,648,0,0,20,13155.950724990627
"{'type': 'Point', 'coordinates': [4.289455481670715, 9.634431422181867]}",180.0,260,0,1,40,12634.005203763838
"{'type': 'Point', 'coordinates': [4.1996239532587625, 10.353083649477485]}",60.0,242,0,0,40,11369.1203164931
"{'type': 'Point', 'coordinates': [11.071735876773102, 9.49968412956394]}",234.30749027719963,570,0,1,20,9868.157159343307
"{'type': 'Point', 'coordinates': [10.487830942095414, 12.823450680806168]}",150.0,348,0,0,40,5189.632286054738
"{'type': 'Point', 'coordinates': [8.646284609650394, 8.017463910766729]}",152.97058540778355,148,0,0,20,12598.90632115028
"{'type': 'Point', 'coordinates': [3.3911401975511937, 8.376790024414538]}",212.13203435596427,316,0,1,40,11521.075109375692
"{'type': 'Point', 'coordinates': [5.232686529996212, 9.050526487504179]}",0.0,74,1,0,30,12015.745637475964
"{'type': 'Point', 'coordinates': [10.98190434836115, 9.49968412956394]}",271.66155414412253,394,0,0,20,9279.61992018436
"{'type': 'Point', 'coordinates': [9.409852601151988, 8.376790024414538]}",169.7056274847714,137,0,1,20,11340.846176055566
"{'type': 'Point', 'coordinates': [8.91577919488625, 9.72426295059382]}",30.0,1240,0,0,40,11903.134787134682
"{'type': 'Point', 'coordinates': [8.736116138062346, 9.9488417716237]}",94.86832980505139,1170,0,0,20,12417.87884997802
"{'type': 'Point', 'coordinates': [14.036176314367523, 11.296314697802982]}",550.7267925205746,327,0,0,30,8665.505983780462
"{'type': 'Point', 'coordinates': [8.421705788620514, 6.40049639935159]}",150.0,38,0,0,40,18867.384837917576
"{'type': 'Point', 'coordinates': [7.343727447677088, 5.232686529996212]}",323.10988842807024,88,0,1,10,23035.608806302356
"{'type': 'Point', 'coordinates': [13.452271379689835, 11.341230462008959]}",256.3201123595259,352,0,1,30,9285.49425442359
"{'type': 'Point', 'coordinates': [9.9488417716237, 10.128504828447605]}",189.73665961010278,541,0,0,30,10701.263901033031
"{'type': 'Point', 'coordinates': [5.95133875729183, 8.960694959092226]}",67.0820393249937,184,0,0,40,11976.661440176504
"{'type': 'Point', 'coordinates': [3.256392904933265, 6.6699909845874465]}",127.27922061357854,56,0,0,50,14524.624597183443
"{'type': 'Point', 'coordinates': [6.131001814115734, 6.6699909845874465]}",330.0,302,0,1,10,17386.28411347093
"{'type': 'Point', 'coordinates': [8.46662155282649, 7.20898015505916]}",335.4101966249685,116,0,0,40,12789.3264764236
"{'type': 'Point', 'coordinates': [6.759822512999399, 6.17591757832171]}",0.0,28,1,0,50,17328.57939637266
"{'type': 'Point', 'coordinates': [7.792885089736849, 10.173420592653581]}",94.86832980505139,664,0,1,20,13885.216398907367
"{'type': 'Point', 'coordinates': [11.835303868274694, 7.388643211883064]}",534.1348144429458,1109,0,1,10,20767.83477229625
"{'type': 'Point', 'coordinates': [4.783528887936452, 9.49968412956394]}",67.0820393249937,214,0,0,40,11874.234126139141
"{'type': 'Point', 'coordinates': [7.119148626647208, 4.873360416348404]}",42.42640687119285,23,0,0,50,23130.325102914125
"{'type': 'Point', 'coordinates': [8.781031902268323, 9.814094479005773]}",0.0,1176,0,1,30,12864.958249652402
"{'type': 'Point', 'coordinates': [5.95133875729183, 7.029317098235255]}",450.99889135118724,196,0,0,10,15154.13111528824
"{'type': 'Point', 'coordinates': [11.520893518832862, 10.038673300035653]}",108.16653826391968,282,0,0,40,9893.507304696424
"{'type': 'Point', 'coordinates': [10.892072819949197, 7.298811683471112]}",218.40329667841553,823,0,1,10,22433.20006362468
"{'type': 'Point', 'coordinates': [6.220833342527686, 8.286958496002585]}",192.09372712298546,250,0,1,10,13245.445509615533
"{'type': 'Point', 'coordinates': [9.769178714799796, 10.622578234713341]}",134.1640786499874,538,0,0,40,11215.284063754638
"{'type': 'Point', 'coordinates': [7.747969325530873, 4.558950066906571]}",30.0,14,0,1,30,30258.675202339888
"{'type': 'Point', 'coordinates': [4.109792424846811, 12.0149669250986]}",192.09372712298546,179,0,0,40,8564.127175791822
"{'type': 'Point', 'coordinates': [7.747969325530873, 9.050526487504179]}",150.0,370,0,1,40,13895.929949609945
"{'type': 'Point', 'coordinates': [5.7716757004679256, 6.849654041411351]}",570.0,105,0,1,10,16197.828321414068
"{'type': 'Point', 'coordinates': [6.265749106733662, 9.679347186387844]}",90.0,194,0,0,40,11383.778706628764
"{'type': 'Point', 'coordinates': [4.019960896434859, 7.7030535613248965]}",323.10988842807024,284,0,1,10,13465.185602437145
"{'type': 'Point', 'coordinates': [9.454768365357964, 7.613222032912945]}",174.92855684535903,157,0,0,40,12981.882507187303
"{'type': 'Point', 'coordinates': [6.5352436919695185, 7.029317098235255]}",67.0820393249937,55,0,1,20,13653.790004669776
"{'type': 'Point', 'coordinates': [5.412349586820117, 9.140358015916132]}",90.0,144,0,1,20,11860.494450837752
"{'type': 'Point', 'coordinates': [8.062379674972705, 9.634431422181867]}",30.0,756,0,0,40,15665.920969544179
"{'type': 'Point', 'coordinates': [3.840297839610954, 7.927632382354777]}",152.97058540778355,257,0,1,40,11721.634013689792
"{'type': 'Point', 'coordinates': [14.53024972063326, 11.700556575656767]}",360.0,298,0,0,30,7261.274234858943
"{'type': 'Point', 'coordinates': [5.547096879438045, 8.376790024414538]}",123.69316876852982,223,0,1,20,13711.28217352925
"{'type': 'Point', 'coordinates': [4.4691185384946195, 9.050526487504179]}",174.92855684535903,313,0,0,20,11232.537761827843
"{'type': 'Point', 'coordinates': [7.792885089736849, 4.648781595318524]}",67.0820393249937,26,0,1,10,27208.814699110575
"{'type': 'Point', 'coordinates': [9.275105308534059, 11.475977754626888]}",67.0820393249937,427,0,0,40,8933.509662223638
"{'type': 'Point', 'coordinates': [5.6369284078499975, 11.565809283038838]}",256.3201123595259,387,0,0,40,10342.342764961773
"{'type': 'Point', 'coordinates': [4.738613123730476, 11.835303868274694]}",258.0697580112788,297,0,0,20,9107.750865981274
"{'type': 'Point', 'coordinates': [9.634431422181867, 9.9488417716237]}",335.4101966249685,593,0,0,30,11249.520544405832
"{'type': 'Point', 'coordinates': [3.840297839610954, 10.487830942095414]}",180.0,324,0,1,20,12702.223930264827
"{'type': 'Point', 'coordinates': [7.523390504500992, 5.502181115232069]}",301.4962686336267,132,0,0,10,21185.466247135235
"{'type': 'Point', 'coordinates': [2.986898319697409, 8.46662155282649]}",283.0194339616981,323,0,0,20,12315.485782615808
"{'type': 'Point', 'coordinates': [11.20648316939103, 7.20898015505916]}",210.0,454,0,1,10,21195.71782741294
"{'type': 'Point', 'coordinates': [2.7623194986675284, 7.792885089736849]}",318.9043743820395,184,0,1,20,12465.722293733714
"{'type': 'Point', 'coordinates': [7.253895919265136, 6.131001814115734]}",283.0194339616981,101,0,1,10,18811.2240639776
"{'type': 'Point', 'coordinates': [4.558950066906571, 8.062379674972705]}",90.0,378,0,1,10,14413.230724637957
"{'type': 'Point', 'coordinates': [13.227692558659953, 11.116651640979079]}",390.0,377,0,0,30,9177.736697416
"{'type': 'Point', 'coordinates': [9.454768365357964, 7.478474740295016]}",127.27922061357854,206,0,0,40,13268.789728828306
"{'type': 'Point', 'coordinates': [5.457265351026093, 8.421705788620514]}",174.92855684535903,318,0,1,20,13843.04196418582
"{'type': 'Point', 'coordinates': [7.119148626647208, 8.646284609650394]}",342.05262752974136,225,0,1,10,12494.4974335527
"{'type': 'Point', 'coordinates': [8.601368845444417, 9.005610723298203]}",256.3201123595259,439,0,1,20,16021.809912713561
"{'type': 'Point', 'coordinates': [6.6699909845874465, 5.726759936261949]}",30.0,30,0,1,10,23808.73896811297
"{'type': 'Point', 'coordinates': [5.277602294202189, 9.364936836946011]}",174.92855684535903,149,0,0,20,11705.140438069746
"{'type': 'Point', 'coordinates': [7.478474740295016, 10.577662470507365]}",0.0,605,0,0,40,11621.073986440111
"{'type': 'Point', 'coordinates': [5.187770765790236, 7.164064390853183]}",540.0,313,0,1,50,15772.417975363787
"{'type': 'Point', 'coordinates': [12.643787623982265, 8.825947666474299]}",247.38633753705963,339,0,0,40,12635.974828481209
"{'type': 'Point', 'coordinates': [5.187770765790236, 9.993757535829676]}",284.60498941515414,244,0,0,40,12224.438310954254
"{'type': 'Point', 'coordinates': [7.164064390853183, 11.161567405185055]}",30.0,694,0,0,40,9960.421318711247
"{'type': 'Point', 'coordinates': [5.3674338226141405, 6.445412163557567]}",300.0,92,0,1,10,19923.413987822365
"{'type': 'Point', 'coordinates': [9.903926007417724, 7.927632382354777]}",90.0,150,0,1,40,12424.678615235298
"{'type': 'Point', 'coordinates': [10.802241291537246, 8.46662155282649]}",180.0,248,0,0,40,13552.915869291079
"{'type': 'Point', 'coordinates': [13.49718714389581, 11.116651640979079]}",408.0441152620633,376,0,0,30,9468.669934719277
"{'type': 'Point', 'coordinates': [8.062379674972705, 7.253895919265136]}",400.24992192379,176,0,1,20,12318.695163563767
"{'type': 'Point', 'coordinates': [9.050526487504179, 6.849654041411351]}",258.0697580112788,172,0,0,60,16542.14589159037
"{'type': 'Point', 'coordinates': [13.003113737630073, 10.487830942095414]}",426.38011210655685,477,0,0,40,10698.929344292887
"{'type': 'Point', 'coordinates': [5.726759936261949, 11.431061990420911]}",300.0,429,0,0,40,10455.842370575758
"{'type': 'Point', 'coordinates': [7.478474740295016, 4.6038658311125475]}",30.0,8,0,1,10,29869.35933497222
"{'type': 'Point', 'coordinates': [9.409852601151988, 7.074232862441232]}",30.0,157,0,0,40,17604.79123969376
"{'type': 'Point', 'coordinates': [11.386146226214935, 7.029317098235255]}",150.0,528,0,0,30,19402.544534302782
"{'type': 'Point', 'coordinates': [12.598871859776288, 9.9488417716237]}",366.1966684720111,492,0,1,30,10671.0329374621
"{'type': 'Point', 'coordinates': [11.835303868274694, 8.556453081238441]}",553.1726674375732,828,0,1,10,14738.432902550761
"{'type': 'Point', 'coordinates': [7.074232862441232, 7.20898015505916]}",240.0,221,0,1,10,11903.372596462037
"{'type': 'Point', 'coordinates': [5.008107708966333, 10.173420592653581]}",241.86773244895647,290,0,0,40,11947.605265955266
"{'type': 'Point', 'coordinates': [6.041170285703782, 5.322518058408165]}",108.16653826391968,15,0,1,10,26003.996323205618
"{'type': 'Point', 'coordinates': [5.187770765790236, 10.892072819949197]}",134.1640786499874,292,0,0,40,11622.872788893474
"{'type': 'Point', 'coordinates': [5.502181115232069, 10.712409763125294]}",216.33307652783935,361,0,0,40,12026.08551034816
"{'type': 'Point', 'coordinates': [11.20648316939103, 7.792885089736849]}",381.8376618407357,329,0,0,40,19135.959752390012
"{'type': 'Point', 'coordinates': [6.849654041411351, 5.3674338226141405]}",212.13203435596427,53,0,1,10,24048.376296242524
"{'type': 'Point', 'coordinates': [8.197126967590634, 10.353083649477485]}",254.5584412271571,764,0,1,40,13228.137662871915
"{'type': 'Point', 'coordinates': [7.478474740295016, 10.442915177889438]}",42.42640687119285,615,0,0,40,12062.24670788789
"{'type': 'Point', 'coordinates': [10.128504828447605, 11.116651640979079]}",123.69316876852982,492,0,0,40,9831.82423473095
"{'type': 'Point', 'coordinates': [13.811597493337642, 13.137861030248002]}",60.0,284,1,0,90,3287.8402524661446
"{'type': 'Point', 'coordinates': [13.49718714389581, 10.487830942095414]}",270.0,960,0,0,30,11280.552605857303
"{'type': 'Point', 'coordinates': [8.960694959092226, 9.095442251710155]}",180.0,947,0,1,20,12639.855456075671
"{'type': 'Point', 'coordinates': [8.107295439178682, 5.95133875729183]}",30.0,36,0,0,40,19549.33250334207
"{'type': 'Point', 'coordinates': [8.107295439178682, 9.679347186387844]}",67.0820393249937,754,0,1,20,14960.406218319104
"{'type': 'Point', 'coordinates': [7.792885089736849, 9.140358015916132]}",189.73665961010278,400,0,1,40,14463.068792630447
"{'type': 'Point', 'coordinates': [9.49968412956394, 8.781031902268323]}",42.42640687119285,188,0,0,40,12168.172165845579
"{'type': 'Point', 'coordinates': [8.197126967590634, 8.91577919488625]}",364.96575181789314,433,0,1,20,14563.02664590196
"{'type': 'Point', 'coordinates': [10.308167885271509, 8.736116138062346]}",30.0,140,0,1,20,10931.218500543338
"{'type': 'Point', 'coordinates': [9.140358015916132, 9.993757535829676]}",134.1640786499874,1039,0,1,40,12536.696347230158
"{'type': 'Point', 'coordinates': [3.9301293680229064, 6.984401334029279]}",241.86773244895647,75,0,1,10,15692.829681064366
"{'type': 'Point', 'coordinates': [5.726759936261949, 5.008107708966333]}",0.0,12,0,0,10,32383.38721212931
"{'type': 'Point', 'coordinates': [4.379287010082667, 7.927632382354777]}",120.0,377,0,1,10,14139.539864481136
"{'type': 'Point', 'coordinates': [6.17591757832171, 4.693697359524499]}",30.0,19,0,1,10,31389.81360782683
"{'type': 'Point', 'coordinates': [6.445412163557567, 11.161567405185055]}",331.36083051561786,462,0,1,20,11829.461764621577
"{'type': 'Point', 'coordinates': [5.187770765790236, 7.074232862441232]}",600.0,282,0,1,10,16783.00439791754
"{'type': 'Point', 'coordinates': [10.577662470507365, 7.568306268706968]}",228.47319317591726,350,0,0,10,19390.6484802028
"{'type': 'Point', 'coordinates': [4.379287010082667, 7.20898015505916]}",445.9820624195552,149,0,1,10,16213.966812230647
"{'type': 'Point', 'coordinates': [6.849654041411351, 4.6038658311125475]}",0.0,8,0,0,95,26152.06120571494
"{'type': 'Point', 'coordinates': [6.041170285703782, 5.097939237378284]}",0.0,16,0,1,10,28633.62536990363
"{'type': 'Point', 'coordinates': [7.074232862441232, 10.173420592653581]}",94.86832980505139,501,0,1,20,13261.367783109425
"{'type': 'Point', 'coordinates': [7.7030535613248965, 9.454768365357964]}",60.0,634,0,1,10,15338.045365948004
"{'type': 'Point', 'coordinates': [10.936988584155173, 9.454768365357964]}",247.38633753705963,439,0,1,20,9464.249001421322
"{'type': 'Point', 'coordinates': [13.94634478595557, 11.565809283038838]}",429.5346318982906,312,0,0,30,7915.388632718961
"{'type': 'Point', 'coordinates': [10.532746706301388, 8.107295439178682]}",180.0,199,0,1,20,13491.952105754974
"{'type': 'Point', 'coordinates': [11.970051160892623, 7.882716618148801]}",642.0280367709809,719,0,0,10,15682.569903416683
"{'type': 'Point', 'coordinates': [7.478474740295016, 9.72426295059382]}",150.0,562,0,1,20,15738.245401027547
"{'type': 'Point', 'coordinates': [11.565809283038838, 9.903926007417724]}",30.0,316,0,0,40,9666.205511984648
"{'type': 'Point', 'coordinates': [9.49968412956394, 6.759822512999399]}",108.16653826391968,367,0,1,10,22220.81659623386
"{'type': 'Point', 'coordinates': [13.587018672307762, 12.194629981922503]}",375.89892258425004,295,0,0,30,6703.669936520375
"{'type': 'Point', 'coordinates': [7.20898015505916, 8.69120037385637]}",283.0194339616981,291,0,1,20,12858.041402404937
"{'type': 'Point', 'coordinates': [7.7030535613248965, 6.265749106733662]}",94.86832980505139,72,0,0,10,18666.19331208337
"{'type': 'Point', 'coordinates': [7.253895919265136, 4.558950066906571]}",0.0,4,0,0,95,31902.151648119092
"{'type': 'Point', 'coordinates': [11.296314697802982, 8.017463910766729]}",351.14099732158877,630,0,0,10,17151.165474851514
"{'type': 'Point', 'coordinates': [6.8047382772053755, 6.580159456175495]}",90.0,26,0,1,10,16385.789012633264
"{'type': 'Point', 'coordinates': [6.041170285703782, 8.242042731796609]}",247.38633753705963,358,0,1,10,13441.289582067639
"{'type': 'Point', 'coordinates': [9.49968412956394, 9.9488417716237]}",361.2478373637689,628,0,0,30,12378.731610649847
"{'type': 'Point', 'coordinates': [10.397999413683461, 10.712409763125294]}",384.1874542459709,436,0,0,40,9326.677325400833
"{'type': 'Point', 'coordinates': [13.362439851277882, 11.565809283038838]}",94.86832980505139,341,0,0,20,7883.372032679021
"{'type': 'Point', 'coordinates': [5.053023473172308, 7.523390504500992]}",313.20919526731655,378,0,1,10,15311.239168588043
"{'type': 'Point', 'coordinates': [5.95133875729183, 11.116651640979079]}",450.99889135118724,482,0,1,40,10979.992767893145
"{'type': 'Point', 'coordinates': [7.029317098235255, 9.769178714799796]}",67.0820393249937,418,0,0,40,13862.275626509949
"{'type': 'Point', 'coordinates': [12.464124567158361, 9.634431422181867]}",150.0,257,0,0,40,9748.724021692891
"{'type': 'Point', 'coordinates': [7.298811683471112, 6.220833342527686]}",268.3281572999748,123,0,0,10,17810.199219665177
"{'type': 'Point', 'coordinates': [11.161567405185055, 8.825947666474299]}",174.92855684535903,202,0,0,40,11921.226651245233
"{'type': 'Point', 'coordinates': [8.017463910766729, 10.936988584155173]}",192.09372712298546,688,0,0,40,11283.266777874436
"{'type': 'Point', 'coordinates': [5.996254521497805, 8.960694959092226]}",94.86832980505139,124,0,0,40,11976.661440176504
"{'type': 'Point', 'coordinates': [12.688703388188241, 9.679347186387844]}",228.47319317591726,217,0,0,40,9747.188392060798
"{'type': 'Point', 'coordinates': [4.424202774288643, 7.029317098235255]}",349.85711369071805,155,0,1,10,17921.48992711678
"{'type': 'Point', 'coordinates': [9.993757535829676, 11.026820112567126]}",42.42640687119285,584,0,1,20,10377.130641817319
"{'type': 'Point', 'coordinates': [6.8047382772053755, 10.622578234713341]}",305.9411708155671,554,0,1,20,12221.80507376173
"{'type': 'Point', 'coordinates': [5.816591464673902, 6.220833342527686]}",216.33307652783935,59,0,1,30,19678.86887411028
"{'type': 'Point', 'coordinates': [11.655640811450791, 7.119148626647208]}",318.9043743820395,818,0,0,10,19338.72899880004
"{'type': 'Point', 'coordinates': [6.759822512999399, 8.601368845444417]}",192.09372712298546,201,0,1,10,11760.517966214042
"{'type': 'Point', 'coordinates': [7.882716618148801, 7.65813779711892]}",201.24611797498108,142,0,0,20,12881.110630658633
"{'type': 'Point', 'coordinates': [8.736116138062346, 8.376790024414538]}",234.30749027719963,199,0,0,40,13646.46254581245
"{'type': 'Point', 'coordinates': [5.232686529996212, 7.074232862441232]}",600.7495318350236,272,0,0,10,16783.798831263557
"{'type': 'Point', 'coordinates': [4.91827618055438, 8.781031902268323]}",228.47319317591726,264,0,0,20,12508.713188406844
"{'type': 'Point', 'coordinates': [12.149714217716529, 8.556453081238441]}",394.58839313897715,507,0,0,40,13256.293225438596
"{'type': 'Point', 'coordinates': [3.8852136038169305, 12.194629981922503]}",240.0,236,0,0,40,7921.681157417959
"{'type': 'Point', 'coordinates': [12.149714217716529, 8.286958496002585]}",408.0441152620633,468,0,0,40,13849.863658161265
"{'type': 'Point', 'coordinates': [5.906422993085854, 7.523390504500992]}",295.4657340538831,324,0,0,20,13597.922117631882
"{'type': 'Point', 'coordinates': [6.894569805617327, 11.925135396686647]}",234.30749027719963,561,0,0,40,9499.204632778965
"{'type': 'Point', 'coordinates': [3.705550546993026, 12.0149669250986]}",169.7056274847714,243,0,0,40,8575.35540182778
"{'type': 'Point', 'coordinates': [10.75732552733127, 7.65813779711892]}",323.10988842807024,585,0,1,10,19003.527982851312
"{'type': 'Point', 'coordinates': [7.253895919265136, 8.511537317032467]}",313.20919526731655,254,0,1,10,12708.283077168966
"{'type': 'Point', 'coordinates': [6.355580635145614, 5.996254521497805]}",201.24611797498108,48,0,1,10,19555.4466356989
"{'type': 'Point', 'coordinates': [6.355580635145614, 4.738613123730476]}",60.0,19,0,0,10,28939.26344911754
"{'type': 'Point', 'coordinates': [11.20648316939103, 6.849654041411351]}",30.0,1560,0,0,30,19357.581539648007
"{'type': 'Point', 'coordinates': [10.173420592653581, 8.870863430680274]}",134.1640786499874,165,0,1,20,10491.792764354357
"{'type': 'Point', 'coordinates': [8.197126967590634, 7.65813779711892]}",120.0,123,0,1,30,12252.58986427305
"{'type': 'Point', 'coordinates': [3.705550546993026, 9.9488417716237]}",450.0,321,0,0,20,13206.366389445504
"{'type': 'Point', 'coordinates': [11.745472339862744, 7.568306268706968]}",576.2811813689564,677,0,0,10,20073.875350557268
"{'type': 'Point', 'coordinates': [11.341230462008959, 9.544599893769915]}",134.1640786499874,305,0,0,40,10156.255093001313
"{'type': 'Point', 'coordinates': [7.8378008539428246, 6.5352436919695185]}",150.0,84,0,0,10,17241.133927683462
"{'type': 'Point', 'coordinates': [5.861507228879877, 5.547096879438045]}",42.42640687119285,15,0,1,30,24253.975123095122
"{'type': 'Point', 'coordinates': [12.958197973424097, 11.161567405185055]}",402.49223594996215,384,0,0,30,9759.038481434678
"{'type': 'Point', 'coordinates': [7.792885089736849, 9.9488417716237]}",127.27922061357854,713,0,1,20,14418.426440947802
"{'type': 'Point', 'coordinates': [5.547096879438045, 9.903926007417724]}",335.4101966249685,277,0,0,40,12087.198769772405
"{'type': 'Point', 'coordinates': [6.131001814115734, 10.038673300035653]}",94.86832980505139,264,0,1,40,11747.3869691398
"{'type': 'Point', 'coordinates': [5.322518058408165, 6.041170285703782]}",42.42640687119285,18,0,0,10,23818.983964968473
"{'type': 'Point', 'coordinates': [5.6369284078499975, 8.376790024414538]}",120.0,198,0,1,20,13532.014691322685
"{'type': 'Point', 'coordinates': [8.646284609650394, 8.421705788620514]}",189.73665961010278,219,0,0,40,13836.48262610436
"{'type': 'Point', 'coordinates': [8.960694959092226, 10.487830942095414]}",375.89892258425004,923,0,1,40,14377.928746132995
"{'type': 'Point', 'coordinates': [9.095442251710155, 8.152211203384658]}",152.97058540778355,128,0,1,40,12298.847688109969
"{'type': 'Point', 'coordinates': [10.98190434836115, 9.544599893769915]}",276.5863337187866,474,0,0,20,9532.771301247687
"{'type': 'Point', 'coordinates': [4.963191944760356, 10.577662470507365]}",30.0,284,0,1,20,11964.274637816845
"{'type': 'Point', 'coordinates': [12.104798453510552, 10.263252121065532]}",180.0,371,0,0,40,10603.467256433476
"{'type': 'Point', 'coordinates': [3.031814083903385, 7.20898015505916]}",123.69316876852982,105,0,1,20,11443.603821458644
"{'type': 'Point', 'coordinates': [5.502181115232069, 6.939485569823304]}",630.0,131,0,1,10,16322.729638850316
"{'type': 'Point', 'coordinates': [4.424202774288643, 11.026820112567126]}",84.8528137423857,184,0,0,40,10472.5343461966
"{'type': 'Point', 'coordinates': [10.397999413683461, 10.84715705574322]}",335.4101966249685,527,0,0,40,9352.192891496896
"{'type': 'Point', 'coordinates': [6.17591757832171, 10.173420592653581]}",180.0,264,0,0,40,11689.329711881
"{'type': 'Point', 'coordinates': [5.861507228879877, 8.017463910766729]}",150.0,336,0,1,20,14922.59893393892
"{'type': 'Point', 'coordinates': [14.30567089960338, 12.329377274540432]}",305.9411708155671,289,0,0,30,6739.331332189001
"{'type': 'Point', 'coordinates': [6.6699909845874465, 7.7030535613248965]}",42.42640687119285,216,0,1,10,12798.373184727665
"{'type': 'Point', 'coordinates': [7.298811683471112, 5.277602294202189]}",335.4101966249685,68,0,1,10,23135.459262090506
"{'type': 'Point', 'coordinates': [11.026820112567126, 9.364936836946011]}",180.0,322,0,0,40,9480.35986866289
"{'type': 'Point', 'coordinates': [10.308167885271509, 7.119148626647208]}",90.0,806,0,0,10,23486.194225433515
"{'type': 'Point', 'coordinates': [10.442915177889438, 8.197126967590634]}",134.1640786499874,174,0,1,40,13317.281768517496
"{'type': 'Point', 'coordinates': [11.475977754626888, 8.781031902268323]}",342.05262752974136,304,0,0,40,13287.968868682543
"{'type': 'Point', 'coordinates': [5.996254521497805, 8.197126967590634]}",212.13203435596427,330,0,1,20,12881.406507370004
"{'type': 'Point', 'coordinates': [4.244539717464739, 7.613222032912945]}",276.5863337187866,257,0,1,10,13987.995293694723
"{'type': 'Point', 'coordinates': [6.17591757832171, 7.882716618148801]}",150.0,457,0,1,20,13628.074523694544
"{'type': 'Point', 'coordinates': [11.475977754626888, 8.736116138062346]}",366.1966684720111,459,0,0,20,13090.587365106818
"{'type': 'Point', 'coordinates': [12.059882689304576, 9.589515657975891]}",60.0,153,1,0,40,8880.47438280394
"{'type': 'Point', 'coordinates': [10.083589064241629, 7.164064390853183]}",134.1640786499874,283,0,0,20,20968.419074443635
"{'type': 'Point', 'coordinates': [8.197126967590634, 5.053023473172308]}",30.0,70,0,1,10,27576.562537431717
"{'type': 'Point', 'coordinates': [8.286958496002585, 11.296314697802982]}",84.8528137423857,558,0,0,40,9705.146040624131
"{'type': 'Point', 'coordinates': [10.218336356859556, 9.9488417716237]}",384.1874542459709,548,0,1,20,10345.291109413723
"{'type': 'Point', 'coordinates': [8.601368845444417, 10.173420592653581]}",150.0,784,0,0,40,13072.717770854593
"{'type': 'Point', 'coordinates': [8.376790024414538, 10.173420592653581]}",123.69316876852982,762,0,0,40,13111.448190526862
"{'type': 'Point', 'coordinates': [4.064876660640834, 10.397999413683461]}",67.0820393249937,289,0,1,20,11947.943816079041
"{'type': 'Point', 'coordinates': [7.882716618148801, 10.75732552733127]}",94.86832980505139,660,0,1,40,11981.955888147466
"{'type': 'Point', 'coordinates': [6.984401334029279, 7.8378008539428246]}",30.0,73,0,1,10,12705.500727135455
"{'type': 'Point', 'coordinates': [5.412349586820117, 11.745472339862744]}",228.47319317591726,370,0,0,40,9647.905061965384
"{'type': 'Point', 'coordinates': [5.097939237378284, 6.5352436919695185]}",342.05262752974136,66,0,1,10,19496.032050509006
"{'type': 'Point', 'coordinates': [5.457265351026093, 8.197126967590634]}",90.0,312,0,1,20,13238.349786409555
"{'type': 'Point', 'coordinates': [4.154708189052787, 7.882716618148801]}",182.48287590894657,341,0,1,10,13715.227786058793
"{'type': 'Point', 'coordinates': [8.376790024414538, 7.253895919265136]}",323.10988842807024,136,0,0,40,12488.186397523852
"{'type': 'Point', 'coordinates': [4.558950066906571, 8.017463910766729]}",60.0,357,0,1,10,15405.286701567267
"{'type': 'Point', 'coordinates': [5.996254521497805, 10.442915177889438]}",379.47331922020555,264,0,0,40,11564.124388942728
"{'type': 'Point', 'coordinates': [7.164064390853183, 7.119148626647208]}",300.0,116,0,0,10,12319.573303206475
"{'type': 'Point', 'coordinates': [3.66063478278705, 7.8378008539428246]}",218.40329667841553,239,0,1,20,12621.784538123844
"{'type': 'Point', 'coordinates': [10.622578234713341, 7.43355897608904]}",152.97058540778355,748,0,1,10,20954.76515316293
"{'type': 'Point', 'coordinates': [10.263252121065532, 8.736116138062346]}",30.0,143,0,1,20,11002.604317552079
"{'type': 'Point', 'coordinates': [7.65813779711892, 8.152211203384658]}",90.0,79,0,0,40,12300.655920332096
"{'type': 'Point', 'coordinates': [5.906422993085854, 9.993757535829676]}",189.73665961010278,196,0,0,40,10760.993783910351
"{'type': 'Point', 'coordinates': [12.149714217716529, 11.520893518832862]}",660.6814663663572,421,0,0,40,8638.675748558931
"{'type': 'Point', 'coordinates': [11.431061990420911, 9.903926007417724]}",108.16653826391968,328,0,0,20,9297.615272299201
"{'type': 'Point', 'coordinates': [9.005610723298203, 8.601368845444417]}",42.42640687119285,136,0,0,40,13612.062885901545
"{'type': 'Point', 'coordinates': [11.431061990420911, 10.84715705574322]}",108.16653826391968,285,0,0,40,8440.49697299246
"{'type': 'Point', 'coordinates': [12.464124567158361, 8.960694959092226]}",228.47319317591726,800,0,0,40,12701.186229497427
"{'type': 'Point', 'coordinates': [8.781031902268323, 8.286958496002585]}",268.3281572999748,153,0,1,40,13264.095731654414
"{'type': 'Point', 'coordinates': [11.700556575656767, 11.925135396686647]}",706.1161377563892,388,0,0,40,7408.629776449229
"{'type': 'Point', 'coordinates': [7.7030535613248965, 7.478474740295016]}",330.0,353,0,1,10,13652.276477091902
"{'type': 'Point', 'coordinates': [5.906422993085854, 11.520893518832862]}",424.26406871192853,414,0,0,40,10432.862440237397
"{'type': 'Point', 'coordinates': [4.738613123730476, 9.9488417716237]}",67.0820393249937,233,0,1,20,12247.722263404052
"{'type': 'Point', 'coordinates': [3.7953820754049783, 7.43355897608904]}",379.47331922020555,216,0,1,10,13812.722020466164
"{'type': 'Point', 'coordinates': [12.733619152394217, 10.308167885271509]}",445.9820624195552,478,0,0,40,11947.769974656167
"{'type': 'Point', 'coordinates': [5.6369284078499975, 6.714906748793423]}",488.3646178829912,67,0,1,10,16590.78406556649
"{'type': 'Point', 'coordinates': [5.816591464673902, 10.712409763125294]}",366.1966684720111,416,0,1,40,11987.01219896778
"{'type': 'Point', 'coordinates': [3.256392904933265, 9.185273780122108]}",335.4101966249685,415,0,0,40,11320.240984929704
"{'type': 'Point', 'coordinates': [10.84715705574322, 9.005610723298203]}",0.0,162,0,0,40,10672.734838496905
"{'type': 'Point', 'coordinates': [4.109792424846811, 6.759822512999399]}",120.0,26,0,1,10,17444.590701598878
"{'type': 'Point', 'coordinates': [6.984401334029279, 5.906422993085854]}",169.7056274847714,69,0,1,10,19687.413477094145
"{'type': 'Point', 'coordinates': [6.625075220381471, 5.502181115232069]}",42.42640687119285,30,0,1,10,25433.154212735593
"{'type': 'Point', 'coordinates': [5.502181115232069, 5.502181115232069]}",0.0,10,0,0,95,29490.26451424416
"{'type': 'Point', 'coordinates': [4.4691185384946195, 8.421705788620514]}",60.0,335,0,1,30,11946.840689041113
"{'type': 'Point', 'coordinates': [12.059882689304576, 9.769178714799796]}",0.0,179,1,0,40,9019.057255315674
"{'type': 'Point', 'coordinates': [6.220833342527686, 12.059882689304576]}",270.0,393,0,0,30,9433.487081422636
"{'type': 'Point', 'coordinates': [11.610725047244815, 9.72426295059382]}",120.0,326,0,0,30,9397.040874318229
"{'type': 'Point', 'coordinates': [11.071735876773102, 8.331874260208561]}",201.24611797498108,229,0,1,40,15364.08544639751
"{'type': 'Point', 'coordinates': [5.232686529996212, 6.939485569823304]}",615.5485358604958,196,0,1,10,17131.64981124364
"{'type': 'Point', 'coordinates': [3.5258874901691217, 6.984401334029279]}",241.86773244895647,126,0,1,10,14170.07031246787
"{'type': 'Point', 'coordinates': [4.424202774288643, 6.490327927763542]}",90.0,20,0,1,10,18704.907415285707
"{'type': 'Point', 'coordinates': [4.963191944760356, 6.6699909845874465]}",361.2478373637689,60,0,1,10,18736.65902539715
"{'type': 'Point', 'coordinates': [7.388643211883064, 7.7030535613248965]}",212.13203435596427,359,0,1,10,14084.572178813603
"{'type': 'Point', 'coordinates': [12.374293038746409, 10.892072819949197]}",300.0,481,0,0,20,9998.356143952527
"{'type': 'Point', 'coordinates': [11.20648316939103, 8.421705788620514]}",308.86890422961005,530,0,0,10,15425.100045200108
"{'type': 'Point', 'coordinates': [11.116651640979079, 11.071735876773102]}",361.2478373637689,314,0,0,40,8228.044368640425
"{'type': 'Point', 'coordinates': [5.232686529996212, 5.816591464673902]}",0.0,9,0,1,95,17774.675866169855
"{'type': 'Point', 'coordinates': [4.963191944760356, 7.523390504500992]}",335.4101966249685,395,0,1,10,15139.805269463832
"{'type': 'Point', 'coordinates': [10.487830942095414, 8.286958496002585]}",67.0820393249937,144,0,1,40,13015.22537251015
"{'type': 'Point', 'coordinates': [6.625075220381471, 5.906422993085854]}",30.0,30,0,1,10,21108.65899700299
"{'type': 'Point', 'coordinates': [8.46662155282649, 11.161567405185055]}",67.0820393249937,627,0,0,40,10749.292882703012
"{'type': 'Point', 'coordinates': [7.613222032912945, 7.164064390853183]}",510.8815909777921,364,0,1,10,13362.683519764803
"{'type': 'Point', 'coordinates': [7.298811683471112, 10.892072819949197]}",134.1640786499874,608,0,0,20,11569.632524677087
"{'type': 'Point', 'coordinates': [6.5352436919695185, 6.041170285703782]}",120.0,30,0,1,10,20735.87098621321
"{'type': 'Point', 'coordinates': [6.984401334029279, 5.008107708966333]}",108.16653826391968,34,0,1,10,23235.640949331224
"{'type': 'Point', 'coordinates': [7.478474740295016, 9.409852601151988]}",150.0,691,0,1,10,15216.20376397084
"{'type': 'Point', 'coordinates': [6.041170285703782, 9.634431422181867]}",30.0,95,0,0,40,11612.075474318612
"{'type': 'Point', 'coordinates': [6.131001814115734, 8.376790024414538]}",218.40329667841553,227,0,1,20,13130.02511210362
"{'type': 'Point', 'coordinates': [6.580159456175495, 7.613222032912945]}",90.0,101,0,1,20,13181.635251894593
"{'type': 'Point', 'coordinates': [11.296314697802982, 7.523390504500992]}",424.26406871192853,828,0,0,10,20460.029911243946
"{'type': 'Point', 'coordinates': [9.050526487504179, 10.173420592653581]}",189.73665961010278,845,0,0,40,12893.526126923738
"{'type': 'Point', 'coordinates': [12.194629981922503, 11.20648316939103]}",453.9823785126467,491,0,0,20,8749.041399412516
"{'type': 'Point', 'coordinates': [6.17591757832171, 7.8378008539428246]}",127.27922061357854,481,0,1,20,13891.763463632196
"{'type': 'Point', 'coordinates': [11.071735876773102, 7.253895919265136]}",256.3201123595259,1070,0,1,10,22123.360052393342
"{'type': 'Point', 'coordinates': [12.104798453510552, 11.431061990420911]}",600.0,412,0,0,30,8795.092983241359
"{'type': 'Point', 'coordinates': [9.9488417716237, 7.119148626647208]}",212.13203435596427,240,0,0,30,21515.348339239135
"{'type': 'Point', 'coordinates': [4.828444652142428, 7.747969325530873]}",201.24611797498108,374,0,1,10,15212.348026299598
"{'type': 'Point', 'coordinates': [9.9488417716237, 7.927632382354777]}",60.0,133,0,0,20,12424.678615235298
"{'type': 'Point', 'coordinates': [8.197126967590634, 9.72426295059382]}",67.0820393249937,865,0,1,20,14310.905877393972
"{'type': 'Point', 'coordinates': [9.993757535829676, 8.062379674972705]}",30.0,146,0,1,20,11527.170850992508
"{'type': 'Point', 'coordinates': [5.547096879438045, 7.65813779711892]}",318.9043743820395,417,0,1,10,15305.808100321505
"{'type': 'Point', 'coordinates': [8.91577919488625, 6.40049639935159]}",335.4101966249685,212,0,0,10,20774.849357215724
"{'type': 'Point', 'coordinates': [10.487830942095414, 9.454768365357964]}",384.1874542459709,221,0,0,30,10176.86252996989
"{'type': 'Point', 'coordinates': [6.265749106733662, 7.747969325530873]}",42.42640687119285,239,0,0,20,13240.867813986635
"{'type': 'Point', 'coordinates': [7.65813779711892, 8.242042731796609]}",150.0,170,0,1,10,12055.448426256287
"{'type': 'Point', 'coordinates': [7.523390504500992, 9.993757535829676]}",30.0,629,0,1,20,14239.25584850818
"{'type': 'Point', 'coordinates': [3.0767298481093612, 7.8378008539428246]}",335.4101966249685,190,0,1,20,12020.17501329031
"{'type': 'Point', 'coordinates': [4.783528887936452, 6.8047382772053755]}",375.89892258425004,144,0,0,10,18765.687138348818
"{'type': 'Point', 'coordinates': [6.5352436919695185, 6.8047382772053755]}",60.0,46,0,1,10,15896.469227371737
"{'type': 'Point', 'coordinates': [4.064876660640834, 6.894569805617327]}",210.0,67,0,1,10,16910.19535749065
"{'type': 'Point', 'coordinates': [9.993757535829676, 7.164064390853183]}",189.73665961010278,337,0,0,40,20763.15739004407
"{'type': 'Point', 'coordinates': [6.939485569823304, 5.502181115232069]}",174.92855684535903,67,0,1,30,22140.878528592497
"{'type': 'Point', 'coordinates': [12.823450680806168, 10.173420592653581]}",453.9823785126467,538,0,0,40,11721.372544738104
"{'type': 'Point', 'coordinates': [8.601368845444417, 9.814094479005773]}",67.0820393249937,807,0,0,40,12811.809808156284
"{'type': 'Point', 'coordinates': [12.104798453510552, 9.544599893769915]}",30.0,148,1,0,30,9031.741047754262
"{'type': 'Point', 'coordinates': [10.75732552733127, 10.84715705574322]}",496.58836071740546,455,0,0,40,9750.586910944327
"{'type': 'Point', 'coordinates': [9.634431422181867, 11.700556575656767]}",216.33307652783935,396,1,1,40,7742.34017074244
"{'type': 'Point', 'coordinates': [4.873360416348404, 9.185273780122108]}",30.0,86,1,0,40,11828.32124953928
"{'type': 'Point', 'coordinates': [6.131001814115734, 11.251398933597006]}",540.0,507,0,0,40,11332.423374484024
"{'type': 'Point', 'coordinates': [6.131001814115734, 4.91827618055438]}",0.0,19,0,1,10,28769.958584953332
"{'type': 'Point', 'coordinates': [7.029317098235255, 4.828444652142428]}",30.0,17,0,0,50,22186.291135922074
"{'type': 'Point', 'coordinates': [6.580159456175495, 8.286958496002585]}",30.0,59,1,1,20,11774.2346577394
"{'type': 'Point', 'coordinates': [6.220833342527686, 6.580159456175495]}",271.66155414412253,260,0,1,10,16930.17095513339
"{'type': 'Point', 'coordinates': [9.320021072740035, 7.253895919265136]}",0.0,135,0,0,40,14450.3476098112
"{'type': 'Point', 'coordinates': [10.802241291537246, 9.050526487504179]}",42.42640687119285,147,0,0,20,10346.849361083861
"{'type': 'Point', 'coordinates': [5.7716757004679256, 9.49968412956394]}",67.0820393249937,113,0,0,40,11827.466723307269
"{'type': 'Point', 'coordinates': [7.43355897608904, 7.568306268706968]}",300.0,330,0,1,10,13492.710090051041
"{'type': 'Point', 'coordinates': [5.097939237378284, 11.520893518832862]}",134.1640786499874,287,0,0,40,10631.854480137721
"{'type': 'Point', 'coordinates': [7.119148626647208, 11.475977754626888]}",0.0,691,0,0,40,10057.608563512797
"{'type': 'Point', 'coordinates': [9.49968412956394, 6.580159456175495]}",218.40329667841553,354,0,1,10,23135.676650587986
"{'type': 'Point', 'coordinates': [12.688703388188241, 11.296314697802982]}",450.0,391,0,0,20,9551.217283629858
"{'type': 'Point', 'coordinates': [7.792885089736849, 5.996254521497805]}",150.0,48,0,0,10,18618.735057523474
"{'type': 'Point', 'coordinates': [6.894569805617327, 6.8047382772053755]}",150.0,31,0,0,30,14957.127537960187
"{'type': 'Point', 'coordinates': [9.140358015916132, 10.98190434836115]}",366.1966684720111,782,0,1,20,12555.485601956723
"{'type': 'Point', 'coordinates': [6.849654041411351, 8.781031902268323]}",295.4657340538831,151,0,1,20,12320.583704240411
"{'type': 'Point', 'coordinates': [8.960694959092226, 6.265749106733662]}",335.4101966249685,296,0,0,10,24139.436024706134
"{'type': 'Point', 'coordinates': [7.298811683471112, 11.20648316939103]}",30.0,659,0,0,40,10062.620126623868
"{'type': 'Point', 'coordinates': [9.364936836946011, 10.397999413683461]}",330.0,687,0,0,30,12470.725646179373
"{'type': 'Point', 'coordinates': [12.149714217716529, 8.511537317032467]}",391.15214431215895,456,0,0,40,13600.398041540997
"{'type': 'Point', 'coordinates': [5.008107708966333, 8.511537317032467]}",271.66155414412253,307,0,1,20,13332.409276505647
"{'type': 'Point', 'coordinates': [10.892072819949197, 7.343727447677088]}",228.47319317591726,762,0,1,10,22252.985387841487
"{'type': 'Point', 'coordinates': [12.194629981922503, 8.781031902268323]}",390.0,385,0,0,40,12600.26320616457
"{'type': 'Point', 'coordinates': [6.086086049909758, 11.026820112567126]}",540.8326913195983,470,0,0,40,11686.367370671724
"{'type': 'Point', 'coordinates': [8.511537317032467, 5.008107708966333]}",108.16653826391968,36,0,0,10,27761.534879535437
"{'type': 'Point', 'coordinates': [5.681844172055973, 11.655640811450791]}",308.86890422961005,377,0,0,40,9967.976977857747
"{'type': 'Point', 'coordinates': [10.442915177889438, 9.903926007417724]}",510.8815909777921,381,0,0,20,9426.255161003472
"{'type': 'Point', 'coordinates': [7.792885089736849, 5.681844172055973]}",120.0,107,0,1,10,21983.929765395562
"{'type': 'Point', 'coordinates': [7.298811683471112, 6.17591757832171]}",283.0194339616981,142,0,1,10,18596.968912929296
"{'type': 'Point', 'coordinates': [11.161567405185055, 8.69120037385637]}",234.30749027719963,284,0,0,40,13001.56799951525
"{'type': 'Point', 'coordinates': [3.7953820754049783, 11.475977754626888]}",60.0,245,0,1,40,9918.140168169144
"{'type': 'Point', 'coordinates': [9.140358015916132, 8.242042731796609]}",210.0,177,0,0,40,12185.995349931756
"{'type': 'Point', 'coordinates': [9.49968412956394, 9.140358015916132]}",180.0,467,0,0,20,11294.198515386146
"{'type': 'Point', 'coordinates': [12.194629981922503, 10.038673300035653]}",201.24611797498108,546,0,0,20,10441.524882134516
"{'type': 'Point', 'coordinates': [7.927632382354777, 8.556453081238441]}",90.0,282,0,1,40,13236.444020470291
"{'type': 'Point', 'coordinates': [3.3013086691392415, 8.331874260208561]}",241.86773244895647,287,0,0,20,12313.867257604237
"{'type': 'Point', 'coordinates': [5.277602294202189, 11.745472339862744]}",210.0,363,0,0,20,9696.89776224861
"{'type': 'Point', 'coordinates': [10.442915177889438, 12.733619152394217]}",94.86832980505139,350,0,0,40,5293.972049788196
"{'type': 'Point', 'coordinates': [8.376790024414538, 6.355580635145614]}",123.69316876852982,44,0,0,40,19233.395731837227
"{'type': 'Point', 'coordinates': [8.736116138062346, 5.7716757004679256]}",300.0,102,0,1,10,27222.268836426054
"{'type': 'Point', 'coordinates': [5.861507228879877, 7.523390504500992]}",323.10988842807024,343,0,1,20,13765.956068543717
"{'type': 'Point', 'coordinates': [5.187770765790236, 8.69120037385637]}",218.40329667841553,239,0,1,20,12946.993317409335
"{'type': 'Point', 'coordinates': [7.343727447677088, 11.835303868274694]}",161.55494421403512,568,0,0,40,9018.88725092585
"{'type': 'Point', 'coordinates': [6.939485569823304, 6.355580635145614]}",30.0,58,0,0,40,16377.61070817709
"{'type': 'Point', 'coordinates': [3.705550546993026, 11.520893518832862]}",42.42640687119285,179,0,0,40,9734.712196998875
"{'type': 'Point', 'coordinates': [5.142855001584261, 6.759822512999399]}",483.73546489791295,65,0,1,10,17996.67602335289
"{'type': 'Point', 'coordinates': [12.643787623982265, 11.565809283038838]}",400.24992192379,375,0,0,30,8310.145068569065
"{'type': 'Point', 'coordinates': [5.412349586820117, 10.802241291537246]}",201.24611797498108,294,0,1,40,11844.324411306097
"{'type': 'Point', 'coordinates': [7.43355897608904, 7.7030535613248965]}",218.40329667841553,383,0,1,10,13864.222364324074
"{'type': 'Point', 'coordinates': [12.958197973424097, 10.442915177889438]}",432.6661530556787,499,0,0,30,11311.85799885401
"{'type': 'Point', 'coordinates': [5.592012643644021, 4.828444652142428]}",0.0,11,0,0,95,32435.109006883577
"{'type': 'Point', 'coordinates': [3.7953820754049783, 11.565809283038838]}",0.0,173,1,0,40,10383.74769768641
"{'type': 'Point', 'coordinates': [11.341230462008959, 10.712409763125294]}",120.0,372,0,0,40,8437.220152774476
"{'type': 'Point', 'coordinates': [3.9750451322288827, 12.284461510334456]}",276.5863337187866,189,1,0,40,8147.4687644195665
"{'type': 'Point', 'coordinates': [5.457265351026093, 9.320021072740035]}",210.0,179,0,1,20,11922.645918232614
"{'type': 'Point', 'coordinates': [12.733619152394217, 9.9488417716237]}",394.58839313897715,430,0,1,20,10602.61081658586
"{'type': 'Point', 'coordinates': [7.7030535613248965, 6.8047382772053755]}",271.66155414412253,172,0,0,10,14414.823129235652
"{'type': 'Point', 'coordinates': [7.43355897608904, 5.726759936261949]}",360.0,134,0,1,10,22936.332449192298
"{'type': 'Point', 'coordinates': [6.086086049909758, 11.655640811450791]}",488.3646178829912,397,0,0,40,10170.302326908986
"{'type': 'Point', 'coordinates': [7.8378008539428246, 9.364936836946011]}",67.0820393249937,628,0,1,20,15446.311763068737
"{'type': 'Point', 'coordinates': [4.783528887936452, 9.859010243211747]}",90.0,248,0,0,20,12597.922016638506
"{'type': 'Point', 'coordinates': [4.154708189052787, 7.8378008539428246]}",212.13203435596427,293,0,1,10,13455.114241355157
"{'type': 'Point', 'coordinates': [3.9750451322288827, 7.7030535613248965]}",323.10988842807024,308,0,1,10,13576.808679147098
"{'type': 'Point', 'coordinates': [9.993757535829676, 10.487830942095414]}",94.86832980505139,563,0,0,30,10785.261043319348
"{'type': 'Point', 'coordinates': [6.759822512999399, 6.759822512999399]}",90.0,29,0,0,30,15429.853571339045
"{'type': 'Point', 'coordinates': [6.6699909845874465, 12.958197973424097]}",150.0,364,0,0,30,6484.190651208343
"{'type': 'Point', 'coordinates': [12.104798453510552, 8.736116138062346]}",442.944691807002,404,0,0,40,12684.327979210973
"{'type': 'Point', 'coordinates': [2.8072352628735047, 8.242042731796609]}",284.60498941515414,218,0,1,20,13095.330704151096
"{'type': 'Point', 'coordinates': [6.759822512999399, 4.873360416348404]}",30.0,12,0,1,10,25469.164746560156
"{'type': 'Point', 'coordinates': [8.062379674972705, 6.490327927763542]}",276.5863337187866,72,0,0,40,18095.664817823097
"{'type': 'Point', 'coordinates': [4.738613123730476, 7.478474740295016]}",295.4657340538831,325,0,1,10,15550.465584656922
"{'type': 'Point', 'coordinates': [8.286958496002585, 5.142855001584261]}",42.42640687119285,13,0,1,10,27712.54777868092
"{'type': 'Point', 'coordinates': [9.275105308534059, 6.714906748793423]}",234.30749027719963,286,0,0,20,18183.23785765196
"{'type': 'Point', 'coordinates': [11.520893518832862, 7.074232862441232]}",241.86773244895647,862,0,1,10,19861.796437104
"{'type': 'Point', 'coordinates': [5.3674338226141405, 8.062379674972705]}",134.1640786499874,351,0,1,20,14523.182660571678
"{'type': 'Point', 'coordinates': [5.95133875729183, 8.152211203384658]}",180.0,360,0,0,10,12881.406507370004
"{'type': 'Point', 'coordinates': [5.187770765790236, 5.95133875729183]}",60.0,16,0,0,10,22938.544552216306
"{'type': 'Point', 'coordinates': [3.166561376521313, 6.984401334029279]}",182.48287590894657,48,0,1,20,13194.147159799002
"{'type': 'Point', 'coordinates': [13.092945266042026, 10.802241291537246]}",550.7267925205746,465,0,0,20,10312.244794072936
"{'type': 'Point', 'coordinates': [7.65813779711892, 6.131001814115734]}",180.0,61,0,1,40,19375.520167877898
"{'type': 'Point', 'coordinates': [3.031814083903385, 7.478474740295016]}",127.27922061357854,147,0,0,20,11671.214079920608
"{'type': 'Point', 'coordinates': [4.873360416348404, 10.397999413683461]}",94.86832980505139,294,0,0,40,11655.58681447838
"{'type': 'Point', 'coordinates': [9.005610723298203, 8.421705788620514]}",152.97058540778355,135,0,1,40,13720.54895748882
"{'type': 'Point', 'coordinates': [12.509040331364336, 11.386146226214935]}",523.9274758971894,396,0,0,20,8950.087869042329
"{'type': 'Point', 'coordinates': [10.98190434836115, 9.72426295059382]}",218.40329667841553,294,0,0,40,9129.961783825114
"{'type': 'Point', 'coordinates': [10.083589064241629, 10.083589064241629]}",258.0697580112788,528,0,0,30,10435.81371400092
"{'type': 'Point', 'coordinates': [6.310664870939639, 11.79038810406872]}",318.9043743820395,466,0,0,20,10087.61291285041
"{'type': 'Point', 'coordinates': [8.421705788620514, 10.622578234713341]}",90.0,840,0,1,20,12923.438175077084
"{'type': 'Point', 'coordinates': [14.395502428015332, 11.700556575656767]}",445.9820624195552,299,0,0,30,7330.859319122858
"{'type': 'Point', 'coordinates': [5.097939237378284, 9.364936836946011]}",108.16653826391968,185,0,0,40,11820.652815668
"{'type': 'Point', 'coordinates': [11.386146226214935, 9.993757535829676]}",134.1640786499874,321,0,0,40,9395.558583854
"{'type': 'Point', 'coordinates': [14.0810920785735, 11.925135396686647]}",531.6013544000805,298,0,0,30,7024.550179080037
"{'type': 'Point', 'coordinates': [8.556453081238441, 5.547096879438045]}",342.05262752974136,621,0,0,10,29309.96402427368
"{'type': 'Point', 'coordinates': [4.109792424846811, 8.870863430680274]}",216.33307652783935,417,0,0,10,12424.161446867325
"{'type': 'Point', 'coordinates': [6.5352436919695185, 7.747969325530873]}",123.69316876852982,204,0,1,20,12126.152274229433
"{'type': 'Point', 'coordinates': [12.419208802952385, 9.320021072740035]}",0.0,162,1,0,40,9292.33486886491
"{'type': 'Point', 'coordinates': [5.277602294202189, 6.086086049909758]}",84.8528137423857,16,0,0,10,23337.15039139986
"{'type': 'Point', 'coordinates': [4.783528887936452, 9.364936836946011]}",0.0,123,0,0,40,11995.174618985242
"{'type': 'Point', 'coordinates': [12.643787623982265, 11.071735876773102]}",509.1168824543142,438,0,0,40,9805.333976612177
"{'type': 'Point', 'coordinates': [7.074232862441232, 10.75732552733127]}",234.30749027719963,638,0,0,20,12308.139218013734
"{'type': 'Point', 'coordinates': [4.873360416348404, 11.970051160892623]}",134.1640786499874,281,0,0,20,8429.364311151367
"{'type': 'Point', 'coordinates': [6.490327927763542, 4.648781595318524]}",42.42640687119285,13,0,1,10,27934.83054784313
"{'type': 'Point', 'coordinates': [7.478474740295016, 6.17591757832171]}",192.09372712298546,241,0,0,10,19637.589686140418
"{'type': 'Point', 'coordinates': [4.379287010082667, 11.520893518832862]}",169.7056274847714,236,0,0,20,9940.428880445204
"{'type': 'Point', 'coordinates': [7.43355897608904, 4.4691185384946195]}",0.0,9,0,1,10,32562.774823183427
"{'type': 'Point', 'coordinates': [5.232686529996212, 5.502181115232069]}",30.0,16,0,0,10,3741.534935009775
"{'type': 'Point', 'coordinates': [7.164064390853183, 7.8378008539428246]}",60.0,198,0,1,10,13692.419256153982
"{'type': 'Point', 'coordinates': [4.289455481670715, 9.050526487504179]}",276.5863337187866,347,0,1,20,11550.666368609032
"{'type': 'Point', 'coordinates': [9.005610723298203, 6.849654041411351]}",276.5863337187866,119,0,0,40,16543.47679784731
"{'type': 'Point', 'coordinates': [6.445412163557567, 9.859010243211747]}",0.0,191,0,0,40,12283.522267766875
"{'type': 'Point', 'coordinates': [5.053023473172308, 9.859010243211747]}",270.0,251,0,0,20,12688.510785979695
"{'type': 'Point', 'coordinates': [5.547096879438045, 5.457265351026093]}",30.0,7,0,1,95,30551.46934584393
"{'type': 'Point', 'coordinates': [5.906422993085854, 5.053023473172308]}",30.0,18,0,0,10,29525.42217446462
"{'type': 'Point', 'coordinates': [6.041170285703782, 7.478474740295016]}",234.30749027719963,333,0,1,20,13540.279869579477
"{'type': 'Point', 'coordinates': [4.693697359524499, 7.65813779711892]}",174.92855684535903,378,0,1,10,15039.285118360014
"{'type': 'Point', 'coordinates': [8.421705788620514, 8.511537317032467]}",123.69316876852982,141,0,0,40,13658.40861045011
"{'type': 'Point', 'coordinates': [3.031814083903385, 7.029317098235255]}",192.09372712298546,53,0,1,10,12731.685229033807
"{'type': 'Point', 'coordinates': [6.265749106733662, 10.173420592653581]}",180.0,297,0,0,40,11996.749289972613
"{'type': 'Point', 'coordinates': [10.622578234713341, 10.353083649477485]}",510.8815909777921,352,0,0,40,9472.42298494864
"{'type': 'Point', 'coordinates': [5.547096879438045, 10.128504828447605]}",216.33307652783935,231,0,0,10,12715.04742556921
"{'type': 'Point', 'coordinates': [9.814094479005773, 7.882716618148801]}",150.0,193,0,0,40,12491.272172919664
"{'type': 'Point', 'coordinates': [8.197126967590634, 5.681844172055973]}",120.0,100,0,1,10,24729.832103960216
"{'type': 'Point', 'coordinates': [4.6038658311125475, 9.320021072740035]}",0.0,129,1,0,20,12948.048974895253
"{'type': 'Point', 'coordinates': [8.376790024414538, 10.892072819949197]}",30.0,713,0,0,40,12446.68497616658
"{'type': 'Point', 'coordinates': [13.182776794453977, 9.859010243211747]}",258.0697580112788,582,0,1,20,10924.318068505105
"{'type': 'Point', 'coordinates': [8.601368845444417, 5.457265351026093]}",339.4112549695428,404,0,1,10,29979.52315109223
"{'type': 'Point', 'coordinates': [10.532746706301388, 9.903926007417724]}",513.5172830587107,307,0,0,30,9189.755136066698
"{'type': 'Point', 'coordinates': [8.646284609650394, 5.187770765790236]}",212.13203435596427,133,0,0,10,28584.306763485074
"{'type': 'Point', 'coordinates': [8.197126967590634, 4.963191944760356]}",0.0,13,0,1,10,28805.18621045351
"{'type': 'Point', 'coordinates': [8.152211203384658, 9.814094479005773]}",94.86832980505139,778,0,0,40,14016.143275212497
"{'type': 'Point', 'coordinates': [12.284461510334456, 9.140358015916132]}",150.0,291,0,1,40,10256.040552205872
"{'type': 'Point', 'coordinates': [7.388643211883064, 6.849654041411351]}",349.85711369071805,426,0,1,10,14731.750588490999
"{'type': 'Point', 'coordinates': [11.925135396686647, 9.230189544328082]}",174.92855684535903,256,0,0,40,9494.00393414291
"{'type': 'Point', 'coordinates': [10.353083649477485, 9.589515657975891]}",492.0365840057018,395,0,1,20,10028.77396957972
"{'type': 'Point', 'coordinates': [6.6699909845874465, 11.835303868274694]}",212.13203435596427,580,0,0,40,9703.642349774727
"{'type': 'Point', 'coordinates': [5.097939237378284, 6.849654041411351]}",510.8815909777921,173,0,0,10,18738.671775221825
"{'type': 'Point', 'coordinates': [7.388643211883064, 6.984401334029279]}",429.5346318982906,330,0,0,10,14082.695971186542
"{'type': 'Point', 'coordinates': [13.587018672307762, 11.116651640979079]}",429.5346318982906,370,0,1,30,9042.082893095594
"{'type': 'Point', 'coordinates': [11.835303868274694, 7.7030535613248965]}",684.1052550594827,355,0,0,20,19343.321325655023
"{'type': 'Point', 'coordinates': [10.802241291537246, 9.859010243211747]}",331.36083051561786,443,0,0,20,10055.994865981513
"{'type': 'Point', 'coordinates': [3.8852136038169305, 11.20648316939103]}",189.73665961010278,207,0,0,20,11385.073669935395
"{'type': 'Point', 'coordinates': [6.490327927763542, 8.331874260208561]}",42.42640687119285,82,1,1,20,12040.236684043963
"{'type': 'Point', 'coordinates': [9.814094479005773, 8.286958496002585]}",30.0,93,1,1,40,10450.885082890883
"{'type': 'Point', 'coordinates': [12.509040331364336, 9.140358015916132]}",108.16653826391968,200,0,0,40,10019.912533699775
"{'type': 'Point', 'coordinates': [5.097939237378284, 8.511537317032467]}",318.9043743820395,253,0,1,20,13848.703432284237
"{'type': 'Point', 'coordinates': [5.7716757004679256, 5.097939237378284]}",0.0,13,0,1,10,30606.454783439636
"{'type': 'Point', 'coordinates': [3.750466311199002, 8.870863430680274]}",134.1640786499874,435,0,1,20,12055.240137708299
"{'type': 'Point', 'coordinates': [2.9419825554914327, 7.523390504500992]}",192.09372712298546,174,0,1,20,11843.479089636996
"{'type': 'Point', 'coordinates': [4.91827618055438, 10.532746706301388]}",0.0,245,0,0,40,11850.524151749752
"{'type': 'Point', 'coordinates': [8.107295439178682, 11.610725047244815]}",67.0820393249937,545,0,1,40,9581.580763116406
"{'type': 'Point', 'coordinates': [5.7716757004679256, 5.412349586820117]}",30.0,15,0,1,10,27174.124520820616
"{'type': 'Point', 'coordinates': [9.634431422181867, 8.781031902268323]}",84.8528137423857,196,0,0,40,11554.153928626358
"{'type': 'Point', 'coordinates': [4.1996239532587625, 8.69120037385637]}",300.0,344,0,1,20,11617.573886572573
"{'type': 'Point', 'coordinates': [6.131001814115734, 8.736116138062346]}",0.0,57,1,1,30,12176.191243331938
"{'type': 'Point', 'coordinates': [11.116651640979079, 9.993757535829676]}",169.7056274847714,448,0,0,40,9784.330954601057
"{'type': 'Point', 'coordinates': [2.7623194986675284, 6.490327927763542]}",30.0,19,0,1,10,13698.492776293075
"{'type': 'Point', 'coordinates': [5.906422993085854, 8.825947666474299]}",30.0,60,1,0,40,11372.285382195827
"{'type': 'Point', 'coordinates': [9.230189544328082, 7.478474740295016]}",0.0,115,0,0,40,12770.092598374104
"{'type': 'Point', 'coordinates': [9.140358015916132, 8.286958496002585]}",234.30749027719963,197,0,0,40,11976.475205674404
"{'type': 'Point', 'coordinates': [7.029317098235255, 9.49968412956394]}",212.13203435596427,518,0,0,40,14286.673895345924
"{'type': 'Point', 'coordinates': [13.182776794453977, 10.128504828447605]}",212.13203435596427,589,0,0,40,11096.782751135805
"{'type': 'Point', 'coordinates': [12.374293038746409, 11.161567405185055]}",456.9463863518345,450,0,0,30,9416.839101731248
"{'type': 'Point', 'coordinates': [5.816591464673902, 6.40049639935159]}",323.10988842807024,118,0,0,10,18234.07660574466
"{'type': 'Point', 'coordinates': [5.906422993085854, 6.490327927763542]}",402.49223594996215,149,0,1,10,18092.490506850183
"{'type': 'Point', 'coordinates': [6.310664870939639, 4.783528887936452]}",30.0,19,0,0,10,29186.127703100443
"{'type': 'Point', 'coordinates': [6.939485569823304, 4.828444652142428]}",30.0,10,0,1,50,24203.749578408897
"{'type': 'Point', 'coordinates': [6.894569805617327, 6.580159456175495]}",90.0,26,0,0,30,16237.855551783461
"{'type': 'Point', 'coordinates': [9.72426295059382, 8.781031902268323]}",134.1640786499874,160,0,0,40,11276.324475953705
"{'type': 'Point', 'coordinates': [9.769178714799796, 9.005610723298203]}",90.0,269,0,0,40,11310.647638180817
"{'type': 'Point', 'coordinates': [8.242042731796609, 9.140358015916132]}",362.49137920783716,465,0,1,20,15204.54894376228
"{'type': 'Point', 'coordinates': [11.475977754626888, 8.331874260208561]}",458.91175622335066,316,0,1,30,14949.198723208845
"{'type': 'Point', 'coordinates': [4.154708189052787, 10.98190434836115]}",150.0,238,0,1,40,11042.202478975236
"{'type': 'Point', 'coordinates': [8.69120037385637, 9.275105308534059]}",67.0820393249937,769,0,1,30,13704.34759060017
"{'type': 'Point', 'coordinates': [10.577662470507365, 10.577662470507365]}",488.3646178829912,458,0,1,40,9383.934519480346
"{'type': 'Point', 'coordinates': [5.502181115232069, 11.925135396686647]}",234.30749027719963,351,0,0,40,9050.854173068223
"{'type': 'Point', 'coordinates': [13.27260832286593, 11.970051160892623]}",180.0,307,0,0,40,6744.38909299701
"{'type': 'Point', 'coordinates': [6.8047382772053755, 10.308167885271509]}",108.16653826391968,413,0,0,20,12563.246953481255
"{'type': 'Point', 'coordinates': [7.164064390853183, 11.20648316939103]}",30.0,693,0,0,40,9777.074918626822
"{'type': 'Point', 'coordinates': [3.840297839610954, 7.074232862441232]}",300.0,117,0,0,10,15095.471067582257
"{'type': 'Point', 'coordinates': [5.7716757004679256, 8.376790024414538]}",150.0,241,0,1,20,13237.520948765832
"{'type': 'Point', 'coordinates': [9.589515657975891, 8.601368845444417]}",30.0,137,0,1,40,11731.525017956365
"{'type': 'Point', 'coordinates': [5.008107708966333, 9.72426295059382]}",228.47319317591726,219,0,0,10,12401.503472092427
"{'type': 'Point', 'coordinates': [9.140358015916132, 7.523390504500992]}",30.0,118,0,0,40,12374.106788499497
"{'type': 'Point', 'coordinates': [3.3911401975511937, 9.769178714799796]}",566.0388679233962,432,0,0,20,13236.117643832396
"{'type': 'Point', 'coordinates': [10.083589064241629, 9.9488417716237]}",335.4101966249685,697,0,1,20,10491.351658682688
"{'type': 'Point', 'coordinates': [9.364936836946011, 7.478474740295016]}",84.8528137423857,164,0,0,40,12910.293770905584
"{'type': 'Point', 'coordinates': [7.972548146560753, 7.029317098235255]}",469.5742752749559,119,0,0,20,13714.530554503202
"{'type': 'Point', 'coordinates': [4.1996239532587625, 11.655640811450791]}",150.0,166,1,0,40,9508.506094414028
"{'type': 'Point', 'coordinates': [10.218336356859556, 7.298811683471112]}",30.0,209,0,0,40,21864.475498921936
"{'type': 'Point', 'coordinates': [5.592012643644021, 13.317524087071906]}",90.0,266,0,0,40,6299.495985888756
"{'type': 'Point', 'coordinates': [13.003113737630073, 9.903926007417724]}",351.14099732158877,528,0,1,30,10842.88280185017
"{'type': 'Point', 'coordinates': [7.343727447677088, 5.7716757004679256]}",361.2478373637689,118,0,1,10,22114.2833606223
"{'type': 'Point', 'coordinates': [4.424202774288643, 8.646284609650394]}",169.7056274847714,342,0,1,20,12467.689101397431
"{'type': 'Point', 'coordinates': [7.074232862441232, 11.251398933597006]}",42.42640687119285,703,0,0,40,10067.062808118251
"{'type': 'Point', 'coordinates': [12.598871859776288, 9.72426295059382]}",258.0697580112788,256,0,0,40,9862.567936685835
"{'type': 'Point', 'coordinates': [5.7716757004679256, 5.008107708966333]}",30.0,12,0,0,10,31472.61005756259
"{'type': 'Point', 'coordinates': [5.7716757004679256, 5.6369284078499975]}",60.0,15,0,1,10,25298.431831469614
"{'type': 'Point', 'coordinates': [9.320021072740035, 7.747969325530873]}",134.1640786499874,218,0,0,40,12374.441086162251
"{'type': 'Point', 'coordinates': [4.4691185384946195, 9.454768365357964]}",67.0820393249937,199,0,0,20,12282.84935485055
"{'type': 'Point', 'coordinates': [12.284461510334456, 11.88021963248067]}",641.3267497929585,356,0,0,40,7600.784951411969
"{'type': 'Point', 'coordinates': [4.91827618055438, 11.026820112567126]}",150.0,227,0,1,20,11656.064860419086
"{'type': 'Point', 'coordinates': [6.17591757832171, 4.4691185384946195]}",0.0,8,0,0,95,31311.58153903857
"{'type': 'Point', 'coordinates': [8.870863430680274, 10.84715705574322]}",276.5863337187866,688,0,1,20,13428.628223429201
"{'type': 'Point', 'coordinates': [2.897066791285457, 7.20898015505916]}",201.24611797498108,66,0,1,40,11132.381773882145
"{'type': 'Point', 'coordinates': [6.580159456175495, 11.386146226214935]}",256.3201123595259,521,0,0,40,10703.64267305233
"{'type': 'Point', 'coordinates': [10.038673300035653, 8.107295439178682]}",30.0,124,0,1,40,11488.565245098413
"{'type': 'Point', 'coordinates': [9.005610723298203, 8.825947666474299]}",123.69316876852982,212,0,0,20,13404.41951009132
"{'type': 'Point', 'coordinates': [9.814094479005773, 9.050526487504179]}",67.0820393249937,250,0,0,40,11016.826736847563
"{'type': 'Point', 'coordinates': [4.154708189052787, 8.69120037385637]}",318.9043743820395,350,0,1,20,11617.573886572573
"{'type': 'Point', 'coordinates': [7.747969325530873, 10.173420592653581]}",90.0,645,0,1,20,13504.954148485811
"{'type': 'Point', 'coordinates': [7.927632382354777, 11.161567405185055]}",60.0,660,0,0,40,9411.95318542514
"{'type': 'Point', 'coordinates': [12.0149669250986, 12.284461510334456]}",617.7378084592201,346,0,0,40,6881.713152707169
"{'type': 'Point', 'coordinates': [5.412349586820117, 7.523390504500992]}",335.4101966249685,373,0,1,10,15519.906084596616
"{'type': 'Point', 'coordinates': [11.026820112567126, 8.556453081238441]}",276.5863337187866,215,0,0,40,13366.461341825652
"{'type': 'Point', 'coordinates': [13.137861030248002, 11.520893518832862]}",134.1640786499874,352,0,0,30,7913.443230963834
"{'type': 'Point', 'coordinates': [7.074232862441232, 8.242042731796609]}",174.92855684535903,280,0,0,10,11913.397418482416
"{'type': 'Point', 'coordinates': [11.296314697802982, 7.568306268706968]}",453.9823785126467,911,0,1,10,20586.53072667856
"{'type': 'Point', 'coordinates': [4.693697359524499, 12.104798453510552]}",182.48287590894657,281,0,0,20,8172.31492568815
"{'type': 'Point', 'coordinates': [5.187770765790236, 7.613222032912945]}",240.0,456,0,0,50,14669.12062368635
"{'type': 'Point', 'coordinates': [7.613222032912945, 7.074232862441232]}",450.99889135118724,413,0,1,10,13972.517742247031
"{'type': 'Point', 'coordinates': [6.5352436919695185, 11.655640811450791]}",335.4101966249685,571,0,0,40,10184.992032557524
"{'type': 'Point', 'coordinates': [11.565809283038838, 8.870863430680274]}",308.86890422961005,685,0,0,40,12437.779638614078
"{'type': 'Point', 'coordinates': [7.7030535613248965, 10.532746706301388]}",94.86832980505139,642,0,0,20,12627.962825808829
"{'type': 'Point', 'coordinates': [6.355580635145614, 6.041170285703782]}",216.33307652783935,76,0,1,10,19846.210093735717
"{'type': 'Point', 'coordinates': [8.601368845444417, 11.655640811450791]}",127.27922061357854,462,0,1,40,9687.417587297376
"{'type': 'Point', 'coordinates': [4.154708189052787, 10.487830942095414]}",30.0,217,0,0,40,10979.310045943985
"{'type': 'Point', 'coordinates': [3.3462244333452174, 8.286958496002585]}",241.86773244895647,286,0,1,20,11997.56936837052
"{'type': 'Point', 'coordinates': [3.570803254375098, 8.421705788620514]}",150.0,366,0,0,20,12658.65796712051
"{'type': 'Point', 'coordinates': [5.996254521497805, 4.783528887936452]}",0.0,17,0,1,10,30278.227382169804
"{'type': 'Point', 'coordinates': [9.050526487504179, 9.409852601151988]}",60.0,1250,0,0,40,12123.386020278325
"{'type': 'Point', 'coordinates': [8.511537317032467, 8.960694959092226]}",308.86890422961005,371,0,1,20,16147.238569131621
"{'type': 'Point', 'coordinates': [5.996254521497805, 6.714906748793423]}",420.0,291,0,0,10,16898.90549684898
"{'type': 'Point', 'coordinates': [11.386146226214935, 7.792885089736849]}",474.3416490252569,454,0,0,10,19300.442951518242
"{'type': 'Point', 'coordinates': [8.017463910766729, 10.667493998919317]}",182.48287590894657,671,0,0,40,12709.073893411209
"{'type': 'Point', 'coordinates': [7.7030535613248965, 7.927632382354777]}",30.0,104,0,1,20,12394.273863566319
"{'type': 'Point', 'coordinates': [12.0149669250986, 10.84715705574322]}",218.40329667841553,632,0,0,40,10415.712704397589
"{'type': 'Point', 'coordinates': [12.0149669250986, 10.128504828447605]}",240.0,229,0,0,40,9988.322452029912
"{'type': 'Point', 'coordinates': [8.511537317032467, 11.386146226214935]}",0.0,523,1,0,40,9722.202258002877
"{'type': 'Point', 'coordinates': [13.856513257543618, 11.520893518832862]}",379.47331922020555,317,0,0,40,8295.058522137308
"{'type': 'Point', 'coordinates': [7.7030535613248965, 9.230189544328082]}",152.97058540778355,416,0,1,40,14296.30095672887
"{'type': 'Point', 'coordinates': [7.029317098235255, 5.187770765790236]}",228.47319317591726,43,0,1,10,24256.28560944833
"{'type': 'Point', 'coordinates': [6.310664870939639, 5.547096879438045]}",150.0,22,0,1,10,23689.11461832901
"{'type': 'Point', 'coordinates': [6.8047382772053755, 11.700556575656767]}",228.47319317591726,661,0,0,40,9966.201606255456
"{'type': 'Point', 'coordinates': [8.69120037385637, 5.232686529996212]}",247.38633753705963,136,0,0,10,28563.007964823635
"{'type': 'Point', 'coordinates': [8.870863430680274, 7.478474740295016]}",108.16653826391968,172,0,1,40,12257.732412727084
"{'type': 'Point', 'coordinates': [5.457265351026093, 10.622578234713341]}",150.0,330,0,0,40,11947.052019695155
"{'type': 'Point', 'coordinates': [3.3911401975511937, 7.478474740295016]}",169.7056274847714,110,0,0,20,11850.34267476642
"{'type': 'Point', 'coordinates': [7.882716618148801, 9.095442251710155]}",241.86773244895647,418,0,1,20,14236.988019069402
"{'type': 'Point', 'coordinates': [5.95133875729183, 6.939485569823304]}",450.99889135118724,112,0,1,10,14431.242219228996
"{'type': 'Point', 'coordinates': [8.017463910766729, 8.601368845444417]}",134.1640786499874,274,0,1,40,13786.401273791367
"{'type': 'Point', 'coordinates': [5.681844172055973, 7.478474740295016]}",445.9820624195552,361,0,1,10,14612.34599747436
"{'type': 'Point', 'coordinates': [5.6369284078499975, 8.017463910766729]}",90.0,375,0,0,20,14903.121585817236
"{'type': 'Point', 'coordinates': [6.220833342527686, 10.936988584155173]}",494.77267507411926,432,0,0,20,12057.376462104847
"{'type': 'Point', 'coordinates': [7.568306268706968, 10.308167885271509]}",90.0,648,0,1,20,13022.782128977917
"{'type': 'Point', 'coordinates': [7.478474740295016, 11.20648316939103]}",90.0,659,0,0,40,10445.147735737139
"{'type': 'Point', 'coordinates': [12.643787623982265, 10.892072819949197]}",432.6661530556787,463,0,0,30,10061.38726035062
"{'type': 'Point', 'coordinates': [9.409852601151988, 8.511537317032467]}",123.69316876852982,161,0,0,20,11703.187146990676
"{'type': 'Point', 'coordinates': [11.296314697802982, 7.029317098235255]}",108.16653826391968,717,0,0,10,20493.732757671736
"{'type': 'Point', 'coordinates': [5.7716757004679256, 6.894569805617327]}",570.0,152,0,1,10,16005.337679459248
"{'type': 'Point', 'coordinates': [9.49968412956394, 11.79038810406872]}",182.48287590894657,409,0,0,40,8055.550488372472
"{'type': 'Point', 'coordinates': [5.502181115232069, 7.388643211883064]}",442.944691807002,335,0,1,10,14327.048769648303
"{'type': 'Point', 'coordinates': [14.215839371191427, 12.329377274540432]}",300.0,291,0,0,30,7008.0419127644855
"{'type': 'Point', 'coordinates': [4.783528887936452, 6.759822512999399]}",349.85711369071805,115,0,0,10,18646.10753388889
"{'type': 'Point', 'coordinates': [7.568306268706968, 9.903926007417724]}",84.8528137423857,635,0,1,10,14549.445970075396
"{'type': 'Point', 'coordinates': [12.868366445012144, 10.667493998919317]}",517.880295048962,477,0,0,40,10164.232861807268
"{'type': 'Point', 'coordinates': [4.558950066906571, 7.164064390853183]}",474.3416490252569,168,0,0,10,16816.857614886016
"{'type': 'Point', 'coordinates': [6.490327927763542, 4.783528887936452]}",84.8528137423857,18,0,1,10,27404.7712784186
"{'type': 'Point', 'coordinates': [9.72426295059382, 10.577662470507365]}",127.27922061357854,573,0,0,30,11526.481340594502
"{'type': 'Point', 'coordinates': [11.431061990420911, 8.556453081238441]}",426.38011210655685,311,0,1,10,14395.85608933326
"{'type': 'Point', 'coordinates': [6.086086049909758, 9.9488417716237]}",67.0820393249937,249,0,0,40,11828.51399447344
"{'type': 'Point', 'coordinates': [5.412349586820117, 7.792885089736849]}",192.09372712298546,549,0,1,10,15761.930255465588
"{'type': 'Point', 'coordinates': [12.149714217716529, 10.128504828447605]}",247.38633753705963,532,0,0,20,10299.738519766368
"{'type': 'Point', 'coordinates': [8.152211203384658, 4.738613123730476]}",67.0820393249937,32,0,1,10,28008.66299119685
"{'type': 'Point', 'coordinates': [7.792885089736849, 8.781031902268323]}",254.5584412271571,296,0,1,40,13365.285638573296
"{'type': 'Point', 'coordinates': [8.69120037385637, 7.253895919265136]}",296.98484809834997,115,0,0,40,12948.104425970723
"{'type': 'Point', 'coordinates': [12.509040331364336, 10.487830942095414]}",271.66155414412253,417,0,0,30,10831.827929976556
"{'type': 'Point', 'coordinates': [11.296314697802982, 6.939485569823304]}",67.0820393249937,1506,0,0,30,20407.472566794895
"{'type': 'Point', 'coordinates': [12.464124567158361, 12.104798453510552]}",577.0615218501403,350,0,0,30,7249.045139789589
"{'type': 'Point', 'coordinates': [6.40049639935159, 11.610725047244815]}",390.0,490,0,0,40,10300.132196433295
"{'type': 'Point', 'coordinates': [6.849654041411351, 7.388643211883064]}",90.0,134,0,1,10,13546.045988786733
"{'type': 'Point', 'coordinates': [11.386146226214935, 9.589515657975891]}",127.27922061357854,389,0,0,20,10067.588387097701
"{'type': 'Point', 'coordinates': [6.17591757832171, 10.75732552733127]}",563.6488268416781,438,0,0,40,12199.530042109269
"{'type': 'Point', 'coordinates': [10.667493998919317, 12.598871859776288]}",241.86773244895647,349,0,1,40,5033.205140317869
"{'type': 'Point', 'coordinates': [5.097939237378284, 7.972548146560753]}",60.0,569,0,1,10,14367.057674373078
"{'type': 'Point', 'coordinates': [9.72426295059382, 8.421705788620514]}",60.0,118,0,1,40,11006.850754462808
"{'type': 'Point', 'coordinates': [7.65813779711892, 8.197126967590634]}",120.0,181,0,1,10,12300.655920332096
"{'type': 'Point', 'coordinates': [7.388643211883064, 7.298811683471112]}",445.9820624195552,267,0,1,10,13372.118466882268
"{'type': 'Point', 'coordinates': [5.053023473172308, 7.927632382354777]}",94.86832980505139,504,0,1,10,14720.90104342709
"{'type': 'Point', 'coordinates': [7.65813779711892, 7.164064390853183]}",510.0,415,0,1,10,13147.57862237189
"{'type': 'Point', 'coordinates': [11.431061990420911, 6.984401334029279]}",161.55494421403512,1510,0,1,30,20049.46512391069
"{'type': 'Point', 'coordinates': [9.320021072740035, 8.286958496002585]}",174.92855684535903,100,0,1,40,11358.58813508178
"{'type': 'Point', 'coordinates': [7.029317098235255, 11.745472339862744]}",127.27922061357854,631,0,0,40,9564.297168321302
"{'type': 'Point', 'coordinates': [10.353083649477485, 7.523390504500992]}",84.8528137423857,216,0,0,40,19080.124983215625
"{'type': 'Point', 'coordinates': [12.374293038746409, 10.442915177889438]}",189.73665961010278,542,0,0,30,10871.70579496058
"{'type': 'Point', 'coordinates': [10.577662470507365, 9.859010243211747]}",480.93658625644196,261,0,0,20,9484.84218295978
"{'type': 'Point', 'coordinates': [13.27260832286593, 10.308167885271509]}",212.13203435596427,552,0,1,40,10472.049730787405
"{'type': 'Point', 'coordinates': [10.487830942095414, 11.20648316939103]}",351.14099732158877,432,0,1,40,7901.189623107664
"{'type': 'Point', 'coordinates': [9.320021072740035, 9.140358015916132]}",234.30749027719963,428,0,0,40,11172.846533239566
"{'type': 'Point', 'coordinates': [13.182776794453977, 10.622578234713341]}",416.7733196834941,487,0,0,40,10238.783426310913
"{'type': 'Point', 'coordinates': [4.289455481670715, 8.781031902268323]}",296.98484809834997,356,0,0,10,12352.164736130542
"{'type': 'Point', 'coordinates': [10.083589064241629, 8.286958496002585]}",42.42640687119285,115,0,0,20,11154.511188539433
"{'type': 'Point', 'coordinates': [6.220833342527686, 7.65813779711892]}",67.0820393249937,218,0,0,20,13055.358169766143
"{'type': 'Point', 'coordinates': [5.3674338226141405, 6.131001814115734]}",90.0,29,0,1,10,23105.402091562748
"{'type': 'Point', 'coordinates': [9.364936836946011, 9.095442251710155]}",192.09372712298546,354,0,0,40,11680.824793976753
"{'type': 'Point', 'coordinates': [8.421705788620514, 11.296314697802982]}",30.0,555,0,0,40,10053.588814005296
"{'type': 'Point', 'coordinates': [9.050526487504179, 8.69120037385637]}",67.0820393249937,181,0,0,10,13350.438014724532
"{'type': 'Point', 'coordinates': [6.894569805617327, 9.050526487504179]}",216.33307652783935,182,0,1,40,12862.16774507623
"{'type': 'Point', 'coordinates': [7.568306268706968, 6.220833342527686]}",134.1640786499874,96,0,0,10,18455.95099817589
"{'type': 'Point', 'coordinates': [11.745472339862744, 7.164064390853183]}",381.8376618407357,912,0,0,10,18984.533668663353
"{'type': 'Point', 'coordinates': [7.388643211883064, 10.442915177889438]}",30.0,599,0,1,40,12045.807947901369
"{'type': 'Point', 'coordinates': [9.320021072740035, 7.927632382354777]}",30.0,107,0,1,20,11700.768097274427
"{'type': 'Point', 'coordinates': [10.083589064241629, 10.353083649477485]}",152.97058540778355,511,0,0,30,9978.884231907428
"{'type': 'Point', 'coordinates': [5.906422993085854, 10.802241291537246]}",450.0,429,0,1,40,11538.890096775394
"{'type': 'Point', 'coordinates': [6.580159456175495, 11.026820112567126]}",247.38633753705963,472,0,1,20,11822.461004706369
"{'type': 'Point', 'coordinates': [6.8047382772053755, 9.903926007417724]}",30.0,356,1,0,40,13513.687126450648
"{'type': 'Point', 'coordinates': [11.79038810406872, 7.20898015505916]}",424.26406871192853,1381,0,1,30,20759.49975046949
"{'type': 'Point', 'coordinates': [8.870863430680274, 9.993757535829676]}",67.0820393249937,1151,0,1,40,12824.092064350589
"{'type': 'Point', 'coordinates': [3.840297839610954, 9.49968412956394]}",300.0,358,0,1,20,11784.648645776037
"{'type': 'Point', 'coordinates': [8.197126967590634, 10.487830942095414]}",234.30749027719963,702,0,1,40,12995.920851795341
"{'type': 'Point', 'coordinates': [10.84715705574322, 9.185273780122108]}",120.0,206,0,0,20,10200.709412131835
"{'type': 'Point', 'coordinates': [10.75732552733127, 8.017463910766729]}",123.69316876852982,174,0,0,20,14885.098590767058
"{'type': 'Point', 'coordinates': [7.43355897608904, 6.445412163557567]}",152.97058540778355,385,0,1,30,18060.741078685038
"{'type': 'Point', 'coordinates': [10.622578234713341, 9.9488417716237]}",458.91175622335066,277,0,0,20,9453.53778795118
"{'type': 'Point', 'coordinates': [7.972548146560753, 8.511537317032467]}",67.0820393249937,390,0,0,20,13640.999913585803
"{'type': 'Point', 'coordinates': [4.783528887936452, 12.149714217716529]}",120.0,218,0,1,40,8081.5298051250065
"{'type': 'Point', 'coordinates': [2.986898319697409, 8.152211203384658]}",391.15214431215895,264,0,1,20,12577.811013885053
"{'type': 'Point', 'coordinates': [3.9301293680229064, 7.8378008539428246]}",228.47319317591726,316,0,1,50,11849.102216220519
"{'type': 'Point', 'coordinates': [5.592012643644021, 11.386146226214935]}",212.13203435596427,422,0,0,40,10700.611746081273
"{'type': 'Point', 'coordinates': [5.861507228879877, 9.679347186387844]}",84.8528137423857,104,0,0,40,11655.52404605571
"{'type': 'Point', 'coordinates': [10.98190434836115, 11.161567405185055]}",416.7733196834941,423,0,0,40,8072.057285145653
"{'type': 'Point', 'coordinates': [4.379287010082667, 9.140358015916132]}",192.09372712298546,258,0,0,20,10994.04709562118
"{'type': 'Point', 'coordinates': [7.792885089736849, 7.298811683471112]}",442.944691807002,203,0,0,10,13010.263413434208
"{'type': 'Point', 'coordinates': [12.688703388188241, 10.083589064241629]}",469.5742752749559,539,0,0,40,11962.494586822402
"{'type': 'Point', 'coordinates': [3.7953820754049783, 8.601368845444417]}",241.86773244895647,371,0,1,10,12213.838928767265
"{'type': 'Point', 'coordinates': [3.9301293680229064, 10.712409763125294]}",192.09372712298546,344,0,0,40,11549.773074183862
"{'type': 'Point', 'coordinates': [10.622578234713341, 9.230189544328082]}",212.13203435596427,186,0,0,40,10011.687624552935
"{'type': 'Point', 'coordinates': [7.343727447677088, 8.286958496002585]}",152.97058540778355,85,0,1,40,11758.252061048524
"{'type': 'Point', 'coordinates': [6.5352436919695185, 4.963191944760356]}",67.0820393249937,19,0,1,10,29390.466246068478
"{'type': 'Point', 'coordinates': [3.840297839610954, 11.116651640979079]}",241.86773244895647,231,0,0,40,11403.940859053282
"{'type': 'Point', 'coordinates': [4.738613123730476, 6.310664870939639]}",84.8528137423857,11,0,1,10,21611.360381715
"{'type': 'Point', 'coordinates': [10.577662470507365, 10.128504828447605]}",512.6402247190518,331,0,0,40,9158.208924539853
"{'type': 'Point', 'coordinates': [7.20898015505916, 9.903926007417724]}",150.0,590,0,1,20,14539.743129744107
"{'type': 'Point', 'coordinates': [5.726759936261949, 7.8378008539428246]}",212.13203435596427,524,0,1,10,15477.827629374355
"{'type': 'Point', 'coordinates': [4.91827618055438, 8.197126967590634]}",120.0,419,0,1,10,14552.009256266349
"{'type': 'Point', 'coordinates': [4.783528887936452, 11.79038810406872]}",268.3281572999748,250,0,0,20,9681.204558672172
"{'type': 'Point', 'coordinates': [2.897066791285457, 8.197126967590634]}",335.4101966249685,291,0,1,20,13380.062019273813
"{'type': 'Point', 'coordinates': [9.72426295059382, 7.8378008539428246]}",192.09372712298546,142,0,1,40,12441.953740970352
"{'type': 'Point', 'coordinates': [5.457265351026093, 8.017463910766729]}",127.27922061357854,477,0,0,20,15232.121754300664
"{'type': 'Point', 'coordinates': [8.197126967590634, 9.409852601151988]}",192.09372712298546,532,0,0,40,15671.327277261074
"{'type': 'Point', 'coordinates': [11.520893518832862, 11.116651640979079]}",270.0,301,0,0,40,7896.538471767708
"{'type': 'Point', 'coordinates': [7.343727447677088, 6.265749106733662]}",228.47319317591726,292,0,1,30,18733.169027713127
"{'type': 'Point', 'coordinates': [7.478474740295016, 6.5352436919695185]}",150.0,247,0,1,10,18220.36366986856
"{'type': 'Point', 'coordinates': [9.769178714799796, 7.253895919265136]}",212.13203435596427,217,0,0,40,17889.1798323284
"{'type': 'Point', 'coordinates': [6.310664870939639, 9.903926007417724]}",30.0,236,0,1,10,12219.081634625247
"{'type': 'Point', 'coordinates': [11.161567405185055, 10.75732552733127]}",234.30749027719963,551,0,0,20,8991.268903774328
"{'type': 'Point', 'coordinates': [12.059882689304576, 9.454768365357964]}",84.8528137423857,153,1,1,40,9076.148289380486
"{'type': 'Point', 'coordinates': [3.3462244333452174, 9.005610723298203]}",210.0,420,0,0,20,11835.48140555391
"{'type': 'Point', 'coordinates': [7.20898015505916, 7.253895919265136]}",330.0,205,0,0,10,13074.88173569995
"{'type': 'Point', 'coordinates': [6.759822512999399, 7.20898015505916]}",30.0,56,0,1,10,12516.038976726117
"{'type': 'Point', 'coordinates': [7.613222032912945, 9.634431422181867]}",60.0,565,0,1,20,15923.988008619093
"{'type': 'Point', 'coordinates': [7.568306268706968, 6.580159456175495]}",134.1640786499874,164,0,1,10,16508.544475489296
"{'type': 'Point', 'coordinates': [5.457265351026093, 7.478474740295016]}",375.89892258425004,381,0,1,10,14916.19095823518
"{'type': 'Point', 'coordinates': [9.409852601151988, 6.6699909845874465]}",192.09372712298546,224,0,0,20,21073.427939914
"{'type': 'Point', 'coordinates': [6.490327927763542, 11.520893518832862]}",349.85711369071805,559,0,1,40,10613.623242438163
"{'type': 'Point', 'coordinates': [4.019960896434859, 10.038673300035653]}",276.5863337187866,283,0,0,20,13024.922049395262
"{'type': 'Point', 'coordinates': [3.3462244333452174, 6.939485569823304]}",218.40329667841553,22,0,1,10,14462.778899499695
"{'type': 'Point', 'coordinates': [4.6038658311125475, 6.625075220381471]}",216.33307652783935,58,0,1,10,19120.88534642756
"{'type': 'Point', 'coordinates': [7.43355897608904, 10.308167885271509]}",67.0820393249937,632,0,0,40,12772.235642074234
"{'type': 'Point', 'coordinates': [4.379287010082667, 7.164064390853183]}",417.85164831552356,130,0,1,10,16869.403180873953
"{'type': 'Point', 'coordinates': [5.816591464673902, 7.20898015505916]}",466.6904755831213,213,0,0,10,14759.989883169532
"{'type': 'Point', 'coordinates': [8.511537317032467, 6.131001814115734]}",30.0,45,0,1,10,21699.57150668651
"{'type': 'Point', 'coordinates': [5.547096879438045, 11.970051160892623]}",241.86773244895647,328,0,0,40,8704.21464556823
"{'type': 'Point', 'coordinates': [3.7953820754049783, 12.149714217716529]}",210.0,270,0,1,30,8287.018509016843
"{'type': 'Point', 'coordinates': [5.187770765790236, 10.263252121065532]}",127.27922061357854,278,0,1,40,12232.707064323606
"{'type': 'Point', 'coordinates': [7.972548146560753, 7.523390504500992]}",256.3201123595259,180,0,0,40,12187.467030592148
"{'type': 'Point', 'coordinates': [3.66063478278705, 9.72426295059382]}",465.72524088780074,313,0,1,20,12785.82178493093
"{'type': 'Point', 'coordinates': [4.514034302700596, 11.970051160892623]}",174.92855684535903,253,0,0,20,8049.37975762914
"{'type': 'Point', 'coordinates': [12.91328220921812, 9.454768365357964]}",60.0,195,0,0,30,9799.715201408602
"{'type': 'Point', 'coordinates': [4.4691185384946195, 7.43355897608904]}",305.9411708155671,245,0,1,10,15817.696433803067
"{'type': 'Point', 'coordinates': [8.870863430680274, 10.622578234713341]}",284.60498941515414,773,0,0,40,13638.176406019367
"{'type': 'Point', 'coordinates': [10.308167885271509, 8.646284609650394]}",30.0,105,1,0,40,10992.949473772831
"{'type': 'Point', 'coordinates': [6.355580635145614, 8.107295439178682]}",134.1640786499874,367,0,1,10,13048.128352988508
"{'type': 'Point', 'coordinates': [3.5258874901691217, 9.859010243211747]}",573.149195236284,350,0,1,20,13589.048872506508
"{'type': 'Point', 'coordinates': [5.008107708966333, 8.736116138062346]}",241.86773244895647,210,0,0,40,12748.255173508394
"{'type': 'Point', 'coordinates': [10.353083649477485, 8.062379674972705]}",180.0,154,0,1,20,13405.829461099733
"{'type': 'Point', 'coordinates': [10.532746706301388, 7.882716618148801]}",276.5863337187866,174,0,1,20,14922.89714233404
"{'type': 'Point', 'coordinates': [5.592012643644021, 8.062379674972705]}",60.0,326,0,0,20,13915.642090918365
"{'type': 'Point', 'coordinates': [5.142855001584261, 6.894569805617327]}",553.1726674375732,192,0,1,10,18428.367211908102
"{'type': 'Point', 'coordinates': [5.412349586820117, 8.511537317032467]}",241.86773244895647,266,0,1,20,13823.849050580273
"{'type': 'Point', 'coordinates': [8.286958496002585, 7.927632382354777]}",67.0820393249937,76,0,0,40,11887.689735133255
"{'type': 'Point', 'coordinates': [4.738613123730476, 8.197126967590634]}",0.0,385,0,1,20,12966.293800326283
"{'type': 'Point', 'coordinates': [5.502181115232069, 5.008107708966333]}",42.42640687119285,18,0,0,10,33105.57866183482
"{'type': 'Point', 'coordinates': [4.334371245876691, 6.5352436919695185]}",108.16653826391968,27,0,1,30,18612.138088196516
"{'type': 'Point', 'coordinates': [14.17092360698545, 12.149714217716529]}",417.85164831552356,291,1,0,30,7203.803050783415
"{'type': 'Point', 'coordinates': [5.547096879438045, 6.759822512999399]}",510.8815909777921,61,0,1,10,17456.483364810236
"{'type': 'Point', 'coordinates': [12.374293038746409, 9.859010243211747]}",218.40329667841553,413,0,1,20,10457.316754505271
"{'type': 'Point', 'coordinates': [10.308167885271509, 8.152211203384658]}",152.97058540778355,140,0,1,20,12634.681446108081
"{'type': 'Point', 'coordinates': [10.173420592653581, 9.005610723298203]}",218.40329667841553,203,0,0,40,10826.54461314436
"{'type': 'Point', 'coordinates': [4.91827618055438, 11.610725047244815]}",254.5584412271571,283,0,0,20,9945.538955888507
"{'type': 'Point', 'coordinates': [10.892072819949197, 9.544599893769915]}",313.20919526731655,429,0,0,40,10054.224368791762
"{'type': 'Point', 'coordinates': [7.298811683471112, 11.341230462008959]}",42.42640687119285,665,0,0,40,10096.84467536604
"{'type': 'Point', 'coordinates': [4.244539717464739, 10.397999413683461]}",42.42640687119285,225,0,1,20,11076.290084326432
"{'type': 'Point', 'coordinates': [3.615719018581074, 9.005610723298203]}",152.97058540778355,397,0,0,40,11677.277146391672
"{'type': 'Point', 'coordinates': [8.286958496002585, 10.128504828447605]}",127.27922061357854,742,0,0,40,13422.831478848699
"{'type': 'Point', 'coordinates': [6.220833342527686, 5.906422993085854]}",271.66155414412253,38,0,1,30,19814.424251548015
"{'type': 'Point', 'coordinates': [7.792885089736849, 7.523390504500992]}",300.0,272,0,0,20,13091.204550145303
"{'type': 'Point', 'coordinates': [6.759822512999399, 5.6369284078499975]}",60.0,22,0,1,10,24669.365486798808
"{'type': 'Point', 'coordinates': [7.029317098235255, 12.284461510334456]}",284.60498941515414,473,0,0,40,8480.949264620616
"{'type': 'Point', 'coordinates': [2.8072352628735047, 8.646284609650394]}",361.2478373637689,284,0,0,20,12586.294192672562
"{'type': 'Point', 'coordinates': [10.84715705574322, 7.119148626647208]}",182.48287590894657,519,0,1,10,23310.8079165986
"{'type': 'Point', 'coordinates': [9.140358015916132, 8.152211203384658]}",150.0,124,0,0,40,12079.207008498523
"{'type': 'Point', 'coordinates': [4.828444652142428, 6.580159456175495]}",258.0697580112788,21,0,1,10,19172.683836037293
"{'type': 'Point', 'coordinates': [3.256392904933265, 8.152211203384658]}",305.9411708155671,247,0,1,10,12292.169666610527
"{'type': 'Point', 'coordinates': [6.131001814115734, 6.041170285703782]}",313.20919526731655,101,0,0,30,20654.36357218772
"{'type': 'Point', 'coordinates': [10.892072819949197, 9.589515657975891]}",308.86890422961005,415,0,0,40,9906.875535726802
"{'type': 'Point', 'coordinates': [12.509040331364336, 10.308167885271509]}",308.86890422961005,401,0,0,40,11271.138711417014
"{'type': 'Point', 'coordinates': [5.322518058408165, 10.487830942095414]}",30.0,317,0,0,40,11963.491024602496
"{'type': 'Point', 'coordinates': [10.622578234713341, 12.733619152394217]}",212.13203435596427,346,1,0,20,4908.64357962142
"{'type': 'Point', 'coordinates': [10.802241291537246, 11.970051160892623]}",201.24611797498108,368,1,1,40,6094.1951681727605
"{'type': 'Point', 'coordinates': [6.490327927763542, 6.265749106733662]}",150.0,244,0,1,30,18996.760254441993
"{'type': 'Point', 'coordinates': [6.086086049909758, 8.376790024414538]}",240.0,200,0,1,10,13058.223298820441
"{'type': 'Point', 'coordinates': [8.781031902268323, 9.72426295059382]}",30.0,1265,0,0,40,13165.656940516783
"{'type': 'Point', 'coordinates': [12.823450680806168, 9.49968412956394]}",90.0,194,0,0,40,9556.421872324892
"{'type': 'Point', 'coordinates': [11.475977754626888, 10.577662470507365]}",30.0,245,1,0,40,8755.141711919036
"{'type': 'Point', 'coordinates': [4.424202774288643, 6.894569805617327]}",276.5863337187866,128,0,1,10,18111.54287406057
"{'type': 'Point', 'coordinates': [6.5352436919695185, 10.712409763125294]}",381.8376618407357,432,0,0,40,12134.802474493375
"{'type': 'Point', 'coordinates': [7.65813779711892, 8.736116138062346]}",228.47319317591726,256,0,1,20,12584.90051549506
"{'type': 'Point', 'coordinates': [11.071735876773102, 8.376790024414538]}",216.33307652783935,225,0,0,40,15104.232880549389
"{'type': 'Point', 'coordinates': [11.79038810406872, 9.589515657975891]}",42.42640687119285,166,0,0,40,8533.298487104483
"{'type': 'Point', 'coordinates': [4.109792424846811, 8.736116138062346]}",276.5863337187866,411,0,0,20,11535.19667212244
"{'type': 'Point', 'coordinates': [3.66063478278705, 7.343727447677088]}",276.5863337187866,198,0,1,10,13767.823047147394
"{'type': 'Point', 'coordinates': [12.778534916600194, 8.781031902268323]}",212.13203435596427,684,0,0,40,13839.367321978556
"{'type': 'Point', 'coordinates': [11.835303868274694, 9.589515657975891]}",30.0,160,0,0,40,8460.509588513467
"{'type': 'Point', 'coordinates': [11.475977754626888, 9.320021072740035]}",42.42640687119285,131,1,1,30,8722.84260236613
"{'type': 'Point', 'coordinates': [8.197126967590634, 9.589515657975891]}",123.69316876852982,745,0,0,20,15608.241785543174
"{'type': 'Point', 'coordinates': [7.119148626647208, 5.187770765790236]}",241.86773244895647,51,0,1,10,22694.592112435028
"{'type': 'Point', 'coordinates': [8.91577919488625, 10.98190434836115]}",318.9043743820395,657,0,1,40,12563.240517026046
"{'type': 'Point', 'coordinates': [4.109792424846811, 9.185273780122108]}",201.24611797498108,367,0,0,20,10949.294152383809
"{'type': 'Point', 'coordinates': [7.792885089736849, 8.69120037385637]}",201.24611797498108,264,0,1,40,12695.175807483396
"{'type': 'Point', 'coordinates': [6.220833342527686, 7.747969325530873]}",67.0820393249937,242,0,0,20,13240.711083316159
"{'type': 'Point', 'coordinates': [5.142855001584261, 11.700556575656767]}",201.24611797498108,374,0,1,20,9807.26288373955
"{'type': 'Point', 'coordinates': [13.227692558659953, 11.520893518832862]}",120.0,348,0,0,30,7831.11755788423
"{'type': 'Point', 'coordinates': [11.610725047244815, 7.882716618148801]}",579.396237474839,459,0,0,20,16971.571684084924
"{'type': 'Point', 'coordinates': [10.173420592653581, 9.814094479005773]}",442.944691807002,431,0,0,40,10784.367563801177
"{'type': 'Point', 'coordinates': [9.320021072740035, 8.242042731796609]}",150.0,114,0,1,40,11288.43065530908
"{'type': 'Point', 'coordinates': [2.897066791285457, 9.005610723298203]}",366.1966684720111,314,0,1,20,12263.962751246348
"{'type': 'Point', 'coordinates': [13.227692558659953, 11.20648316939103]}",330.0,365,0,0,30,8964.136723191577
"{'type': 'Point', 'coordinates': [5.187770765790236, 6.490327927763542]}",351.14099732158877,59,0,0,10,20110.03658680059
"{'type': 'Point', 'coordinates': [2.897066791285457, 8.736116138062346]}",301.4962686336267,327,0,0,20,11713.144634607852
"{'type': 'Point', 'coordinates': [9.903926007417724, 10.712409763125294]}",182.48287590894657,531,0,0,30,10527.439067502719
"{'type': 'Point', 'coordinates': [11.386146226214935, 7.972548146560753]}",417.85164831552356,533,0,0,10,16234.62215001809
"{'type': 'Point', 'coordinates': [11.296314697802982, 9.679347186387844]}",90.0,393,0,0,20,10616.43345901588
"{'type': 'Point', 'coordinates': [7.65813779711892, 5.457265351026093]}",218.40329667841553,44,0,0,10,23545.301338083504
"{'type': 'Point', 'coordinates': [7.029317098235255, 12.464124567158361]}",276.5863337187866,450,0,0,20,8410.552610016166
"{'type': 'Point', 'coordinates': [11.700556575656767, 12.868366445012144]}",531.6013544000805,328,0,0,40,5125.508526089492
"{'type': 'Point', 'coordinates': [4.334371245876691, 9.320021072740035]}",180.0,255,0,1,20,11214.923976148573
"{'type': 'Point', 'coordinates': [5.816591464673902, 7.523390504500992]}",351.14099732158877,370,0,1,10,14006.131427879445
"{'type': 'Point', 'coordinates': [5.7716757004679256, 5.816591464673902]}",84.8528137423857,14,0,0,10,23389.012684570625
"{'type': 'Point', 'coordinates': [9.275105308534059, 6.939485569823304]}",134.1640786499874,208,0,0,40,16977.374197465804
"{'type': 'Point', 'coordinates': [6.490327927763542, 7.253895919265136]}",120.0,187,0,1,10,13428.340143108333
"{'type': 'Point', 'coordinates': [7.253895919265136, 7.792885089736849]}",108.16653826391968,302,0,1,10,14016.435753671001
"{'type': 'Point', 'coordinates': [5.187770765790236, 6.759822512999399]}",499.29950931279717,81,0,0,10,18055.31410390511
"{'type': 'Point', 'coordinates': [10.622578234713341, 7.8378008539428246]}",268.3281572999748,205,0,0,40,16936.554511792794
"{'type': 'Point', 'coordinates': [4.379287010082667, 10.802241291537246]}",134.1640786499874,202,0,0,40,10765.050709855057
"{'type': 'Point', 'coordinates': [8.107295439178682, 10.263252121065532]}",169.7056274847714,714,0,0,20,13492.912985876294
"{'type': 'Point', 'coordinates': [5.547096879438045, 9.230189544328082]}",161.55494421403512,238,0,1,10,11712.06752347912
"{'type': 'Point', 'coordinates': [3.615719018581074, 7.523390504500992]}",300.0,156,0,1,20,12556.314523967565
"{'type': 'Point', 'coordinates': [6.894569805617327, 5.412349586820117]}",218.40329667841553,56,0,1,10,23632.855811340472
"{'type': 'Point', 'coordinates': [6.490327927763542, 8.960694959092226]}",201.24611797498108,147,0,0,40,11580.641672391133
"{'type': 'Point', 'coordinates': [13.092945266042026, 11.296314697802982]}",284.60498941515414,368,0,0,30,9026.577461749555
"{'type': 'Point', 'coordinates': [6.041170285703782, 10.397999413683461]}",342.05262752974136,243,0,0,40,12200.502983525994
"{'type': 'Point', 'coordinates': [5.547096879438045, 5.726759936261949]}",30.0,10,0,1,10,26395.477747365832
"{'type': 'Point', 'coordinates': [6.8047382772053755, 8.825947666474299]}",283.0194339616981,121,0,0,40,12183.125830243871
"{'type': 'Point', 'coordinates': [7.164064390853183, 10.577662470507365]}",108.16653826391968,648,0,1,20,12195.24078894232
"{'type': 'Point', 'coordinates': [12.104798453510552, 11.386146226214935]}",570.0,416,0,0,30,8701.270372302257
"{'type': 'Point', 'coordinates': [7.253895919265136, 5.7716757004679256]}",301.4962686336267,109,0,1,10,21775.611566553314
"{'type': 'Point', 'coordinates': [3.615719018581074, 7.972548146560753]}",150.0,303,0,1,20,11901.741434743599
"{'type': 'Point', 'coordinates': [4.109792424846811, 6.984401334029279]}",270.0,75,0,0,10,16882.84360226142
"{'type': 'Point', 'coordinates': [6.131001814115734, 8.197126967590634]}",276.5863337187866,309,0,1,10,13377.822551833146
"{'type': 'Point', 'coordinates': [5.816591464673902, 9.230189544328082]}",60.0,79,0,0,40,11944.939871662453
"{'type': 'Point', 'coordinates': [5.681844172055973, 6.894569805617327]}",611.8823416311342,131,0,1,10,16252.311913849786
"{'type': 'Point', 'coordinates': [12.059882689304576, 9.49968412956394]}",67.0820393249937,145,1,0,30,9076.148289380486
"{'type': 'Point', 'coordinates': [3.256392904933265, 7.8378008539428246]}",335.4101966249685,188,0,0,20,12091.270080333255
"{'type': 'Point', 'coordinates': [4.783528887936452, 11.296314697802982]}",192.09372712298546,230,0,1,20,10708.031263435365
"{'type': 'Point', 'coordinates': [7.8378008539428246, 5.726759936261949]}",90.0,180,0,0,10,21309.765385940005
"{'type': 'Point', 'coordinates': [10.442915177889438, 10.84715705574322]}",362.49137920783716,453,0,0,40,9226.44504639674
"{'type': 'Point', 'coordinates': [10.487830942095414, 10.892072819949197]}",379.47331922020555,436,0,1,40,9106.061296919554
"{'type': 'Point', 'coordinates': [5.906422993085854, 10.75732552733127]}",432.6661530556787,421,0,1,40,11656.04119357424
"{'type': 'Point', 'coordinates': [9.185273780122108, 7.972548146560753]}",30.0,102,0,1,40,11438.651586450287
"{'type': 'Point', 'coordinates': [11.20648316939103, 9.993757535829676]}",134.1640786499874,413,0,0,40,9610.848325860105
"{'type': 'Point', 'coordinates': [13.092945266042026, 12.23954574612848]}",371.0795063055894,304,0,0,40,7257.041245680701
"{'type': 'Point', 'coordinates': [5.277602294202189, 5.457265351026093]}",30.0,8,0,1,10,3755.3323253311664
"{'type': 'Point', 'coordinates': [7.119148626647208, 11.610725047244815]}",30.0,614,0,0,40,9845.052869022154
"{'type': 'Point', 'coordinates': [11.296314697802982, 6.984401334029279]}",84.8528137423857,1532,0,1,30,20662.23044676939
"{'type': 'Point', 'coordinates': [3.570803254375098, 6.625075220381471]}",30.0,29,0,0,50,16332.016782561965
"{'type': 'Point', 'coordinates': [6.40049639935159, 9.364936836946011]}",174.92855684535903,140,0,0,40,11458.796614935654
"{'type': 'Point', 'coordinates': [4.289455481670715, 10.98190434836115]}",120.0,226,0,0,40,10925.934735244988
"{'type': 'Point', 'coordinates': [10.892072819949197, 9.454768365357964]}",256.3201123595259,368,0,0,20,9749.85095552159
"{'type': 'Point', 'coordinates': [9.859010243211747, 8.556453081238441]}",94.86832980505139,150,0,0,40,11051.057876319992
"{'type': 'Point', 'coordinates': [5.412349586820117, 7.478474740295016]}",362.49137920783716,368,0,1,10,14667.728921156086
"{'type': 'Point', 'coordinates': [8.781031902268323, 5.277602294202189]}",295.4657340538831,201,0,1,10,28997.57914467738
"{'type': 'Point', 'coordinates': [9.454768365357964, 8.331874260208561]}",161.55494421403512,114,0,1,40,10934.199000320834
"{'type': 'Point', 'coordinates': [7.298811683471112, 7.343727447677088]}",390.0,316,0,0,10,13215.924595414006
"{'type': 'Point', 'coordinates': [6.849654041411351, 8.286958496002585]}",108.16653826391968,125,0,1,20,11954.97128935423
"{'type': 'Point', 'coordinates': [5.7716757004679256, 7.882716618148801]}",189.73665961010278,521,0,1,10,15039.627009666307
"{'type': 'Point', 'coordinates': [4.379287010082667, 6.984401334029279]}",308.86890422961005,91,0,0,10,17593.670198809355
"{'type': 'Point', 'coordinates': [6.310664870939639, 12.149714217716529]}",210.0,444,0,0,40,9441.454837216199
"{'type': 'Point', 'coordinates': [6.40049639935159, 10.397999413683461]}",283.0194339616981,398,0,0,40,12321.014790517063
"{'type': 'Point', 'coordinates': [3.750466311199002, 11.431061990420911]}",90.0,222,0,1,40,10468.445157797876
"{'type': 'Point', 'coordinates': [7.972548146560753, 6.580159456175495]}",241.86773244895647,114,0,1,10,16791.76771893166
"{'type': 'Point', 'coordinates': [7.029317098235255, 10.712409763125294]}",234.30749027719963,675,0,1,20,12445.330982845597
"{'type': 'Point', 'coordinates': [8.107295439178682, 9.454768365357964]}",134.1640786499874,736,0,0,20,16158.710611036528
"{'type': 'Point', 'coordinates': [8.870863430680274, 9.49968412956394]}",0.0,1350,0,0,30,12306.456580243386
"{'type': 'Point', 'coordinates': [7.882716618148801, 4.514034302700596]}",0.0,1,0,1,10,32713.194770148955
"{'type': 'Point', 'coordinates': [7.164064390853183, 5.457265351026093]}",300.0,96,0,1,10,22941.040897743587
"{'type': 'Point', 'coordinates': [13.452271379689835, 11.161567405185055]}",371.0795063055894,369,0,0,30,9446.84841143902
"{'type': 'Point', 'coordinates': [5.95133875729183, 4.873360416348404]}",42.42640687119285,21,0,1,10,28405.34299017652
"{'type': 'Point', 'coordinates': [5.457265351026093, 12.688703388188241]}",161.55494421403512,285,0,0,30,7440.232002514949
"{'type': 'Point', 'coordinates': [5.457265351026093, 7.568306268706968]}",324.4996147917591,391,0,1,10,15418.954505595204
"{'type': 'Point', 'coordinates': [3.9301293680229064, 9.409852601151988]}",247.38633753705963,384,0,0,40,11018.75268858362
"{'type': 'Point', 'coordinates': [6.131001814115734, 4.963191944760356]}",0.0,18,0,0,10,28276.997943016002
"{'type': 'Point', 'coordinates': [5.142855001584261, 6.086086049909758]}",127.27922061357854,15,0,0,10,24097.16834342107
"{'type': 'Point', 'coordinates': [5.996254521497805, 13.137861030248002]}",150.0,295,0,0,30,5796.833544426636
"{'type': 'Point', 'coordinates': [5.502181115232069, 10.802241291537246]}",234.30749027719963,332,0,0,40,12189.520227569737
"{'type': 'Point', 'coordinates': [5.816591464673902, 9.409852601151988]}",30.0,148,0,1,20,11858.599805431906
"{'type': 'Point', 'coordinates': [6.714906748793423, 5.412349586820117]}",120.0,26,0,1,30,25003.455110289156
"{'type': 'Point', 'coordinates': [11.745472339862744, 7.65813779711892]}",624.2595614005444,531,0,0,30,19767.363692734623
"{'type': 'Point', 'coordinates': [5.008107708966333, 9.589515657975891]}",150.0,171,0,0,40,11778.348437920104
"{'type': 'Point', 'coordinates': [3.166561376521313, 8.781031902268323]}",134.1640786499874,348,0,0,20,12077.74553326426
"{'type': 'Point', 'coordinates': [7.253895919265136, 11.835303868274694]}",150.0,584,0,0,40,8991.457721151626
"{'type': 'Point', 'coordinates': [8.781031902268323, 6.445412163557567]}",276.5863337187866,125,0,0,10,20254.281114377613
"{'type': 'Point', 'coordinates': [7.029317098235255, 6.041170285703782]}",182.48287590894657,330,0,0,10,21335.69482553471
"{'type': 'Point', 'coordinates': [5.097939237378284, 6.8047382772053755]}",488.3646178829912,138,0,0,10,18738.671775221825
"{'type': 'Point', 'coordinates': [8.91577919488625, 6.310664870939639]}",313.20919526731655,187,0,1,10,23389.501527770124
"{'type': 'Point', 'coordinates': [6.131001814115734, 9.095442251710155]}",210.0,80,1,0,40,11444.244585514636
"{'type': 'Point', 'coordinates': [6.310664870939639, 7.8378008539428246]}",90.0,283,0,1,20,13259.342228563153
"{'type': 'Point', 'coordinates': [7.747969325530873, 4.738613123730476]}",94.86832980505139,39,0,1,10,25280.099535919726
"{'type': 'Point', 'coordinates': [5.592012643644021, 6.086086049909758]}",84.8528137423857,27,0,1,10,21598.12646183744
"{'type': 'Point', 'coordinates': [8.646284609650394, 10.577662470507365]}",169.7056274847714,784,0,0,40,13265.614113431424
"{'type': 'Point', 'coordinates': [13.542102908101786, 12.23954574612848]}",390.0,296,0,0,30,6665.40391197471
"{'type': 'Point', 'coordinates': [5.053023473172308, 9.409852601151988]}",120.0,198,0,0,40,11507.760321683523
"{'type': 'Point', 'coordinates': [3.9750451322288827, 9.72426295059382]}",391.15214431215895,313,0,0,20,12587.209166497545
"{'type': 'Point', 'coordinates': [5.592012643644021, 12.688703388188241]}",180.0,286,0,0,40,7088.8656438689295
"{'type': 'Point', 'coordinates': [7.792885089736849, 6.849654041411351]}",313.20919526731655,155,0,0,20,14834.729427367833
"{'type': 'Point', 'coordinates': [8.91577919488625, 10.353083649477485]}",300.0,1125,0,1,20,14180.359809012618
"{'type': 'Point', 'coordinates': [9.050526487504179, 11.745472339862744]}",90.0,421,0,0,40,8518.212715393442
"{'type': 'Point', 'coordinates': [7.164064390853183, 6.445412163557567]}",180.0,59,0,1,20,16790.81768895872
"{'type': 'Point', 'coordinates': [13.676850200719715, 13.49718714389581]}",218.40329667841553,279,0,1,90,2961.330889143452
"{'type': 'Point', 'coordinates': [8.46662155282649, 10.75732552733127]}",0.0,726,0,1,40,13099.92105547525
"{'type': 'Point', 'coordinates': [4.873360416348404, 11.341230462008959]}",210.0,225,0,0,20,10858.759490948389
"{'type': 'Point', 'coordinates': [6.40049639935159, 11.88021963248067]}",234.30749027719963,487,0,0,20,9916.608103278348
"{'type': 'Point', 'coordinates': [3.8852136038169305, 10.622578234713341]}",174.92855684535903,340,0,0,20,12348.375741236487
"{'type': 'Point', 'coordinates': [3.2114771407272893, 9.409852601151988]}",483.73546489791295,405,0,0,20,11953.992115989293
"{'type': 'Point', 'coordinates': [13.182776794453977, 10.263252121065532]}",241.86773244895647,579,0,0,40,10900.38562205256
"{'type': 'Point', 'coordinates': [10.84715705574322, 7.478474740295016]}",254.5584412271571,672,0,1,10,21342.926174239685
"{'type': 'Point', 'coordinates': [9.544599893769915, 9.185273780122108]}",152.97058540778355,525,0,1,20,10911.485108993453
"{'type': 'Point', 'coordinates': [6.894569805617327, 5.008107708966333]}",90.0,31,0,1,30,24481.569708630443
"{'type': 'Point', 'coordinates': [6.220833342527686, 11.925135396686647]}",308.86890422961005,414,0,0,20,9667.304720927099
"{'type': 'Point', 'coordinates': [5.996254521497805, 5.097939237378284]}",0.0,18,0,1,10,28921.279508644482
"{'type': 'Point', 'coordinates': [5.097939237378284, 7.074232862441232]}",602.9925372672534,472,0,1,10,16629.81735542696
"{'type': 'Point', 'coordinates': [7.298811683471112, 8.781031902268323]}",201.24611797498108,406,0,1,20,13405.506219672561
"{'type': 'Point', 'coordinates': [4.963191944760356, 10.712409763125294]}",120.0,200,0,1,40,11556.25270913015
"{'type': 'Point', 'coordinates': [7.7030535613248965, 11.20648316939103]}",60.0,636,0,0,40,9442.716459670195
"{'type': 'Point', 'coordinates': [12.958197973424097, 9.9488417716237]}",371.0795063055894,456,0,0,30,10839.658699092528
"{'type': 'Point', 'coordinates': [3.750466311199002, 9.544599893769915]}",335.4101966249685,328,0,1,20,12011.15840614312
"{'type': 'Point', 'coordinates': [5.592012643644021, 11.475977754626888]}",212.13203435596427,400,0,0,40,10508.204888476655
"{'type': 'Point', 'coordinates': [8.646284609650394, 9.993757535829676]}",120.0,881,0,1,20,12278.927951788924
"{'type': 'Point', 'coordinates': [4.244539717464739, 11.520893518832862]}",108.16653826391968,169,1,0,40,10119.344825254291
"{'type': 'Point', 'coordinates': [7.792885089736849, 9.185273780122108]}",180.0,377,0,0,40,14583.176367261782
"{'type': 'Point', 'coordinates': [6.759822512999399, 6.086086049909758]}",0.0,24,1,1,10,20271.29149249196
"{'type': 'Point', 'coordinates': [8.960694959092226, 8.062379674972705]}",123.69316876852982,174,0,0,20,12186.754207765742
"{'type': 'Point', 'coordinates': [12.419208802952385, 11.431061990420911]}",569.2099788303083,415,0,0,30,8929.571546475112
"{'type': 'Point', 'coordinates': [6.8047382772053755, 5.3674338226141405]}",182.48287590894657,50,0,0,10,24048.376296242524
"{'type': 'Point', 'coordinates': [9.454768365357964, 9.185273780122108]}",212.13203435596427,466,0,0,20,10605.960740900395
"{'type': 'Point', 'coordinates': [6.445412163557567, 8.197126967590634]}",84.8528137423857,149,0,1,10,12227.16249473204
"{'type': 'Point', 'coordinates': [4.154708189052787, 8.511537317032467]}",212.13203435596427,347,0,1,20,12211.930829934943
"{'type': 'Point', 'coordinates': [11.655640811450791, 11.251398933597006]}",371.0795063055894,307,0,0,30,8363.835765015885
"{'type': 'Point', 'coordinates': [6.625075220381471, 5.592012643644021]}",30.0,26,0,0,10,24906.01377448812
"{'type': 'Point', 'coordinates': [11.520893518832862, 9.814094479005773]}",84.8528137423857,521,0,1,40,9943.273758589348
"{'type': 'Point', 'coordinates': [13.452271379689835, 10.353083649477485]}",182.48287590894657,743,0,1,20,10906.091734539872
"{'type': 'Point', 'coordinates': [5.6369284078499975, 6.849654041411351]}",577.0615218501403,123,0,1,10,17345.329936475493
"{'type': 'Point', 'coordinates': [7.8378008539428246, 11.071735876773102]}",42.42640687119285,664,0,0,40,9866.40252091526
"{'type': 'Point', 'coordinates': [9.993757535829676, 7.927632382354777]}",30.0,127,0,0,40,12767.019827487922
"{'type': 'Point', 'coordinates': [6.220833342527686, 10.802241291537246]}",523.9274758971894,452,0,1,20,12344.863036361203
"{'type': 'Point', 'coordinates': [6.8047382772053755, 9.185273780122108]}",123.69316876852982,325,0,0,40,12821.403209642416
"{'type': 'Point', 'coordinates': [4.289455481670715, 6.445412163557567]}",60.0,9,0,1,10,19452.024097362533
"{'type': 'Point', 'coordinates': [6.5352436919695185, 9.9488417716237]}",0.0,232,0,0,40,12143.305664176944
"{'type': 'Point', 'coordinates': [13.631934436513738, 11.341230462008959]}",318.9043743820395,347,0,0,30,9178.360765538302
"{'type': 'Point', 'coordinates': [8.556453081238441, 6.355580635145614]}",134.1640786499874,49,0,0,10,19579.99703310011
"{'type': 'Point', 'coordinates': [7.8378008539428246, 12.509040331364336]}",67.0820393249937,562,0,0,40,8217.51117860953
"{'type': 'Point', 'coordinates': [3.2114771407272893, 7.882716618148801]}",361.2478373637689,234,0,1,10,12412.752451302833
"{'type': 'Point', 'coordinates': [9.275105308534059, 8.870863430680274]}",150.0,261,0,0,40,12398.070092567075
"{'type': 'Point', 'coordinates': [7.972548146560753, 7.747969325530873]}",123.69316876852982,143,0,0,10,12456.665467952163
"{'type': 'Point', 'coordinates': [7.7030535613248965, 6.131001814115734]}",182.48287590894657,51,0,0,10,19164.50564551074
"{'type': 'Point', 'coordinates': [7.029317098235255, 6.894569805617327]}",212.13203435596427,75,0,1,20,14299.197653761745
"{'type': 'Point', 'coordinates': [7.119148626647208, 8.242042731796609]}",161.55494421403512,281,0,1,10,11951.711863389595
"{'type': 'Point', 'coordinates': [8.376790024414538, 5.547096879438045]}",228.47319317591726,155,0,1,10,27946.832307748497
"{'type': 'Point', 'coordinates': [11.700556575656767, 7.972548146560753]}",618.4658438426491,438,0,1,10,15250.834368646074
"{'type': 'Point', 'coordinates': [2.897066791285457, 8.242042731796609]}",342.05262752974136,271,0,1,20,13159.490223318831
"{'type': 'Point', 'coordinates': [4.648781595318524, 11.88021963248067]}",276.5863337187866,324,0,0,20,8644.749229735273
"{'type': 'Point', 'coordinates': [3.615719018581074, 9.9488417716237]}",488.3646178829912,313,0,0,20,13494.593106290762
"{'type': 'Point', 'coordinates': [5.412349586820117, 10.892072819949197]}",150.0,322,0,0,40,11701.244846297439
"{'type': 'Point', 'coordinates': [7.478474740295016, 9.634431422181867]}",150.0,539,0,1,20,15797.386611202692
"{'type': 'Point', 'coordinates': [7.927632382354777, 7.029317098235255]}",456.9463863518345,143,0,1,20,13638.931497897953
"{'type': 'Point', 'coordinates': [10.128504828447605, 7.388643211883064]}",67.0820393249937,202,0,0,20,18898.19495259563
"{'type': 'Point', 'coordinates': [12.598871859776288, 8.870863430680274]}",270.0,353,0,0,40,12644.930291311466
"{'type': 'Point', 'coordinates': [8.331874260208561, 5.053023473172308]}",30.0,33,0,1,10,27043.990262374282
"{'type': 'Point', 'coordinates': [10.128504828447605, 9.005610723298203]}",228.47319317591726,201,0,0,40,10804.797486199936
"{'type': 'Point', 'coordinates': [7.613222032912945, 5.996254521497805]}",256.3201123595259,55,0,0,40,19021.931820017984
"{'type': 'Point', 'coordinates': [3.66063478278705, 8.152211203384658]}",60.0,296,0,0,40,12728.63773987104
"{'type': 'Point', 'coordinates': [12.23954574612848, 8.825947666474299]}",351.14099732158877,392,0,0,20,12125.002437831252
"{'type': 'Point', 'coordinates': [6.984401334029279, 7.298811683471112]}",180.0,200,0,0,10,13227.636079552583
"{'type': 'Point', 'coordinates': [4.91827618055438, 7.074232862441232]}",577.0615218501403,230,0,1,10,16704.381512237713
"{'type': 'Point', 'coordinates': [4.1996239532587625, 7.029317098235255]}",301.4962686336267,98,0,0,10,16768.083421847143
"{'type': 'Point', 'coordinates': [8.286958496002585, 9.320021072740035]}",276.5863337187866,477,0,0,40,15202.004657811685
"{'type': 'Point', 'coordinates': [7.792885089736849, 10.712409763125294]}",30.0,630,0,1,40,12455.717512711333
"{'type': 'Point', 'coordinates': [4.424202774288643, 9.634431422181867]}",90.0,226,0,0,40,12504.510950393102
"{'type': 'Point', 'coordinates': [5.322518058408165, 7.927632382354777]}",94.86832980505139,566,0,1,10,14612.211640963069
"{'type': 'Point', 'coordinates': [4.693697359524499, 9.72426295059382]}",30.0,180,0,0,20,12804.105079127388
"{'type': 'Point', 'coordinates': [6.041170285703782, 11.79038810406872]}",457.93012567421243,417,0,0,30,10222.575922421054
"{'type': 'Point', 'coordinates': [8.376790024414538, 11.026820112567126]}",94.86832980505139,725,0,0,40,12043.3699731651
"{'type': 'Point', 'coordinates': [7.164064390853183, 10.038673300035653]}",90.0,410,0,0,40,14502.784152055461
"{'type': 'Point', 'coordinates': [3.9301293680229064, 7.164064390853183]}",361.2478373637689,135,0,1,10,14951.55277793575
"{'type': 'Point', 'coordinates': [4.783528887936452, 7.298811683471112]}",417.85164831552356,249,0,0,10,16743.08884716127
"{'type': 'Point', 'coordinates': [4.4691185384946195, 6.894569805617327]}",296.98484809834997,103,0,0,10,18191.821947984397
"{'type': 'Point', 'coordinates': [9.544599893769915, 8.152211203384658]}",30.0,100,0,1,20,10470.23219011316
"{'type': 'Point', 'coordinates': [7.747969325530873, 4.873360416348404]}",150.0,49,0,0,10,24398.548432117328
"{'type': 'Point', 'coordinates': [6.355580635145614, 7.164064390853183]}",189.73665961010278,155,0,1,10,13508.027279219328
"{'type': 'Point', 'coordinates': [5.187770765790236, 11.88021963248067]}",182.48287590894657,349,0,0,20,9036.51432167582
"{'type': 'Point', 'coordinates': [4.783528887936452, 7.20898015505916]}",474.3416490252569,241,0,1,10,16096.737607782707
"{'type': 'Point', 'coordinates': [10.892072819949197, 9.140358015916132]}",84.8528137423857,153,0,0,40,9844.810495595093
"{'type': 'Point', 'coordinates': [6.17591757832171, 8.242042731796609]}",234.30749027719963,336,0,1,10,13151.086120589636
"{'type': 'Point', 'coordinates': [10.173420592653581, 8.825947666474299]}",108.16653826391968,162,0,0,40,10589.299756752867
"{'type': 'Point', 'coordinates': [13.856513257543618, 11.79038810406872]}",364.96575181789314,303,0,0,30,6980.164306171364
"{'type': 'Point', 'coordinates': [4.783528887936452, 6.6699909845874465]}",295.4657340538831,52,0,1,10,18813.581844097003
"{'type': 'Point', 'coordinates': [12.868366445012144, 10.577662470507365]}",510.8815909777921,456,0,0,40,10591.228493111019
"{'type': 'Point', 'coordinates': [7.20898015505916, 4.963191944760356]}",127.27922061357854,35,0,1,10,24094.06377269514
"{'type': 'Point', 'coordinates': [6.714906748793423, 9.140358015916132]}",84.8528137423857,259,0,0,40,12428.12491533743
"{'type': 'Point', 'coordinates': [10.173420592653581, 7.253895919265136]}",60.0,214,0,1,20,21557.263106724364
"{'type': 'Point', 'coordinates': [10.083589064241629, 7.074232862441232]}",169.7056274847714,226,0,1,20,22881.764481681166
"{'type': 'Point', 'coordinates': [3.5258874901691217, 6.714906748793423]}",67.0820393249937,58,0,0,50,16332.211635438041
"{'type': 'Point', 'coordinates': [4.738613123730476, 7.613222032912945]}",216.33307652783935,391,0,1,10,14260.084393800702
"{'type': 'Point', 'coordinates': [13.04802950183605, 10.173420592653581]}",305.9411708155671,559,0,0,40,11337.54269640899
"{'type': 'Point', 'coordinates': [13.003113737630073, 9.72426295059382]}",247.38633753705963,549,0,1,20,10700.558575098978
"{'type': 'Point', 'coordinates': [11.970051160892623, 10.038673300035653]}",180.0,189,0,0,40,9603.508336312632
"{'type': 'Point', 'coordinates': [11.520893518832862, 9.364936836946011]}",60.0,132,1,1,30,8712.617396136387
"{'type': 'Point', 'coordinates': [12.194629981922503, 8.825947666474299]}",362.49137920783716,362,0,0,40,12094.594298965952
"{'type': 'Point', 'coordinates': [7.568306268706968, 8.781031902268323]}",182.48287590894657,343,0,0,40,13307.697310578653
"{'type': 'Point', 'coordinates': [7.568306268706968, 9.679347186387844]}",90.0,576,0,1,20,16000.567173506173
"{'type': 'Point', 'coordinates': [8.781031902268323, 5.681844172055973]}",366.1966684720111,178,0,1,10,28115.50472425483
"{'type': 'Point', 'coordinates': [4.289455481670715, 8.870863430680274]}",323.10988842807024,380,0,0,20,12129.743583784071
"{'type': 'Point', 'coordinates': [8.017463910766729, 8.286958496002585]}",108.16653826391968,116,0,1,40,12718.199983841932
"{'type': 'Point', 'coordinates': [7.882716618148801, 9.409852601151988]}",67.0820393249937,713,0,1,20,15585.605563238581
"{'type': 'Point', 'coordinates': [13.49718714389581, 11.161567405185055]}",379.47331922020555,369,0,0,30,9446.84841143902
"{'type': 'Point', 'coordinates': [11.026820112567126, 10.263252121065532]}",301.4962686336267,682,0,0,40,9533.485357843734
"{'type': 'Point', 'coordinates': [6.220833342527686, 6.17591757832171]}",335.4101966249685,162,0,1,10,18698.420175748295
"{'type': 'Point', 'coordinates': [6.8047382772053755, 9.993757535829676]}",0.0,288,0,0,20,13464.286616285506
"{'type': 'Point', 'coordinates': [11.341230462008959, 11.341230462008959]}",436.80659335683106,515,0,0,20,8521.324616545517
"{'type': 'Point', 'coordinates': [7.478474740295016, 7.343727447677088]}",442.944691807002,329,0,0,20,13491.29283861199
"{'type': 'Point', 'coordinates': [6.984401334029279, 6.17591757832171]}",123.69316876852982,187,0,0,10,17277.944846347556
"{'type': 'Point', 'coordinates': [3.2114771407272893, 7.747969325530873]}",271.66155414412253,183,0,0,20,11369.419203061818
"{'type': 'Point', 'coordinates': [7.972548146560753, 10.173420592653581]}",67.0820393249937,700,0,1,20,13173.684545305907
"{'type': 'Point', 'coordinates': [10.038673300035653, 7.074232862441232]}",192.09372712298546,211,0,0,20,22252.060141164344
"{'type': 'Point', 'coordinates': [12.643787623982265, 9.454768365357964]}",123.69316876852982,305,0,0,20,9704.609565876846
"{'type': 'Point', 'coordinates': [6.580159456175495, 11.520893518832862]}",300.0,561,0,0,40,10598.420067154586
"{'type': 'Point', 'coordinates': [5.457265351026093, 5.412349586820117]}",0.0,4,0,1,95,32144.269739109834
"{'type': 'Point', 'coordinates': [3.3911401975511937, 8.556453081238441]}",94.86832980505139,345,0,0,20,11764.113903612451
"{'type': 'Point', 'coordinates': [3.4360559617571695, 8.960694959092226]}",189.73665961010278,405,0,0,40,12196.715139109598
"{'type': 'Point', 'coordinates': [2.897066791285457, 8.421705788620514]}",349.85711369071805,266,0,1,20,12753.299778660765
"{'type': 'Point', 'coordinates': [11.475977754626888, 10.263252121065532]}",30.0,261,0,0,40,8852.243157086486
"{'type': 'Point', 'coordinates': [4.424202774288643, 10.038673300035653]}",42.42640687119285,173,0,0,20,12414.906192339142
"{'type': 'Point', 'coordinates': [7.882716618148801, 8.062379674972705]}",60.0,125,0,1,40,12334.8903379707
"{'type': 'Point', 'coordinates': [4.91827618055438, 6.086086049909758]}",60.0,10,0,1,10,24307.235341623425
"{'type': 'Point', 'coordinates': [10.75732552733127, 8.781031902268323]}",152.97058540778355,117,1,1,40,11539.317721637291
"{'type': 'Point', 'coordinates': [11.970051160892623, 9.140358015916132]}",241.86773244895647,273,0,0,40,10296.439321630112
"{'type': 'Point', 'coordinates': [6.8047382772053755, 10.802241291537246]}",228.47319317591726,580,0,1,20,12253.104050320835
"{'type': 'Point', 'coordinates': [5.906422993085854, 6.849654041411351]}",480.0,72,0,1,10,16648.41096953419
"{'type': 'Point', 'coordinates': [12.104798453510552, 9.859010243211747]}",67.0820393249937,225,0,0,40,9508.89691359736
"{'type': 'Point', 'coordinates': [7.8378008539428246, 6.894569805617327]}",351.14099732158877,134,0,0,10,14706.050953919004
"{'type': 'Point', 'coordinates': [3.750466311199002, 8.960694959092226]}",84.8528137423857,447,0,1,40,12019.69002943936
"{'type': 'Point', 'coordinates': [9.230189544328082, 6.265749106733662]}",483.73546489791295,405,0,1,10,24180.900849323618
"{'type': 'Point', 'coordinates': [10.038673300035653, 7.43355897608904]}",94.86832980505139,203,0,0,40,17237.69223411985
"{'type': 'Point', 'coordinates': [5.412349586820117, 10.936988584155173]}",127.27922061357854,301,0,0,40,11647.515858099307
"{'type': 'Point', 'coordinates': [3.750466311199002, 11.251398933597006]}",201.24611797498108,240,0,1,40,11514.174024821863
"{'type': 'Point', 'coordinates': [9.903926007417724, 11.026820112567126]}",30.0,503,0,0,40,10187.567741385494
"{'type': 'Point', 'coordinates': [6.759822512999399, 11.20648316939103]}",123.69316876852982,555,0,1,20,10822.968478097577
"{'type': 'Point', 'coordinates': [7.65813779711892, 6.625075220381471]}",150.0,137,0,1,20,16286.408403119072
"{'type': 'Point', 'coordinates': [4.1996239532587625, 10.936988584155173]}",161.55494421403512,247,0,1,40,11200.724354857897
"{'type': 'Point', 'coordinates': [8.242042731796609, 7.478474740295016]}",228.47319317591726,151,0,1,20,12367.735390543428
"{'type': 'Point', 'coordinates': [5.277602294202189, 10.218336356859556]}",123.69316876852982,305,0,0,40,12179.413727385003
"{'type': 'Point', 'coordinates': [6.849654041411351, 8.421705788620514]}",169.7056274847714,116,0,1,10,11892.831354540747
"{'type': 'Point', 'coordinates': [9.634431422181867, 8.91577919488625]}",67.0820393249937,236,0,0,40,11573.981996656687
"{'type': 'Point', 'coordinates': [6.445412163557567, 11.386146226214935]}",342.05262752974136,506,0,0,40,10842.287696467341
"{'type': 'Point', 'coordinates': [9.544599893769915, 8.376790024414538]}",123.69316876852982,162,0,0,40,11301.56574773349
"{'type': 'Point', 'coordinates': [6.625075220381471, 10.487830942095414]}",276.5863337187866,550,0,0,10,13179.136823043373
"{'type': 'Point', 'coordinates': [10.487830942095414, 8.197126967590634]}",123.69316876852982,180,0,1,40,13484.676337113799
"{'type': 'Point', 'coordinates': [6.220833342527686, 9.185273780122108]}",256.3201123595259,102,0,0,40,10888.246871653491
"{'type': 'Point', 'coordinates': [9.364936836946011, 11.520893518832862]}",0.0,422,0,0,40,8793.38238631881
"{'type': 'Point', 'coordinates': [4.693697359524499, 6.8047382772053755]}",349.85711369071805,134,0,1,10,19006.362280193716
"{'type': 'Point', 'coordinates': [6.310664870939639, 5.681844172055973]}",161.55494421403512,21,0,1,10,20950.713390427874
"{'type': 'Point', 'coordinates': [5.502181115232069, 5.681844172055973]}",0.0,7,0,0,95,26857.953590753896
"{'type': 'Point', 'coordinates': [13.182776794453977, 11.835303868274694]}",94.86832980505139,321,0,0,50,6665.508507796378
"{'type': 'Point', 'coordinates': [12.059882689304576, 9.230189544328082]}",216.33307652783935,234,0,0,40,9560.192219465676
"{'type': 'Point', 'coordinates': [6.131001814115734, 10.75732552733127]}",563.6488268416781,402,0,0,40,12078.115850938775
"{'type': 'Point', 'coordinates': [3.66063478278705, 9.634431422181867]}",408.0441152620633,326,0,1,20,12336.255559506651
"{'type': 'Point', 'coordinates': [7.20898015505916, 10.263252121065532]}",60.0,551,0,1,20,12754.939897976763
"{'type': 'Point', 'coordinates': [9.050526487504179, 8.556453081238441]}",84.8528137423857,136,0,0,40,13146.100094984738
"{'type': 'Point', 'coordinates': [5.996254521497805, 9.769178714799796]}",42.42640687119285,156,0,1,20,11810.997478627476
"{'type': 'Point', 'coordinates': [5.277602294202189, 11.700556575656767]}",180.0,381,0,0,40,9696.89776224861
"{'type': 'Point', 'coordinates': [4.738613123730476, 10.083589064241629]}",67.0820393249937,228,0,0,40,11935.797924785307
"{'type': 'Point', 'coordinates': [10.667493998919317, 8.91577919488625]}",134.1640786499874,144,0,1,20,10722.806892746426
"{'type': 'Point', 'coordinates': [7.927632382354777, 9.320021072740035]}",127.27922061357854,476,0,1,10,15100.42391670354
"{'type': 'Point', 'coordinates': [6.041170285703782, 9.544599893769915]}",30.0,122,0,1,40,11337.796601315014
"{'type': 'Point', 'coordinates': [13.003113737630073, 11.386146226214935]}",258.0697580112788,368,0,0,30,8961.56841328894
"{'type': 'Point', 'coordinates': [10.308167885271509, 9.364936836946011]}",390.0,326,0,0,20,9783.310232234595
"{'type': 'Point', 'coordinates': [5.996254521497805, 5.322518058408165]}",108.16653826391968,14,0,1,10,26142.165315155667
"{'type': 'Point', 'coordinates': [11.565809283038838, 8.286958496002585]}",513.5172830587107,544,0,1,10,16217.943072106822
"{'type': 'Point', 'coordinates': [3.2114771407272893, 7.074232862441232]}",120.0,73,0,1,20,13067.08432280791
"{'type': 'Point', 'coordinates': [11.610725047244815, 9.185273780122108]}",123.69316876852982,283,0,0,20,9670.236010847408
"{'type': 'Point', 'coordinates': [6.40049639935159, 5.277602294202189]}",0.0,22,0,1,10,27250.6256840383
"{'type': 'Point', 'coordinates': [12.059882689304576, 8.152211203384658]}",496.58836071740546,520,0,0,40,14055.33073264773
"{'type': 'Point', 'coordinates': [8.242042731796609, 5.187770765790236]}",60.0,12,0,1,10,28510.732256494462
"{'type': 'Point', 'coordinates': [9.364936836946011, 8.69120037385637]}",67.0820393249937,183,0,0,40,12369.521189981187
"{'type': 'Point', 'coordinates': [12.868366445012144, 9.72426295059382]}",241.86773244895647,382,0,1,20,10454.596380990806
"{'type': 'Point', 'coordinates': [11.520893518832862, 7.65813779711892]}",551.5432893255071,455,0,0,10,20290.774518392842
"{'type': 'Point', 'coordinates': [11.116651640979079, 9.769178714799796]}",123.69316876852982,397,0,0,40,9986.478377009626
"{'type': 'Point', 'coordinates': [4.558950066906571, 10.892072819949197]}",84.8528137423857,240,0,1,20,10447.244362207812
"{'type': 'Point', 'coordinates': [8.376790024414538, 6.984401334029279]}",494.77267507411926,121,0,0,40,13648.395781916566
"{'type': 'Point', 'coordinates': [5.502181115232069, 8.242042731796609]}",67.0820393249937,315,0,1,20,12314.724084426209
"{'type': 'Point', 'coordinates': [9.364936836946011, 9.454768365357964]}",241.86773244895647,1151,0,1,40,11790.462894278055
"{'type': 'Point', 'coordinates': [6.5352436919695185, 5.861507228879877]}",60.0,27,0,1,10,21487.28019140265
"{'type': 'Point', 'coordinates': [6.355580635145614, 10.218336356859556]}",201.24611797498108,288,0,1,20,12353.185632970853
"{'type': 'Point', 'coordinates': [3.705550546993026, 7.882716618148801]}",182.48287590894657,229,0,1,20,12136.280245784612
"{'type': 'Point', 'coordinates': [3.3911401975511937, 7.882716618148801]}",300.0,202,0,1,20,12401.523758030176
"{'type': 'Point', 'coordinates': [3.5258874901691217, 7.972548146560753]}",192.09372712298546,297,0,1,10,12477.144059659506
"{'type': 'Point', 'coordinates': [7.164064390853183, 9.589515657975891]}",212.13203435596427,528,0,0,20,14594.9829592514
"{'type': 'Point', 'coordinates': [13.317524087071906, 10.263252121065532]}",169.7056274847714,633,0,0,40,10711.200894710983
"{'type': 'Point', 'coordinates': [4.693697359524499, 9.185273780122108]}",0.0,147,0,1,20,11310.56489524094
"{'type': 'Point', 'coordinates': [6.8047382772053755, 8.556453081238441]}",192.09372712298546,198,0,1,10,11991.197961078584
"{'type': 'Point', 'coordinates': [10.98190434836115, 8.331874260208561]}",150.0,199,0,1,40,14360.288321217406
"{'type': 'Point', 'coordinates': [5.322518058408165, 11.610725047244815]}",123.69316876852982,381,0,0,40,10001.454981799685
"{'type': 'Point', 'coordinates': [7.253895919265136, 7.747969325530873]}",134.1640786499874,358,0,0,10,13767.92203990635
"{'type': 'Point', 'coordinates': [6.625075220381471, 7.792885089736849]}",90.0,204,0,0,20,12308.258562976029
"{'type': 'Point', 'coordinates': [7.074232862441232, 6.131001814115734]}",189.73665961010278,139,0,1,10,18518.27502991818
"{'type': 'Point', 'coordinates': [5.816591464673902, 10.128504828447605]}",283.0194339616981,234,0,0,40,11961.796750141424
"{'type': 'Point', 'coordinates': [7.343727447677088, 6.310664870939639]}",218.40329667841553,311,0,0,10,18585.56152054295
"{'type': 'Point', 'coordinates': [9.005610723298203, 6.714906748793423]}",349.85711369071805,139,0,0,40,16715.14406868691
"{'type': 'Point', 'coordinates': [3.2114771407272893, 6.714906748793423]}",161.55494421403512,47,0,0,50,14629.528669312902
"{'type': 'Point', 'coordinates': [7.478474740295016, 7.164064390853183]}",510.0,263,0,0,10,13206.957811163738
"{'type': 'Point', 'coordinates': [6.849654041411351, 4.91827618055438]}",42.42640687119285,16,0,0,10,24904.34386485815
"{'type': 'Point', 'coordinates': [5.816591464673902, 4.4691185384946195]}",0.0,11,0,0,95,28973.629054374993
"{'type': 'Point', 'coordinates': [11.296314697802982, 7.20898015505916]}",218.40329667841553,399,0,0,10,21357.19264020592
"{'type': 'Point', 'coordinates': [6.984401334029279, 4.963191944760356]}",84.8528137423857,31,0,0,10,23931.498573306948
"{'type': 'Point', 'coordinates': [7.253895919265136, 10.128504828447605]}",67.0820393249937,598,0,1,10,14018.862064698997
"{'type': 'Point', 'coordinates': [7.8378008539428246, 7.298811683471112]}",429.5346318982906,187,0,0,10,12696.337399413576
"{'type': 'Point', 'coordinates': [6.714906748793423, 6.894569805617327]}",30.0,31,0,0,30,14074.593614850193
"{'type': 'Point', 'coordinates': [9.230189544328082, 6.939485569823304]}",152.97058540778355,208,0,0,40,16186.098134789616
"{'type': 'Point', 'coordinates': [4.1996239532587625, 10.128504828447605]}",161.55494421403512,261,0,0,20,12277.324391016919
"{'type': 'Point', 'coordinates': [9.005610723298203, 9.769178714799796]}",30.0,1183,0,1,30,12190.622026542549
"{'type': 'Point', 'coordinates': [8.017463910766729, 4.783528887936452]}",108.16653826391968,44,0,1,10,28658.563744124025
"{'type': 'Point', 'coordinates': [2.8521510270794805, 6.984401334029279]}",300.0,32,0,1,20,11942.441355302872
"{'type': 'Point', 'coordinates': [7.298811683471112, 11.161567405185055]}",0.0,660,0,0,40,10272.11811090674
"{'type': 'Point', 'coordinates': [5.906422993085854, 10.712409763125294]}",416.7733196834941,421,0,0,40,11534.492701193773
"{'type': 'Point', 'coordinates': [8.781031902268323, 11.071735876773102]}",212.13203435596427,627,0,0,20,11849.282599500959
"{'type': 'Point', 'coordinates': [4.91827618055438, 6.759822512999399]}",391.15214431215895,104,0,1,10,18190.919178184122
"{'type': 'Point', 'coordinates': [5.7716757004679256, 4.514034302700596]}",30.0,8,0,0,95,33082.573312699795
"{'type': 'Point', 'coordinates': [8.331874260208561, 6.041170285703782]}",30.0,41,0,0,10,22141.407201590016
"{'type': 'Point', 'coordinates': [3.480971725963146, 9.364936836946011]}",318.9043743820395,361,0,0,20,11604.994250853928
"{'type': 'Point', 'coordinates': [11.925135396686647, 10.622578234713341]}",134.1640786499874,481,0,0,40,10342.219637269038
"{'type': 'Point', 'coordinates': [5.592012643644021, 6.759822512999399]}",513.5172830587107,43,0,0,10,17543.995024151634
"{'type': 'Point', 'coordinates': [8.46662155282649, 10.84715705574322]}",42.42640687119285,767,0,1,20,13055.599248776678
"{'type': 'Point', 'coordinates': [9.454768365357964, 6.5352436919695185]}",256.3201123595259,391,0,1,10,24026.569963417223
"{'type': 'Point', 'coordinates': [10.577662470507365, 7.792885089736849]}",295.4657340538831,202,0,1,40,16977.838003549572
"{'type': 'Point', 'coordinates': [6.6699909845874465, 5.681844172055973]}",30.0,28,0,1,10,24100.39374788478
"{'type': 'Point', 'coordinates': [3.615719018581074, 9.544599893769915]}",362.49137920783716,339,0,0,20,12026.30358801398
"{'type': 'Point', 'coordinates': [8.107295439178682, 9.140358015916132]}",296.98484809834997,448,0,1,20,15199.735413001992
"{'type': 'Point', 'coordinates': [7.119148626647208, 6.580159456175495]}",174.92855684535903,82,0,0,20,16323.172440405004
"{'type': 'Point', 'coordinates': [10.263252121065532, 8.376790024414538]}",127.27922061357854,132,0,1,20,11595.959689597512
"{'type': 'Point', 'coordinates': [11.88021963248067, 9.454768365357964]}",30.0,153,0,0,30,8793.170727678731
"{'type': 'Point', 'coordinates': [7.7030535613248965, 12.0149669250986]}",108.16653826391968,607,0,0,40,9221.814551338759
"{'type': 'Point', 'coordinates': [11.026820112567126, 7.747969325530873]}",335.4101966249685,241,0,0,40,18789.891835888917
"{'type': 'Point', 'coordinates': [5.142855001584261, 9.409852601151988]}",150.0,191,0,0,40,11478.220528057747
"{'type': 'Point', 'coordinates': [11.431061990420911, 7.164064390853183]}",234.30749027719963,1170,0,0,10,20531.08918030717
"{'type': 'Point', 'coordinates': [8.152211203384658, 12.509040331364336]}",67.0820393249937,499,0,0,20,7482.723815730313
"{'type': 'Point', 'coordinates': [8.107295439178682, 9.320021072740035]}",218.40329667841553,495,0,1,20,15486.328828808371
"{'type': 'Point', 'coordinates': [4.558950066906571, 10.802241291537246]}",90.0,225,0,0,20,10468.1283344005
"{'type': 'Point', 'coordinates': [12.688703388188241, 9.544599893769915]}",150.0,218,0,0,40,9724.435619243231
"{'type': 'Point', 'coordinates': [5.681844172055973, 4.963191944760356]}",30.0,13,0,0,10,30648.487105677836
"{'type': 'Point', 'coordinates': [4.334371245876691, 8.062379674972705]}",108.16653826391968,383,0,1,10,13479.655077488213
"{'type': 'Point', 'coordinates': [9.050526487504179, 10.218336356859556]}",218.40329667841553,799,0,0,40,12799.94616631919
"{'type': 'Point', 'coordinates': [10.128504828447605, 10.038673300035653]}",300.0,612,0,1,40,10731.762653571903
"{'type': 'Point', 'coordinates': [8.062379674972705, 5.906422993085854]}",0.0,38,0,1,10,19790.334841718897
"{'type': 'Point', 'coordinates': [4.334371245876691, 7.343727447677088]}",390.0,202,0,1,10,16022.057476018555
"{'type': 'Point', 'coordinates': [3.705550546993026, 7.613222032912945]}",361.2478373637689,193,0,1,10,13790.111361922805
"{'type': 'Point', 'coordinates': [8.825947666474299, 6.714906748793423]}",424.26406871192853,97,0,0,40,16506.921112479722
"{'type': 'Point', 'coordinates': [5.232686529996212, 9.589515657975891]}",268.3281572999748,173,0,0,40,11551.843785491787
"{'type': 'Point', 'coordinates': [8.107295439178682, 5.142855001584261]}",30.0,13,0,1,10,27502.157661370933
"{'type': 'Point', 'coordinates': [11.20648316939103, 6.984401334029279]}",60.0,1645,0,1,30,20332.436700733844
"{'type': 'Point', 'coordinates': [3.3911401975511937, 9.814094479005773]}",591.6924876994806,423,0,1,20,13287.738222727261
"{'type': 'Point', 'coordinates': [6.265749106733662, 4.783528887936452]}",0.0,17,0,0,10,29518.532897278666
"{'type': 'Point', 'coordinates': [12.329377274540432, 9.634431422181867]}",94.86832980505139,395,0,1,40,9558.870687216855
"{'type': 'Point', 'coordinates': [11.296314697802982, 9.140358015916132]}",94.86832980505139,170,0,0,40,9719.075500492734
"{'type': 'Point', 'coordinates': [12.419208802952385, 10.083589064241629]}",318.9043743820395,631,0,0,40,11460.48738823249
"{'type': 'Point', 'coordinates': [6.355580635145614, 8.46662155282649]}",60.0,75,0,1,40,11568.982218967218
"{'type': 'Point', 'coordinates': [7.074232862441232, 5.322518058408165]}",323.10988842807024,63,0,1,10,23186.192709993404
"{'type': 'Point', 'coordinates': [2.8521510270794805, 8.197126967590634]}",305.9411708155671,272,0,1,20,13380.062019273813
"{'type': 'Point', 'coordinates': [9.454768365357964, 7.747969325530873]}",161.55494421403512,161,0,0,40,12458.66472707918
"{'type': 'Point', 'coordinates': [5.547096879438045, 8.825947666474299]}",42.42640687119285,85,0,0,40,11625.705480830666
"{'type': 'Point', 'coordinates': [8.107295439178682, 6.220833342527686]}",150.0,46,0,0,20,19417.963344536547
"{'type': 'Point', 'coordinates': [12.059882689304576, 7.8378008539428246]}",615.5485358604958,623,0,0,20,17033.01672844279
"{'type': 'Point', 'coordinates': [3.5258874901691217, 11.475977754626888]}",127.27922061357854,260,0,0,40,9994.981228112509
"{'type': 'Point', 'coordinates': [3.4360559617571695, 9.095442251710155]}",271.66155414412253,376,0,0,20,11732.679960137066
"{'type': 'Point', 'coordinates': [4.109792424846811, 7.65813779711892]}",335.4101966249685,224,0,1,10,14083.65282472552
"{'type': 'Point', 'coordinates': [7.343727447677088, 9.993757535829676]}",90.0,539,0,1,10,14151.409181996374
"{'type': 'Point', 'coordinates': [9.589515657975891, 8.017463910766729]}",42.42640687119285,122,0,0,20,11013.873370318448
"{'type': 'Point', 'coordinates': [9.409852601151988, 9.589515657975891]}",271.66155414412253,1232,0,0,20,12520.870855303307
"{'type': 'Point', 'coordinates': [13.49718714389581, 10.892072819949197]}",540.0,446,0,0,30,9866.903948215377
"{'type': 'Point', 'coordinates': [3.66063478278705, 9.814094479005773]}",523.9274758971894,303,0,0,20,13385.283355415595
"{'type': 'Point', 'coordinates': [3.840297839610954, 7.8378008539428246]}",212.13203435596427,273,0,0,40,11812.518952401733
"{'type': 'Point', 'coordinates': [5.996254521497805, 10.308167885271509]}",295.4657340538831,242,0,0,40,11537.387219458415
"{'type': 'Point', 'coordinates': [13.631934436513738, 11.88021963248067]}",241.86773244895647,302,0,0,30,7157.0802242395275
"{'type': 'Point', 'coordinates': [3.9301293680229064, 7.792885089736849]}",256.3201123595259,295,0,1,10,12222.63530584256
"{'type': 'Point', 'coordinates': [7.388643211883064, 10.308167885271509]}",42.42640687119285,616,0,0,20,12855.174576831267
"{'type': 'Point', 'coordinates': [4.424202774288643, 8.511537317032467]}",108.16653826391968,343,0,1,20,12664.742930834225
"{'type': 'Point', 'coordinates': [12.329377274540432, 9.140358015916132]}",134.1640786499874,259,0,0,20,10118.780219593318
"{'type': 'Point', 'coordinates': [2.986898319697409, 9.050526487504179]}",339.4112549695428,381,0,0,20,12265.353940379553
"{'type': 'Point', 'coordinates': [10.892072819949197, 7.478474740295016]}",276.5863337187866,723,0,1,10,21320.564280251
"{'type': 'Point', 'coordinates': [9.050526487504179, 9.903926007417724]}",60.0,1393,0,0,20,12608.329235725103
"{'type': 'Point', 'coordinates': [10.577662470507365, 10.038673300035653]}",502.8916384272063,315,0,0,40,9715.184368610848
"{'type': 'Point', 'coordinates': [5.996254521497805, 4.91827618055438]}",30.0,21,0,1,10,28390.27774277795
"{'type': 'Point', 'coordinates': [7.972548146560753, 9.903926007417724]}",123.69316876852982,742,0,1,40,13491.893388320565
"{'type': 'Point', 'coordinates': [6.939485569823304, 9.095442251710155]}",201.24611797498108,195,0,0,40,13143.974658896686
"{'type': 'Point', 'coordinates': [7.972548146560753, 8.960694959092226]}",305.9411708155671,308,0,1,20,14142.72647399294
"{'type': 'Point', 'coordinates': [11.79038810406872, 12.868366445012144]}",474.3416490252569,327,0,1,40,5311.886315762656
"{'type': 'Point', 'coordinates': [6.17591757832171, 5.502181115232069]}",150.0,19,0,1,10,23311.899317062984
"{'type': 'Point', 'coordinates': [5.996254521497805, 10.936988584155173]}",488.3646178829912,450,0,0,40,11044.067431869553
"{'type': 'Point', 'coordinates': [8.376790024414538, 8.421705788620514]}",60.0,200,0,0,40,13636.217418183387
"{'type': 'Point', 'coordinates': [9.230189544328082, 7.43355897608904]}",0.0,132,0,0,40,12933.018895655103
"{'type': 'Point', 'coordinates': [12.778534916600194, 10.218336356859556]}",488.3646178829912,523,0,0,40,11894.50368756092
"{'type': 'Point', 'coordinates': [13.182776794453977, 12.329377274540432]}",421.07006542854594,302,0,0,30,6439.241856011833
"{'type': 'Point', 'coordinates': [5.95133875729183, 5.457265351026093]}",94.86832980505139,15,0,1,10,23928.02023145744
"{'type': 'Point', 'coordinates': [5.232686529996212, 7.972548146560753]}",30.0,549,0,1,10,14327.067677472507
"{'type': 'Point', 'coordinates': [6.490327927763542, 11.071735876773102]}",301.4962686336267,469,0,1,20,12002.865903364996
"{'type': 'Point', 'coordinates': [9.49968412956394, 8.646284609650394]}",67.0820393249937,159,0,0,40,11813.862888195208
"{'type': 'Point', 'coordinates': [11.610725047244815, 9.230189544328082]}",94.86832980505139,204,0,0,40,9206.94569113506
"{'type': 'Point', 'coordinates': [9.634431422181867, 9.275105308534059]}",127.27922061357854,553,0,1,20,10988.731718665336
"{'type': 'Point', 'coordinates': [5.816591464673902, 6.355580635145614]}",295.4657340538831,97,0,0,10,18847.666845314205
"{'type': 'Point', 'coordinates': [9.589515657975891, 6.580159456175495]}",210.0,570,0,1,10,23526.62351537778
"{'type': 'Point', 'coordinates': [7.8378008539428246, 11.341230462008959]}",120.0,668,0,0,40,9691.135005687276
"{'type': 'Point', 'coordinates': [7.119148626647208, 12.104798453510552]}",283.0194339616981,480,0,0,40,8482.186520938996
"{'type': 'Point', 'coordinates': [11.835303868274694, 8.870863430680274]}",351.14099732158877,418,0,0,20,12733.238044173826
"{'type': 'Point', 'coordinates': [7.074232862441232, 9.050526487504179]}",150.0,198,0,0,40,13312.547145649009
"{'type': 'Point', 'coordinates': [7.119148626647208, 7.029317098235255]}",271.66155414412253,58,0,1,10,13385.703470663313
"{'type': 'Point', 'coordinates': [8.736116138062346, 5.277602294202189]}",284.60498941515414,159,0,0,10,28310.771471106913
"{'type': 'Point', 'coordinates': [5.592012643644021, 10.038673300035653]}",283.0194339616981,304,0,1,40,13043.735331532978
"{'type': 'Point', 'coordinates': [13.49718714389581, 11.341230462008959]}",268.3281572999748,352,0,0,30,9285.49425442359
"{'type': 'Point', 'coordinates': [10.218336356859556, 7.972548146560753]}",90.0,177,0,1,20,12588.916744331527
"{'type': 'Point', 'coordinates': [5.008107708966333, 10.128504828447605]}",247.38633753705963,314,0,0,40,12091.501689421799
"{'type': 'Point', 'coordinates': [4.514034302700596, 8.556453081238441]}",84.8528137423857,298,0,1,20,12781.643423421645
"{'type': 'Point', 'coordinates': [9.72426295059382, 8.242042731796609]}",30.0,105,1,1,20,10064.295190051882
"{'type': 'Point', 'coordinates': [4.6038658311125475, 11.026820112567126]}",0.0,173,1,0,40,11197.67891555158
"{'type': 'Point', 'coordinates': [12.419208802952385, 11.296314697802982]}",551.5432893255071,416,0,0,30,9203.131307813966
"{'type': 'Point', 'coordinates': [11.161567405185055, 10.622578234713341]}",189.73665961010278,470,0,1,20,8797.864365986421
"{'type': 'Point', 'coordinates': [8.062379674972705, 10.75732552733127]}",212.13203435596427,646,0,0,40,12262.16773344297
"{'type': 'Point', 'coordinates': [6.355580635145614, 10.667493998919317]}",456.9463863518345,404,0,0,40,11907.034314178105
"{'type': 'Point', 'coordinates': [8.870863430680274, 6.041170285703782]}",276.5863337187866,105,0,0,10,27215.8245293051
"{'type': 'Point', 'coordinates': [12.688703388188241, 10.712409763125294]}",408.0441152620633,442,0,0,30,9817.982889830513
"{'type': 'Point', 'coordinates': [11.925135396686647, 8.69120037385637]}",484.6648326421053,500,0,0,40,12976.797470899452
"{'type': 'Point', 'coordinates': [8.601368845444417, 6.490327927763542]}",228.47319317591726,42,0,1,40,18265.61205706041
"{'type': 'Point', 'coordinates': [6.041170285703782, 5.3674338226141405]}",127.27922061357854,14,0,1,10,25160.237188837575
"{'type': 'Point', 'coordinates': [6.131001814115734, 11.88021963248067]}",375.89892258425004,394,0,0,20,9752.099285115273
"{'type': 'Point', 'coordinates': [3.705550546993026, 11.475977754626888]}",67.0820393249937,182,0,1,40,9957.921182371187
"{'type': 'Point', 'coordinates': [4.873360416348404, 6.939485569823304]}",483.73546489791295,223,0,0,10,17409.853740561754
"{'type': 'Point', 'coordinates': [6.625075220381471, 10.128504828447605]}",60.0,306,0,0,20,12543.755778668909
"{'type': 'Point', 'coordinates': [10.353083649477485, 10.083589064241629]}",391.15214431215895,379,0,0,40,10011.009183830116
"{'type': 'Point', 'coordinates': [11.431061990420911, 9.993757535829676]}",134.1640786499874,316,0,0,40,9395.347607802949
"{'type': 'Point', 'coordinates': [8.286958496002585, 10.75732552733127]}",67.0820393249937,710,0,0,40,12775.435795775182
"{'type': 'Point', 'coordinates': [6.984401334029279, 7.343727447677088]}",180.0,325,0,1,10,13298.965338287875
"{'type': 'Point', 'coordinates': [6.5352436919695185, 7.298811683471112]}",90.0,331,0,0,10,13487.87840874662
"{'type': 'Point', 'coordinates': [8.46662155282649, 9.993757535829676]}",0.0,763,0,0,40,12060.230458785021
"{'type': 'Point', 'coordinates': [8.376790024414538, 10.263252121065532]}",182.48287590894657,858,0,1,40,12998.334579083836
"{'type': 'Point', 'coordinates': [13.137861030248002, 10.84715705574322]}",563.6488268416781,423,0,0,30,9972.515947596195
"{'type': 'Point', 'coordinates': [7.029317098235255, 7.074232862441232]}",210.0,60,0,1,10,12891.779380281689
"{'type': 'Point', 'coordinates': [3.121645612315337, 7.119148626647208]}",108.16653826391968,118,0,1,10,12757.39831905259
"{'type': 'Point', 'coordinates': [10.75732552733127, 9.230189544328082]}",161.55494421403512,208,0,0,40,10228.943861713602
"{'type': 'Point', 'coordinates': [3.750466311199002, 6.759822512999399]}",90.0,16,0,1,10,16925.84689580476
"{'type': 'Point', 'coordinates': [4.514034302700596, 10.038673300035653]}",30.0,163,1,0,20,13309.12771809625
"{'type': 'Point', 'coordinates': [8.107295439178682, 5.7716757004679256]}",84.8528137423857,45,0,1,10,22562.712068691573
"{'type': 'Point', 'coordinates': [13.991260550161547, 12.059882689304576]}",450.99889135118724,295,0,0,30,6955.1049735493325
"{'type': 'Point', 'coordinates': [8.825947666474299, 8.286958496002585]}",256.3201123595259,178,0,0,40,13165.573962242852
"{'type': 'Point', 'coordinates': [13.901429021749594, 13.27260832286593]}",90.0,281,0,0,90,2754.2742800828387
"{'type': 'Point', 'coordinates': [6.894569805617327, 4.514034302700596]}",30.0,7,0,0,95,29137.88347990811
"{'type': 'Point', 'coordinates': [12.823450680806168, 10.083589064241629]}",450.0,522,0,0,40,11411.25219076981
"{'type': 'Point', 'coordinates': [3.4360559617571695, 9.185273780122108]}",284.60498941515414,373,0,0,40,11124.210784144409
"{'type': 'Point', 'coordinates': [7.478474740295016, 4.648781595318524]}",30.0,19,0,1,10,29869.35933497222
"{'type': 'Point', 'coordinates': [6.625075220381471, 6.131001814115734]}",67.0820393249937,36,0,1,10,17864.89070645324
"{'type': 'Point', 'coordinates': [2.9419825554914327, 7.298811683471112]}",152.97058540778355,90,0,1,20,11597.01037819346
"{'type': 'Point', 'coordinates': [10.936988584155173, 9.814094479005773]}",240.0,342,0,0,40,9789.587816871746
"{'type': 'Point', 'coordinates': [8.69120037385637, 8.197126967590634]}",228.47319317591726,150,0,1,40,12946.379158557549
"{'type': 'Point', 'coordinates': [3.9750451322288827, 8.062379674972705]}",134.1640786499874,306,0,1,40,11932.255485032463
"{'type': 'Point', 'coordinates': [3.615719018581074, 9.095442251710155]}",152.97058540778355,355,0,0,20,11460.494236842307
"{'type': 'Point', 'coordinates': [7.8378008539428246, 11.610725047244815]}",67.0820393249937,546,0,0,40,9522.142980185046
"{'type': 'Point', 'coordinates': [4.91827618055438, 6.041170285703782]}",30.0,8,0,1,10,24987.389082510024
"{'type': 'Point', 'coordinates': [11.88021963248067, 8.062379674972705]}",630.7138812488591,747,0,1,10,15382.656214922341
"{'type': 'Point', 'coordinates': [11.386146226214935, 7.7030535613248965]}",510.8815909777921,555,0,1,10,20258.367369541185
"{'type': 'Point', 'coordinates': [8.152211203384658, 5.412349586820117]}",60.0,122,0,1,10,28183.096152059734
"{'type': 'Point', 'coordinates': [8.736116138062346, 6.8047382772053755]}",432.6661530556787,69,0,0,40,15767.572202749298
"{'type': 'Point', 'coordinates': [6.8047382772053755, 7.20898015505916]}",60.0,145,0,1,10,12294.997890281655
"{'type': 'Point', 'coordinates': [3.7953820754049783, 11.296314697802982]}",161.55494421403512,226,0,1,20,11514.174024821863
"{'type': 'Point', 'coordinates': [14.260755135397403, 12.0149669250986]}",429.5346318982906,294,1,0,30,7364.609075830517
"{'type': 'Point', 'coordinates': [10.218336356859556, 8.511537317032467]}",60.0,105,1,0,40,11152.934644280876
"{'type': 'Point', 'coordinates': [4.109792424846811, 11.835303868274694]}",150.0,173,1,0,40,8857.879450358625
"{'type': 'Point', 'coordinates': [5.726759936261949, 11.835303868274694]}",391.15214431215895,378,0,0,40,9781.714525400797
"{'type': 'Point', 'coordinates': [6.445412163557567, 8.242042731796609]}",67.0820393249937,191,0,1,10,11896.452159799537
"{'type': 'Point', 'coordinates': [8.91577919488625, 8.825947666474299]}",123.69316876852982,195,0,1,20,13523.204980661729
"{'type': 'Point', 'coordinates': [11.20648316939103, 6.894569805617327]}",0.0,1608,0,1,30,19786.292159031815
"{'type': 'Point', 'coordinates': [11.610725047244815, 7.792885089736849]}",603.7383539249432,446,0,0,10,18639.781365523962
"{'type': 'Point', 'coordinates': [8.736116138062346, 5.322518058408165]}",313.20919526731655,151,0,0,10,28438.217396900058
"{'type': 'Point', 'coordinates': [10.75732552733127, 10.532746706301388]}",450.0,387,0,0,40,9254.187582339211
"{'type': 'Point', 'coordinates': [10.173420592653581, 10.487830942095414]}",212.13203435596427,523,0,0,20,9687.81525747797
"{'type': 'Point', 'coordinates': [4.738613123730476, 8.646284609650394]}",150.0,352,0,1,20,13136.621149482515
"{'type': 'Point', 'coordinates': [10.892072819949197, 7.119148626647208]}",212.13203435596427,649,0,1,10,22698.029870533122
"{'type': 'Point', 'coordinates': [11.970051160892623, 11.251398933597006]}",468.61498055439927,471,0,0,40,8398.598609582255
"{'type': 'Point', 'coordinates': [7.882716618148801, 5.816591464673902]}",67.0820393249937,38,0,0,10,19499.228111683304
"{'type': 'Point', 'coordinates': [9.005610723298203, 8.781031902268323]}",94.86832980505139,192,0,0,20,13595.358794427317
"{'type': 'Point', 'coordinates': [8.69120037385637, 10.397999413683461]}",283.0194339616981,777,0,0,40,13410.850433897693
"{'type': 'Point', 'coordinates': [12.104798453510552, 9.814094479005773]}",42.42640687119285,201,0,0,40,9313.150430594484
"{'type': 'Point', 'coordinates': [12.419208802952385, 9.49968412956394]}",90.0,177,0,0,40,9271.021563821458
"{'type': 'Point', 'coordinates': [3.750466311199002, 12.329377274540432]}",212.13203435596427,221,0,1,30,7956.503332307359
"{'type': 'Point', 'coordinates': [7.343727447677088, 6.714906748793423]}",296.98484809834997,405,0,1,10,14344.86991438401
"{'type': 'Point', 'coordinates': [5.097939237378284, 6.220833342527686]}",189.73665961010278,9,0,1,10,22435.87600408122
"{'type': 'Point', 'coordinates': [10.532746706301388, 8.781031902268323]}",30.0,139,0,0,40,11118.71071526354
"{'type': 'Point', 'coordinates': [9.679347186387844, 7.029317098235255]}",90.0,196,0,0,20,21660.75389898522
"{'type': 'Point', 'coordinates': [7.119148626647208, 5.457265351026093]}",276.5863337187866,95,0,1,10,23137.320210220492
"{'type': 'Point', 'coordinates': [4.289455481670715, 11.431061990420911]}",84.8528137423857,220,0,0,40,10174.14974427296
"{'type': 'Point', 'coordinates': [10.577662470507365, 10.98190434836115]}",424.26406871192853,429,0,1,20,8630.774415045677
"{'type': 'Point', 'coordinates': [12.688703388188241, 10.487830942095414]}",391.15214431215895,448,0,1,20,11046.734979607048
"{'type': 'Point', 'coordinates': [3.66063478278705, 7.613222032912945]}",361.2478373637689,181,0,1,10,13358.974449163317
"{'type': 'Point', 'coordinates': [13.901429021749594, 12.104798453510552]}",420.0,295,0,0,30,6875.638575011551
"{'type': 'Point', 'coordinates': [8.421705788620514, 9.544599893769915]}",174.92855684535903,816,0,1,30,14650.13388025503
"{'type': 'Point', 'coordinates': [7.792885089736849, 8.107295439178682]}",67.0820393249937,137,0,1,40,12551.618170332056
"{'type': 'Point', 'coordinates': [8.152211203384658, 9.275105308534059]}",256.3201123595259,497,0,1,20,15110.466051073161
"{'type': 'Point', 'coordinates': [10.083589064241629, 10.98190434836115]}",108.16653826391968,476,0,0,40,10074.455706123059
"{'type': 'Point', 'coordinates': [9.320021072740035, 9.230189544328082]}",256.3201123595259,828,0,0,20,10168.675509437067
"{'type': 'Point', 'coordinates': [5.861507228879877, 12.778534916600194]}",60.0,286,0,0,40,6985.392420598828
"{'type': 'Point', 'coordinates': [11.970051160892623, 9.320021072740035]}",134.1640786499874,206,0,0,40,9147.324092090344
"{'type': 'Point', 'coordinates': [7.20898015505916, 7.8378008539428246]}",67.0820393249937,190,0,1,10,14031.92688907194
"{'type': 'Point', 'coordinates': [8.646284609650394, 11.116651640979079]}",134.1640786499874,563,0,1,20,11018.446967455558
"{'type': 'Point', 'coordinates': [4.334371245876691, 10.083589064241629]}",90.0,214,0,0,20,12658.671213251597
"{'type': 'Point', 'coordinates': [10.936988584155173, 11.161567405185055]}",402.49223594996215,367,0,1,40,8063.246566549293
"{'type': 'Point', 'coordinates': [6.445412163557567, 5.3674338226141405]}",30.0,25,0,0,10,27040.207575033623
"{'type': 'Point', 'coordinates': [3.3911401975511937, 9.49968412956394]}",424.26406871192853,389,0,1,20,12071.498538810052
"{'type': 'Point', 'coordinates': [9.72426295059382, 10.442915177889438]}",90.0,585,0,0,30,11824.78679375138
"{'type': 'Point', 'coordinates': [3.3013086691392415, 8.421705788620514]}",182.48287590894657,313,0,1,20,11743.515647111122
"{'type': 'Point', 'coordinates': [5.592012643644021, 8.331874260208561]}",90.0,277,0,1,20,13615.334055166371
"{'type': 'Point', 'coordinates': [13.407355615483858, 13.676850200719715]}",150.0,279,0,0,20,2922.9127846446995
"{'type': 'Point', 'coordinates': [12.868366445012144, 9.275105308534059]}",67.0820393249937,184,0,0,40,9823.13880573865
"{'type': 'Point', 'coordinates': [7.613222032912945, 4.648781595318524]}",60.0,24,0,1,10,28603.600714650936
"{'type': 'Point', 'coordinates': [4.648781595318524, 11.655640811450791]}",342.05262752974136,205,0,0,40,9563.373350725982
"{'type': 'Point', 'coordinates': [4.064876660640834, 7.388643211883064]}",466.6904755831213,203,0,1,10,14903.747668400407
"{'type': 'Point', 'coordinates': [11.341230462008959, 7.65813779711892]}",509.1168824543142,575,0,1,10,20108.253045076737
"{'type': 'Point', 'coordinates': [10.84715705574322, 8.556453081238441]}",241.86773244895647,167,0,1,40,12250.347764357486
"{'type': 'Point', 'coordinates': [5.726759936261949, 10.936988584155173]}",313.20919526731655,446,0,0,40,11803.520020158285
"{'type': 'Point', 'coordinates': [4.738613123730476, 8.286958496002585]}",60.0,392,0,0,20,13950.968005413517
"{'type': 'Point', 'coordinates': [3.66063478278705, 6.939485569823304]}",210.0,110,0,1,10,15003.56032721011
"{'type': 'Point', 'coordinates': [6.5352436919695185, 5.008107708966333]}",60.0,16,0,1,10,28483.77234120667
"{'type': 'Point', 'coordinates': [8.736116138062346, 6.714906748793423]}",402.49223594996215,101,0,0,20,15481.914106100947
"{'type': 'Point', 'coordinates': [8.825947666474299, 6.220833342527686]}",241.86773244895647,125,0,1,10,22487.000914817098
"{'type': 'Point', 'coordinates': [6.984401334029279, 11.610725047244815]}",94.86832980505139,627,0,0,30,9789.116367054638
"{'type': 'Point', 'coordinates': [7.074232862441232, 11.970051160892623]}",247.38633753705963,508,0,0,40,8710.36925328544
"{'type': 'Point', 'coordinates': [10.128504828447605, 7.298811683471112]}",67.0820393249937,214,0,1,40,21270.624843614874
"{'type': 'Point', 'coordinates': [3.3462244333452174, 7.792885089736849]}",323.10988842807024,170,0,0,20,11925.03598810971
"{'type': 'Point', 'coordinates': [8.69120037385637, 7.747969325530873]}",30.0,78,1,1,40,11621.576984782489
"{'type': 'Point', 'coordinates': [7.927632382354777, 5.502181115232069]}",42.42640687119285,41,0,1,10,24928.38392001018
"{'type': 'Point', 'coordinates': [8.91577919488625, 9.005610723298203]}",241.86773244895647,611,0,0,10,13560.372559116578
"{'type': 'Point', 'coordinates': [7.253895919265136, 6.6699909845874465]}",283.0194339616981,214,0,1,10,15277.133380609564
"{'type': 'Point', 'coordinates': [6.580159456175495, 9.230189544328082]}",30.0,221,0,0,40,11397.493585781205
"{'type': 'Point', 'coordinates': [8.197126967590634, 10.936988584155173]}",134.1640786499874,661,0,0,40,11607.640836635605
"{'type': 'Point', 'coordinates': [3.615719018581074, 11.296314697802982]}",201.24611797498108,226,0,0,20,10878.013876868175
"{'type': 'Point', 'coordinates': [5.008107708966333, 7.523390504500992]}",323.10988842807024,452,0,1,10,15176.824121183221
"{'type': 'Point', 'coordinates': [3.4360559617571695, 7.343727447677088]}",134.1640786499874,91,0,1,20,12147.596139535046
"{'type': 'Point', 'coordinates': [2.986898319697409, 7.164064390853183]}",161.55494421403512,83,0,0,20,11793.396783186618
"{'type': 'Point', 'coordinates': [6.6699909845874465, 8.601368845444417]}",150.0,199,0,0,10,11485.02321710925
"{'type': 'Point', 'coordinates': [9.49968412956394, 10.936988584155173]}",258.0697580112788,506,0,0,40,10807.287177693273
"{'type': 'Point', 'coordinates': [6.220833342527686, 5.95133875729183]}",276.5863337187866,48,0,0,30,19576.06611677725
"{'type': 'Point', 'coordinates': [8.152211203384658, 10.173420592653581]}",161.55494421403512,727,0,1,20,13079.928867814306
"{'type': 'Point', 'coordinates': [9.859010243211747, 8.870863430680274]}",189.73665961010278,181,0,0,40,11050.05233659844
"{'type': 'Point', 'coordinates': [8.556453081238441, 4.873360416348404]}",30.0,25,0,1,10,30297.262932918966
"{'type': 'Point', 'coordinates': [10.487830942095414, 10.98190434836115]}",364.96575181789314,517,0,1,20,8825.87128697112
"{'type': 'Point', 'coordinates': [4.019960896434859, 9.095442251710155]}",123.69316876852982,331,0,0,20,11301.311506891507
"{'type': 'Point', 'coordinates': [5.457265351026093, 6.759822512999399]}",510.0,98,0,1,10,17527.549080390483
"{'type': 'Point', 'coordinates': [4.4691185384946195, 6.490327927763542]}",94.86832980505139,22,0,1,30,18977.297477692366
"{'type': 'Point', 'coordinates': [3.9301293680229064, 11.655640811450791]}",84.8528137423857,170,0,0,40,9041.918485660077
"{'type': 'Point', 'coordinates': [6.490327927763542, 9.903926007417724]}",0.0,219,0,0,20,12312.060400586814
"{'type': 'Point', 'coordinates': [2.7623194986675284, 8.825947666474299]}",400.24992192379,280,0,1,20,12616.742011434748
"{'type': 'Point', 'coordinates': [13.94634478595557, 12.91328220921812]}",0.0,283,1,0,90,3947.013824221014
"{'type': 'Point', 'coordinates': [7.747969325530873, 7.164064390853183]}",513.5172830587107,230,0,0,10,13226.10135476105
"{'type': 'Point', 'coordinates': [11.475977754626888, 9.454768365357964]}",30.0,153,0,0,40,8990.744517773725
"{'type': 'Point', 'coordinates': [7.7030535613248965, 10.353083649477485]}",42.42640687119285,684,0,1,40,12747.056004924922
"{'type': 'Point', 'coordinates': [3.705550546993026, 6.939485569823304]}",210.0,122,0,1,10,15479.676664471786
"{'type': 'Point', 'coordinates': [4.558950066906571, 7.119148626647208]}",450.0,183,0,1,10,17439.233056424186
"{'type': 'Point', 'coordinates': [11.251398933597006, 8.646284609650394]}",296.98484809834997,218,0,0,40,13910.88253936047
"{'type': 'Point', 'coordinates': [5.547096879438045, 10.038673300035653]}",268.3281572999748,284,0,0,40,12988.142968100521
"{'type': 'Point', 'coordinates': [7.119148626647208, 8.286958496002585]}",189.73665961010278,243,0,1,10,12054.056137407224
"{'type': 'Point', 'coordinates': [12.868366445012144, 11.431061990420911]}",300.0,364,0,1,20,8869.195640842272
"{'type': 'Point', 'coordinates': [4.4691185384946195, 6.714906748793423]}",228.47319317591726,70,0,0,10,19778.113149918907
"{'type': 'Point', 'coordinates': [11.565809283038838, 9.589515657975891]}",94.86832980505139,229,0,0,40,9356.743274428589
"{'type': 'Point', 'coordinates': [12.778534916600194, 10.577662470507365]}",450.99889135118724,451,0,0,30,10505.076665053748
"{'type': 'Point', 'coordinates': [6.355580635145614, 10.84715705574322]}",429.5346318982906,466,0,0,20,12503.76891120278
"{'type': 'Point', 'coordinates': [14.260755135397403, 12.374293038746409]}",271.66155414412253,289,0,0,30,7021.673568950861
"{'type': 'Point', 'coordinates': [9.679347186387844, 8.331874260208561]}",94.86832980505139,138,0,0,40,10623.470662482126
"{'type': 'Point', 'coordinates': [7.029317098235255, 10.802241291537246]}",212.13203435596427,669,0,1,20,12383.408687979914
"{'type': 'Point', 'coordinates': [8.242042731796609, 8.781031902268323]}",271.66155414412253,258,0,1,20,14941.992077316885
"{'type': 'Point', 'coordinates': [12.643787623982265, 10.667493998919317]}",371.0795063055894,415,0,0,30,10202.120747625499
"{'type': 'Point', 'coordinates': [10.487830942095414, 7.747969325530873]}",228.47319317591726,174,0,1,40,16387.8376071493
"{'type': 'Point', 'coordinates': [5.412349586820117, 5.7716757004679256]}",30.0,10,0,0,95,27937.752369321883
"{'type': 'Point', 'coordinates': [8.242042731796609, 9.544599893769915]}",152.97058540778355,675,0,1,20,16009.903489583883
"{'type': 'Point', 'coordinates': [9.230189544328082, 10.038673300035653]}",201.24611797498108,851,0,0,20,12632.975451484297
"{'type': 'Point', 'coordinates': [2.9419825554914327, 7.43355897608904]}",161.55494421403512,184,0,0,20,12092.289992422186
"{'type': 'Point', 'coordinates': [10.712409763125294, 8.331874260208561]}",108.16653826391968,213,0,1,40,13545.261880702488
"{'type': 'Point', 'coordinates': [7.20898015505916, 7.568306268706968]}",241.86773244895647,386,0,1,10,13076.367975718225
"{'type': 'Point', 'coordinates': [3.4360559617571695, 6.8047382772053755]}",123.69316876852982,17,0,0,50,15724.345734432634
"{'type': 'Point', 'coordinates': [10.892072819949197, 9.050526487504179]}",30.0,128,0,0,40,10107.204772683155
"{'type': 'Point', 'coordinates': [10.577662470507365, 10.173420592653581]}",502.8916384272063,334,0,0,40,9142.44925025804
"{'type': 'Point', 'coordinates': [6.490327927763542, 6.625075220381471]}",90.0,126,0,1,10,15975.969636824913
"{'type': 'Point', 'coordinates': [10.487830942095414, 10.038673300035653]}",483.73546489791295,338,0,0,20,9928.452303369297
"{'type': 'Point', 'coordinates': [12.149714217716529, 9.72426295059382]}",67.0820393249937,195,0,0,20,9128.424393402494
"{'type': 'Point', 'coordinates': [7.298811683471112, 9.814094479005773]}",169.7056274847714,497,0,0,20,15126.799119227557
"{'type': 'Point', 'coordinates': [7.119148626647208, 6.5352436919695185]}",161.55494421403512,71,0,1,10,16371.972977573983
"{'type': 'Point', 'coordinates': [6.625075220381471, 11.341230462008959]}",218.40329667841553,524,0,0,20,10973.184046112834
"{'type': 'Point', 'coordinates': [10.75732552733127, 8.376790024414538]}",123.69316876852982,224,0,1,40,13466.770704577222
"{'type': 'Point', 'coordinates': [7.478474740295016, 5.816591464673902]}",331.36083051561786,93,0,1,10,21998.217201757012
"{'type': 'Point', 'coordinates': [12.958197973424097, 10.892072819949197]}",569.2099788303083,466,0,0,30,10212.998114146902
"{'type': 'Point', 'coordinates': [4.154708189052787, 9.49968412956394]}",270.0,358,0,1,40,12253.937346127004
"{'type': 'Point', 'coordinates': [3.2114771407272893, 9.364936836946011]}",458.91175622335066,383,0,1,20,12031.722746862808
"{'type': 'Point', 'coordinates': [8.601368845444417, 9.49968412956394]}",108.16653826391968,704,0,1,30,12669.502562822247
"{'type': 'Point', 'coordinates': [11.88021963248067, 11.745472339862744]}",730.5477397131552,402,0,0,40,7754.507949792897
"{'type': 'Point', 'coordinates': [6.5352436919695185, 6.265749106733662]}",120.0,209,0,0,10,18033.573464686982
"{'type': 'Point', 'coordinates': [6.580159456175495, 4.558950066906571]}",30.0,9,0,0,95,26280.33683526516
"{'type': 'Point', 'coordinates': [12.91328220921812, 9.320021072740035]}",30.0,172,1,1,40,9852.03375072313
"{'type': 'Point', 'coordinates': [6.759822512999399, 10.308167885271509]}",127.27922061357854,364,0,1,20,12638.995164664837
"{'type': 'Point', 'coordinates': [8.376790024414538, 5.097939237378284]}",67.0820393249937,22,0,0,10,27393.407899081707
"{'type': 'Point', 'coordinates': [10.936988584155173, 6.894569805617327]}",180.0,1279,0,1,30,21514.01899259315
"{'type': 'Point', 'coordinates': [5.906422993085854, 9.005610723298203]}",60.0,124,0,0,40,11745.921258329556
"{'type': 'Point', 'coordinates': [7.65813779711892, 9.544599893769915]}",67.0820393249937,600,0,1,20,15709.370741139066
"{'type': 'Point', 'coordinates': [6.265749106733662, 8.331874260208561]}",150.0,217,0,1,20,12873.411286241271
"{'type': 'Point', 'coordinates': [10.083589064241629, 9.814094479005773]}",417.85164831552356,576,0,0,20,10862.825614254398
"{'type': 'Point', 'coordinates': [12.419208802952385, 11.475977754626888]}",560.4462507680821,402,0,0,30,8869.303124332047
"{'type': 'Point', 'coordinates': [4.783528887936452, 10.397999413683461]}",90.0,237,0,1,40,11563.49133650675
"{'type': 'Point', 'coordinates': [10.173420592653581, 9.679347186387844]}",450.0,336,0,0,40,10900.873456230673
"{'type': 'Point', 'coordinates': [7.074232862441232, 5.996254521497805]}",218.40329667841553,310,0,0,10,19644.627784765325
"{'type': 'Point', 'coordinates': [11.610725047244815, 7.029317098235255]}",254.5584412271571,1015,0,1,30,19093.18063575402
"{'type': 'Point', 'coordinates': [10.622578234713341, 8.062379674972705]}",150.0,186,0,1,20,14206.0205410613
"{'type': 'Point', 'coordinates': [9.859010243211747, 7.074232862441232]}",150.0,311,0,1,20,21381.272335639456
"{'type': 'Point', 'coordinates': [11.835303868274694, 7.927632382354777]}",699.7142273814361,478,0,1,20,15711.173284004719
"{'type': 'Point', 'coordinates': [9.903926007417724, 8.421705788620514]}",84.8528137423857,115,0,0,20,10954.824273645514
"{'type': 'Point', 'coordinates': [5.726759936261949, 10.487830942095414]}",247.38633753705963,394,0,0,20,12580.248922879484
"{'type': 'Point', 'coordinates': [10.98190434836115, 11.071735876773102]}",432.6661530556787,319,0,0,40,8039.367525933543
"{'type': 'Point', 'coordinates': [4.91827618055438, 6.40049639935159]}",201.24611797498108,26,0,1,10,20547.670788313262
"{'type': 'Point', 'coordinates': [3.705550546993026, 9.634431422181867]}",400.24992192379,302,0,1,20,12283.80912689997
"{'type': 'Point', 'coordinates': [12.23954574612848, 11.116651640979079]}",400.24992192379,515,0,0,30,9130.477433129337
"{'type': 'Point', 'coordinates': [8.511537317032467, 5.232686529996212]}",192.09372712298546,113,0,1,10,28389.47790874322
"{'type': 'Point', 'coordinates': [6.984401334029279, 5.3674338226141405]}",268.3281572999748,51,0,1,10,22027.825713500686
"{'type': 'Point', 'coordinates': [5.008107708966333, 6.6699909845874465]}",381.8376618407357,62,0,1,10,18791.5430505462
"{'type': 'Point', 'coordinates': [5.7716757004679256, 4.558950066906571]}",30.0,8,0,0,95,32617.57787256688
"{'type': 'Point', 'coordinates': [7.029317098235255, 4.693697359524499]}",0.0,5,0,0,95,28623.06043703854
"{'type': 'Point', 'coordinates': [9.634431422181867, 9.050526487504179]}",108.16653826391968,313,0,0,40,11443.458131516745
"{'type': 'Point', 'coordinates': [10.622578234713341, 12.598871859776288]}",212.13203435596427,349,0,1,40,5022.909709728334
"{'type': 'Point', 'coordinates': [8.242042731796609, 12.104798453510552]}",67.0820393249937,494,0,0,40,9024.039345510137
"{'type': 'Point', 'coordinates': [7.43355897608904, 10.667493998919317]}",30.0,652,0,1,40,11677.19289345559
"{'type': 'Point', 'coordinates': [4.019960896434859, 11.116651640979079]}",150.0,242,0,0,40,11368.347523380471
"{'type': 'Point', 'coordinates': [9.095442251710155, 9.49968412956394]}",60.0,1150,0,0,40,12095.429689722074
"{'type': 'Point', 'coordinates': [7.388643211883064, 7.972548146560753]}",42.42640687119285,128,0,1,20,12150.530259639263
"{'type': 'Point', 'coordinates': [11.88021963248067, 8.825947666474299]}",390.0,523,0,0,40,13021.24444561907
"{'type': 'Point', 'coordinates': [8.960694959092226, 7.65813779711892]}",60.0,109,1,0,40,11921.997810414812
"{'type': 'Point', 'coordinates': [10.712409763125294, 11.071735876773102]}",421.07006542854594,386,0,0,40,8501.789553780458
"{'type': 'Point', 'coordinates': [10.98190434836115, 8.511537317032467]}",241.86773244895647,227,0,0,40,13400.841481773732
"{'type': 'Point', 'coordinates': [6.625075220381471, 7.8378008539428246]}",90.0,128,0,0,20,11442.667361243395
"{'type': 'Point', 'coordinates': [8.107295439178682, 5.322518058408165]}",30.0,18,0,1,10,26985.938914746046
"{'type': 'Point', 'coordinates': [5.816591464673902, 8.91577919488625]}",30.0,90,0,0,40,11355.988349797524
"{'type': 'Point', 'coordinates': [3.256392904933265, 6.580159456175495]}",90.0,30,0,0,50,15017.638774102219
"{'type': 'Point', 'coordinates': [6.759822512999399, 6.849654041411351]}",67.0820393249937,31,0,0,30,14621.92793424055
"{'type': 'Point', 'coordinates': [6.40049639935159, 7.523390504500992]}",123.69316876852982,245,0,1,20,12712.736009398359
"{'type': 'Point', 'coordinates': [7.8378008539428246, 6.625075220381471]}",192.09372712298546,98,0,0,20,16527.329288721085
"{'type': 'Point', 'coordinates': [11.79038810406872, 9.364936836946011]}",60.0,201,0,0,30,8909.339983099337
"{'type': 'Point', 'coordinates': [8.331874260208561, 8.69120037385637]}",212.13203435596427,185,0,0,40,14333.206202455582
"{'type': 'Point', 'coordinates': [5.053023473172308, 12.059882689304576]}",84.8528137423857,237,0,0,40,8304.093708016326
"{'type': 'Point', 'coordinates': [6.265749106733662, 9.005610723298203]}",180.0,120,0,0,40,11202.16037705033
"{'type': 'Point', 'coordinates': [2.8521510270794805, 7.074232862441232]}",268.3281572999748,46,0,0,30,11874.845621065277
"{'type': 'Point', 'coordinates': [6.759822512999399, 7.029317098235255]}",42.42640687119285,33,0,0,40,13908.686140420265
"{'type': 'Point', 'coordinates': [5.996254521497805, 8.91577919488625]}",90.0,104,0,0,40,11516.428195495653
"{'type': 'Point', 'coordinates': [7.388643211883064, 6.894569805617327]}",375.89892258425004,363,0,0,10,14176.019022801462
"{'type': 'Point', 'coordinates': [6.086086049909758, 5.3674338226141405]}",108.16653826391968,14,0,1,10,24822.23467027936
"{'type': 'Point', 'coordinates': [8.062379674972705, 4.738613123730476]}",108.16653826391968,37,0,1,10,27133.30710400571
"{'type': 'Point', 'coordinates': [8.017463910766729, 9.634431422181867]}",0.0,730,0,0,40,15567.029526159082
"{'type': 'Point', 'coordinates': [13.452271379689835, 10.622578234713341]}",361.2478373637689,590,0,1,40,10530.489290247755
"{'type': 'Point', 'coordinates': [5.681844172055973, 9.544599893769915]}",134.1640786499874,162,0,0,40,11741.054261086852
"{'type': 'Point', 'coordinates': [3.9750451322288827, 7.927632382354777]}",192.09372712298546,308,0,0,40,11686.993175456504
"{'type': 'Point', 'coordinates': [6.310664870939639, 5.861507228879877]}",210.0,39,0,0,10,22379.364972304553
"{'type': 'Point', 'coordinates': [8.960694959092226, 8.781031902268323]}",90.0,177,0,1,20,13429.099547308011
"{'type': 'Point', 'coordinates': [7.882716618148801, 7.074232862441232]}",474.3416490252569,170,0,0,20,13235.768860388547
"{'type': 'Point', 'coordinates': [7.119148626647208, 5.592012643644021]}",228.47319317591726,156,0,1,10,22608.928396170148
"{'type': 'Point', 'coordinates': [6.580159456175495, 7.388643211883064]}",67.0820393249937,229,0,1,10,13755.466435466427
"{'type': 'Point', 'coordinates': [11.565809283038838, 9.050526487504179]}",212.13203435596427,337,0,0,40,10707.707629913539
"{'type': 'Point', 'coordinates': [7.927632382354777, 10.667493998919317]}",123.69316876852982,651,0,1,40,12639.591704089693
"{'type': 'Point', 'coordinates': [14.0810920785735, 12.419208802952385]}",228.47319317591726,287,0,0,30,7245.298593031728
"{'type': 'Point', 'coordinates': [7.8378008539428246, 5.187770765790236]}",90.0,66,0,1,10,23817.224744413048
"{'type': 'Point', 'coordinates': [4.334371245876691, 8.286958496002585]}",108.16653826391968,394,0,1,20,12861.64742670514
"{'type': 'Point', 'coordinates': [3.8852136038169305, 11.296314697802982]}",134.1640786499874,181,0,1,20,11444.157534993064
"{'type': 'Point', 'coordinates': [4.289455481670715, 9.814094479005773]}",182.48287590894657,218,0,0,30,12621.948621599557
"{'type': 'Point', 'coordinates': [5.053023473172308, 12.0149669250986]}",108.16653826391968,236,0,1,40,8620.223958644985
"{'type': 'Point', 'coordinates': [4.1996239532587625, 9.050526487504179]}",240.0,419,0,1,20,11095.974908571108
"{'type': 'Point', 'coordinates': [6.490327927763542, 11.20648316939103]}",301.4962686336267,475,0,0,40,11231.170928891966
"{'type': 'Point', 'coordinates': [6.490327927763542, 4.4691185384946195]}",0.0,7,0,0,95,26564.152664512396
"{'type': 'Point', 'coordinates': [2.7623194986675284, 7.298811683471112]}",212.13203435596427,102,0,0,30,11180.049257188935
"{'type': 'Point', 'coordinates': [3.166561376521313, 6.625075220381471]}",94.86832980505139,29,0,1,10,15826.250556484243
"{'type': 'Point', 'coordinates': [5.861507228879877, 11.835303868274694]}",469.5742752749559,428,0,0,40,9679.03986358163
"{'type': 'Point', 'coordinates': [11.431061990420911, 6.849654041411351]}",84.8528137423857,1493,0,0,30,19053.103089700548
"{'type': 'Point', 'coordinates': [4.289455481670715, 11.296314697802982]}",42.42640687119285,156,0,0,40,10740.931892374861
"{'type': 'Point', 'coordinates': [4.379287010082667, 7.119148626647208]}",390.0,130,0,1,10,17479.758763464168
"{'type': 'Point', 'coordinates': [7.164064390853183, 6.40049639935159]}",182.48287590894657,44,0,1,10,16790.81768895872
"{'type': 'Point', 'coordinates': [7.253895919265136, 5.547096879438045]}",323.10988842807024,156,0,1,10,21731.996297305115
"{'type': 'Point', 'coordinates': [5.097939237378284, 10.442915177889438]}",108.16653826391968,308,0,1,40,11569.606493034178
"{'type': 'Point', 'coordinates': [11.431061990420911, 7.882716618148801]}",469.5742752749559,295,0,1,10,17137.76154976464
"{'type': 'Point', 'coordinates': [14.126007842779476, 12.104798453510552]}",436.80659335683106,292,0,0,30,7116.829977768157
"{'type': 'Point', 'coordinates': [9.140358015916132, 6.40049639935159]}",445.9820624195552,166,0,1,10,21624.729951563546
"{'type': 'Point', 'coordinates': [12.194629981922503, 9.364936836946011]}",108.16653826391968,208,0,0,40,9338.80543294354
"{'type': 'Point', 'coordinates': [14.440418192221308, 12.059882689304576]}",305.9411708155671,295,0,0,30,6569.476580476036
"{'type': 'Point', 'coordinates': [8.197126967590634, 5.592012643644021]}",120.0,135,0,1,10,26198.904980547726
"{'type': 'Point', 'coordinates': [7.568306268706968, 6.17591757832171]}",161.55494421403512,95,0,0,10,18789.97099398449
"{'type': 'Point', 'coordinates': [10.353083649477485, 11.341230462008959]}",305.9411708155671,448,0,0,40,8157.666695431333
"{'type': 'Point', 'coordinates': [7.972548146560753, 6.40049639935159]}",210.0,104,0,0,40,17669.58717091009
"{'type': 'Point', 'coordinates': [11.161567405185055, 9.589515657975891]}",174.92855684535903,439,0,1,40,10355.347072911267
"{'type': 'Point', 'coordinates': [5.322518058408165, 7.298811683471112]}",458.91175622335066,336,0,1,10,15490.481603579596
"{'type': 'Point', 'coordinates': [10.218336356859556, 8.242042731796609]}",120.0,149,0,0,20,11841.128514226848
"{'type': 'Point', 'coordinates': [9.050526487504179, 9.9488417716237]}",67.0820393249937,1237,0,0,10,12608.329235725103
"{'type': 'Point', 'coordinates': [9.230189544328082, 9.72426295059382]}",182.48287590894657,985,0,0,30,12114.243878800944
"{'type': 'Point', 'coordinates': [5.457265351026093, 10.802241291537246]}",216.33307652783935,289,0,0,40,11910.24333878348
"{'type': 'Point', 'coordinates': [10.218336356859556, 8.646284609650394]}",30.0,121,0,0,40,11148.095740052386
"{'type': 'Point', 'coordinates': [5.906422993085854, 8.331874260208561]}",192.09372712298546,225,0,1,20,12719.937094300127
"{'type': 'Point', 'coordinates': [8.242042731796609, 4.648781595318524]}",42.42640687119285,15,0,0,95,31994.562972806394
"{'type': 'Point', 'coordinates': [6.6699909845874465, 13.137861030248002]}",192.09372712298546,398,0,0,30,6291.643812225361
"{'type': 'Point', 'coordinates': [11.386146226214935, 9.230189544328082]}",42.42640687119285,143,0,0,40,9115.934277509103
"{'type': 'Point', 'coordinates': [9.275105308534059, 9.49968412956394]}",180.0,1121,0,1,40,11801.26436030678
"{'type': 'Point', 'coordinates': [8.107295439178682, 5.726759936261949]}",67.0820393249937,41,0,1,10,22857.24903647244
"{'type': 'Point', 'coordinates': [9.275105308534059, 8.286958496002585]}",189.73665961010278,115,0,1,40,11704.562223524408
"{'type': 'Point', 'coordinates': [12.778534916600194, 11.386146226214935]}",366.1966684720111,378,0,0,30,8878.040876617833
"{'type': 'Point', 'coordinates': [4.873360416348404, 12.284461510334456]}",108.16653826391968,277,0,0,40,7254.930275393363
"{'type': 'Point', 'coordinates': [6.220833342527686, 6.625075220381471]}",270.0,253,0,1,10,17096.200692518265
"{'type': 'Point', 'coordinates': [4.4691185384946195, 11.161567405185055]}",0.0,146,1,0,40,10428.608022505838
"{'type': 'Point', 'coordinates': [5.3674338226141405, 10.667493998919317]}",152.97058540778355,317,0,0,40,11697.435055824475
"{'type': 'Point', 'coordinates': [5.861507228879877, 6.714906748793423]}",510.0,204,0,0,10,16800.700628357008
"{'type': 'Point', 'coordinates': [6.5352436919695185, 5.996254521497805]}",108.16653826391968,27,0,1,10,19075.938169676225
"{'type': 'Point', 'coordinates': [4.6038658311125475, 8.107295439178682]}",108.16653826391968,405,0,1,30,13257.169876199783
"{'type': 'Point', 'coordinates': [12.464124567158361, 9.679347186387844]}",169.7056274847714,284,0,0,40,9703.060204531717
"{'type': 'Point', 'coordinates': [9.9488417716237, 6.939485569823304]}",152.97058540778355,505,0,1,10,24174.28922170398
"{'type': 'Point', 'coordinates': [9.49968412956394, 9.364936836946011]}",234.30749027719963,902,0,0,30,11361.568206799315
"{'type': 'Point', 'coordinates': [6.5352436919695185, 10.98190434836115]}",284.60498941515414,498,0,0,20,11736.121323167708
